-- phpMyAdmin SQL Dump
-- version 4.8.3
-- https://www.phpmyadmin.net/
--
-- Host: 127.0.0.1:3306
-- Generation Time: Feb 26, 2020 at 09:35 AM
-- Server version: 5.7.23
-- PHP Version: 7.0.32

SET SQL_MODE = "NO_AUTO_VALUE_ON_ZERO";
SET AUTOCOMMIT = 0;
START TRANSACTION;
SET time_zone = "+00:00";


/*!40101 SET @OLD_CHARACTER_SET_CLIENT=@@CHARACTER_SET_CLIENT */;
/*!40101 SET @OLD_CHARACTER_SET_RESULTS=@@CHARACTER_SET_RESULTS */;
/*!40101 SET @OLD_COLLATION_CONNECTION=@@COLLATION_CONNECTION */;
/*!40101 SET NAMES utf8mb4 */;

--
-- Database: `borey_db`
--

-- --------------------------------------------------------

--
-- Table structure for table `tbl_branch`
--

DROP TABLE IF EXISTS `tbl_branch`;
CREATE TABLE IF NOT EXISTS `tbl_branch` (
  `bra_id` int(11) NOT NULL AUTO_INCREMENT,
  `bra_nm` varchar(30) COLLATE utf8_unicode_ci NOT NULL,
  `bra_phone1` varchar(15) COLLATE utf8_unicode_ci DEFAULT NULL,
  `bra_phone2` varchar(15) COLLATE utf8_unicode_ci DEFAULT NULL,
  `bra_email` varchar(50) COLLATE utf8_unicode_ci DEFAULT NULL,
  `bra_addr` text COLLATE utf8_unicode_ci,
  `bra_des` text COLLATE utf8_unicode_ci,
  `regDt` datetime DEFAULT NULL,
  `upDt` datetime DEFAULT NULL,
  `useYn` varchar(1) COLLATE utf8_unicode_ci NOT NULL,
  `regUsr` int(11) NOT NULL,
  `upUsr` int(11) NOT NULL,
  `bra_type_id` int(11) NOT NULL,
  `com_id` int(11) NOT NULL,
  `bra_nm_kh` varchar(50) COLLATE utf8_unicode_ci DEFAULT NULL,
  PRIMARY KEY (`bra_id`)
) ENGINE=InnoDB AUTO_INCREMENT=2 DEFAULT CHARSET=utf8 COLLATE=utf8_unicode_ci;

--
-- Dumping data for table `tbl_branch`
--

INSERT INTO `tbl_branch` (`bra_id`, `bra_nm`, `bra_phone1`, `bra_phone2`, `bra_email`, `bra_addr`, `bra_des`, `regDt`, `upDt`, `useYn`, `regUsr`, `upUsr`, `bra_type_id`, `com_id`, `bra_nm_kh`) VALUES
(1, 'Galaxy11', '017661122', '09866112', 'galaxy-11@gmail.com', 'Phnom Penh', '', '2019-09-13 02:54:34', '2019-10-14 13:12:42', 'Y', 2, 3, 2, 1, 'ហ្គាឡាក់ស៊ី១១');

-- --------------------------------------------------------

--
-- Table structure for table `tbl_branch_type`
--

DROP TABLE IF EXISTS `tbl_branch_type`;
CREATE TABLE IF NOT EXISTS `tbl_branch_type` (
  `bra_type_id` int(11) NOT NULL AUTO_INCREMENT,
  `bra_nm` varchar(30) COLLATE utf8_unicode_ci DEFAULT NULL,
  `bra_des` text COLLATE utf8_unicode_ci,
  `regDt` datetime DEFAULT NULL,
  `upDt` datetime DEFAULT NULL,
  `useYn` varchar(1) COLLATE utf8_unicode_ci DEFAULT NULL,
  `regUsr` int(11) DEFAULT NULL,
  `upUsr` int(11) DEFAULT NULL,
  `com_id` int(11) DEFAULT NULL,
  `bra_nm_kh` varchar(30) COLLATE utf8_unicode_ci DEFAULT NULL,
  PRIMARY KEY (`bra_type_id`)
) ENGINE=InnoDB AUTO_INCREMENT=3 DEFAULT CHARSET=utf8 COLLATE=utf8_unicode_ci;

--
-- Dumping data for table `tbl_branch_type`
--

INSERT INTO `tbl_branch_type` (`bra_type_id`, `bra_nm`, `bra_des`, `regDt`, `upDt`, `useYn`, `regUsr`, `upUsr`, `com_id`, `bra_nm_kh`) VALUES
(1, 'Sub branch', NULL, '2018-08-24 03:58:01', NULL, NULL, NULL, NULL, NULL, 'អនុសាខា'),
(2, 'Head branch', NULL, '2018-08-24 03:57:37', NULL, NULL, NULL, NULL, NULL, 'សាខាធំ');

-- --------------------------------------------------------

--
-- Table structure for table `tbl_category`
--

DROP TABLE IF EXISTS `tbl_category`;
CREATE TABLE IF NOT EXISTS `tbl_category` (
  `cat_id` int(11) NOT NULL AUTO_INCREMENT,
  `cat_nm` varchar(30) COLLATE utf8_unicode_ci NOT NULL,
  `cat_nm_kh` varchar(50) COLLATE utf8_unicode_ci DEFAULT NULL,
  `cat_des` text COLLATE utf8_unicode_ci,
  `regDt` datetime DEFAULT NULL,
  `upDt` datetime DEFAULT NULL,
  `useYn` varchar(1) COLLATE utf8_unicode_ci NOT NULL,
  `upUsr` int(11) NOT NULL,
  `regUsr` int(11) NOT NULL,
  `com_id` int(11) NOT NULL,
  `cat_photo` text COLLATE utf8_unicode_ci,
  PRIMARY KEY (`cat_id`)
) ENGINE=InnoDB AUTO_INCREMENT=6 DEFAULT CHARSET=utf8 COLLATE=utf8_unicode_ci;

--
-- Dumping data for table `tbl_category`
--

INSERT INTO `tbl_category` (`cat_id`, `cat_nm`, `cat_nm_kh`, `cat_des`, `regDt`, `upDt`, `useYn`, `upUsr`, `regUsr`, `com_id`, `cat_photo`) VALUES
(1, 'Villa', 'វីឡាទោល', '', '2019-09-13 02:55:02', '2019-10-25 14:22:28', 'Y', 3, 2, 1, '/stock/category/2019-10-25-14-22-28_1_3.jpg'),
(2, 'Villa Hybrid', 'វីឡាកូនកាត់', '', '2019-09-13 02:55:07', '2019-09-17 14:57:05', 'N', 3, 2, 1, ''),
(3, 'Shop House', 'ផ្ទះអាជីវកម្ម', '', '2019-09-17 14:54:22', '2019-10-25 14:22:52', 'Y', 3, 3, 1, '/stock/category/2019-10-25-14-22-52_1_3.jpg'),
(4, 'Villa Prince', 'វីឡាព្រីនស៍', '', '2019-09-17 14:54:49', '2019-10-25 14:23:13', 'Y', 3, 3, 1, '/stock/category/2019-10-25-14-23-13_1_3.jpg'),
(5, 'Shop House A', 'ផ្ទះអាជីវកម្មជួរអេ', '', '2020-01-08 11:53:45', NULL, 'Y', 0, 3, 1, '');

-- --------------------------------------------------------

--
-- Table structure for table `tbl_commission`
--

DROP TABLE IF EXISTS `tbl_commission`;
CREATE TABLE IF NOT EXISTS `tbl_commission` (
  `commi_id` int(11) NOT NULL AUTO_INCREMENT,
  `commi_amt` double DEFAULT NULL,
  `commi_type` varchar(1) DEFAULT NULL,
  `commi_is_approve` varchar(1) DEFAULT NULL,
  `commi_approve_date` date DEFAULT NULL,
  `commi_approve_des` varchar(500) DEFAULT NULL,
  `sell_id` int(11) DEFAULT NULL,
  `regDt` datetime DEFAULT NULL,
  `upDt` datetime DEFAULT NULL,
  `useYn` varchar(1) DEFAULT NULL,
  `regUsr` int(11) DEFAULT NULL,
  `upUsr` int(11) DEFAULT NULL,
  `com_id` int(11) DEFAULT NULL,
  `commi_amt_approve` double DEFAULT NULL,
  PRIMARY KEY (`commi_id`)
) ENGINE=MyISAM AUTO_INCREMENT=173 DEFAULT CHARSET=utf8;

--
-- Dumping data for table `tbl_commission`
--

INSERT INTO `tbl_commission` (`commi_id`, `commi_amt`, `commi_type`, `commi_is_approve`, `commi_approve_date`, `commi_approve_des`, `sell_id`, `regDt`, `upDt`, `useYn`, `regUsr`, `upUsr`, `com_id`, `commi_amt_approve`) VALUES
(1, 400, 'S', 'Y', '2019-11-01', '', 1, '2019-10-22 16:38:03', '2020-02-07 14:11:20', 'Y', 2, 4, 1, 800),
(2, 100, 'A', 'Y', '2019-11-01', '', 1, '2019-10-22 16:38:03', '2020-02-07 14:11:54', 'Y', 2, 4, 1, 200),
(3, 800, 'S', 'Y', '2019-07-31', '', 2, '2019-10-23 14:21:16', '2020-02-07 14:07:55', 'Y', 3, 4, 1, 800),
(4, 200, 'A', 'Y', '2019-07-31', '', 2, '2019-10-23 14:21:16', '2020-02-07 14:08:24', 'Y', 3, 4, 1, 200),
(5, 800, 'S', 'Y', '2019-09-10', '', 3, '2019-10-23 14:58:36', '2020-02-07 14:06:17', 'Y', 3, 4, 1, 800),
(6, 200, 'A', 'Y', '2019-09-10', '', 3, '2019-10-23 14:58:36', '2020-02-07 14:06:32', 'Y', 3, 4, 1, 200),
(7, 800, 'S', 'Y', '2019-09-10', '', 4, '2019-10-23 15:14:17', '2020-02-07 14:06:56', 'Y', 3, 4, 1, 800),
(8, 200, 'A', 'Y', '2019-09-10', '', 4, '2019-10-23 15:14:17', '2020-02-07 14:07:17', 'Y', 3, 4, 1, 200),
(9, 800, 'S', 'P', NULL, NULL, 5, '2019-10-23 15:35:16', NULL, 'Y', 3, NULL, 1, NULL),
(10, 200, 'A', 'P', NULL, NULL, 5, '2019-10-23 15:35:16', NULL, 'Y', 3, NULL, 1, NULL),
(11, 800, 'S', 'Y', '2019-09-10', '', 6, '2019-10-23 15:45:36', '2020-02-07 13:43:33', 'Y', 3, 4, 1, 800),
(12, 200, 'A', 'Y', '2019-09-10', '', 6, '2019-10-23 15:45:36', '2020-02-07 13:43:54', 'Y', 3, 4, 1, 200),
(13, 800, 'S', 'Y', '2019-07-31', '', 7, '2019-10-24 09:35:08', '2020-02-07 10:38:47', 'Y', 3, 4, 1, 800),
(14, 200, 'A', 'Y', '2019-07-31', '', 7, '2019-10-24 09:35:08', '2020-02-07 10:42:33', 'Y', 3, 4, 1, 200),
(15, 800, 'S', 'Y', '2019-09-10', '', 8, '2019-10-24 09:56:48', '2020-02-07 13:44:55', 'Y', 3, 4, 1, 800),
(16, 200, 'A', 'Y', '2019-09-10', '', 8, '2019-10-24 09:56:48', '2020-02-07 13:46:01', 'Y', 3, 4, 1, 200),
(17, 800, 'S', 'Y', '2019-09-10', '', 9, '2019-10-24 10:08:19', '2020-02-07 13:46:41', 'Y', 3, 4, 1, 800),
(18, 200, 'A', 'Y', '2019-09-10', '', 9, '2019-10-24 10:08:19', '2020-02-07 13:47:00', 'Y', 3, 4, 1, 200),
(19, 800, 'S', 'Y', '2019-09-10', '', 10, '2019-10-24 10:20:40', '2020-02-07 13:48:06', 'Y', 3, 4, 1, 800),
(20, 200, 'A', 'Y', '2019-09-10', '', 10, '2019-10-24 10:20:40', '2020-02-07 13:50:55', 'Y', 3, 4, 1, 200),
(21, 800, 'S', 'Y', '2019-09-10', '', 11, '2019-10-24 10:43:30', '2020-02-07 13:52:17', 'Y', 3, 4, 1, 800),
(22, 200, 'A', 'Y', '2019-09-10', '', 11, '2019-10-24 10:43:30', '2020-02-07 13:52:34', 'Y', 3, 4, 1, 200),
(23, 1600, 'S', 'Y', '2019-09-10', '', 12, '2019-10-24 11:10:08', '2020-02-07 13:54:55', 'Y', 3, 4, 1, 1600),
(24, 400, 'A', 'Y', '2019-09-10', '', 12, '2019-10-24 11:10:08', '2020-02-07 13:55:37', 'Y', 3, 4, 1, 400),
(25, 1600, 'S', 'Y', '2019-09-10', '', 13, '2019-10-24 11:20:33', '2020-02-07 13:54:00', 'Y', 3, 4, 1, 1600),
(26, 400, 'A', 'Y', '2019-09-10', '', 13, '2019-10-24 11:20:33', '2020-02-07 13:54:23', 'Y', 3, 4, 1, 400),
(27, 800, 'S', 'Y', '2019-11-01', '', 14, '2019-10-24 11:43:01', '2020-02-07 14:22:17', 'Y', 3, 4, 1, 800),
(28, 200, 'A', 'Y', '2019-11-01', '', 14, '2019-10-24 11:43:01', '2020-02-07 14:22:34', 'Y', 3, 4, 1, 200),
(29, 800, 'S', 'Y', '2019-07-31', '', 15, '2019-10-24 11:59:51', '2020-02-07 10:43:33', 'Y', 3, 4, 1, 800),
(30, 200, 'A', 'Y', '2019-07-31', '', 15, '2019-10-24 11:59:51', '2020-02-07 10:44:00', 'Y', 3, 4, 1, 200),
(31, 800, 'S', 'Y', '2019-11-01', '', 16, '2019-10-24 12:12:49', '2020-02-07 14:23:00', 'Y', 3, 4, 1, 800),
(32, 200, 'A', 'Y', '2019-11-01', '', 16, '2019-10-24 12:12:49', '2020-02-07 14:23:15', 'Y', 3, 4, 1, 200),
(33, 800, 'S', 'Y', '2019-11-01', '', 17, '2019-10-24 14:52:59', '2020-02-07 14:34:18', 'Y', 3, 4, 1, 800),
(34, 200, 'A', 'Y', '2019-11-01', '', 17, '2019-10-24 14:52:59', '2020-02-07 14:34:33', 'Y', 3, 4, 1, 200),
(35, 800, 'S', 'Y', '2019-09-10', '', 18, '2019-10-24 15:07:13', '2020-02-07 13:57:08', 'Y', 3, 4, 1, 800),
(36, 200, 'A', 'Y', '2019-09-10', '', 18, '2019-10-24 15:07:13', '2020-02-07 13:57:31', 'Y', 3, 4, 1, 200),
(37, 800, 'S', 'Y', '2020-01-20', '', 19, '2019-10-24 15:27:27', '2020-02-07 14:45:08', 'Y', 3, 4, 1, 800),
(38, 200, 'A', 'Y', '2020-01-20', '', 19, '2019-10-24 15:27:27', '2020-02-07 14:45:25', 'Y', 3, 4, 1, 200),
(39, 400, 'S', 'Y', '2019-11-01', '', 20, '2019-10-28 15:25:33', '2020-02-07 14:13:17', 'Y', 3, 4, 1, 800),
(40, 100, 'A', 'Y', '2019-11-01', '', 20, '2019-10-28 15:25:33', '2020-02-07 14:13:34', 'Y', 3, 4, 1, 200),
(41, 400, 'S', 'Y', '2020-01-20', '', 21, '2019-10-28 15:40:02', '2020-02-07 14:42:12', 'Y', 3, 4, 1, 800),
(42, 100, 'A', 'Y', '2020-01-20', '', 21, '2019-10-28 15:40:02', '2020-02-07 14:42:26', 'Y', 3, 4, 1, 200),
(43, 400, 'S', 'Y', '2020-01-20', '', 22, '2019-10-28 15:53:55', '2020-02-07 14:42:57', 'Y', 3, 4, 1, 800),
(44, 100, 'A', 'Y', '2020-01-20', '', 22, '2019-10-28 15:53:55', '2020-02-07 14:43:14', 'Y', 3, 4, 1, 200),
(45, 300, 'S', 'P', NULL, NULL, 23, '2019-10-28 16:08:43', NULL, 'Y', 3, NULL, 1, NULL),
(46, 100, 'A', 'P', NULL, NULL, 23, '2019-10-28 16:08:43', NULL, 'Y', 3, NULL, 1, NULL),
(47, 300, 'S', 'P', NULL, NULL, 24, '2019-10-28 16:14:32', NULL, 'Y', 3, NULL, 1, NULL),
(48, 100, 'A', 'P', NULL, NULL, 24, '2019-10-28 16:14:32', NULL, 'Y', 3, NULL, 1, NULL),
(49, 400, 'S', 'Y', '2019-11-01', '', 25, '2019-10-28 16:33:40', '2020-02-07 14:14:19', 'Y', 3, 4, 1, 800),
(50, 100, 'A', 'Y', '2019-11-01', '', 25, '2019-10-28 16:33:40', '2020-02-07 14:14:35', 'Y', 3, 4, 1, 200),
(51, 400, 'S', 'Y', '2019-11-01', '', 26, '2019-10-28 16:36:19', '2020-02-07 14:15:21', 'Y', 3, 4, 1, 800),
(52, 100, 'A', 'Y', '2019-11-01', '', 26, '2019-10-28 16:36:19', '2020-02-07 14:15:05', 'Y', 3, 4, 1, 200),
(53, 400, 'S', 'Y', '2020-01-20', '', 27, '2019-10-29 11:42:25', '2020-02-07 14:41:11', 'Y', 3, 4, 1, 800),
(54, 100, 'A', 'Y', '2020-01-20', '', 27, '2019-10-29 11:42:25', '2020-02-07 14:41:37', 'Y', 3, 4, 1, 200),
(55, 800, 'S', 'Y', '2020-01-20', '', 28, '2019-11-06 16:01:40', '2020-02-07 14:45:54', 'Y', 3, 4, 1, 800),
(56, 200, 'A', 'Y', '2020-01-20', '', 28, '2019-11-06 16:01:40', '2020-02-07 14:46:12', 'Y', 3, 4, 1, 200),
(57, 400, 'S', 'P', NULL, NULL, 29, '2019-11-19 17:06:29', NULL, 'Y', 3, NULL, 1, NULL),
(58, 100, 'A', 'P', NULL, NULL, 29, '2019-11-19 17:06:29', NULL, 'Y', 3, NULL, 1, NULL),
(59, 400, 'S', 'P', NULL, NULL, 30, '2019-11-20 10:53:12', NULL, 'Y', 3, NULL, 1, NULL),
(60, 100, 'A', 'P', NULL, NULL, 30, '2019-11-20 10:53:12', NULL, 'Y', 3, NULL, 1, NULL),
(61, 400, 'S', 'P', NULL, NULL, 31, '2019-11-20 10:55:20', NULL, 'Y', 3, NULL, 1, NULL),
(62, 100, 'A', 'P', NULL, NULL, 31, '2019-11-20 10:55:20', NULL, 'Y', 3, NULL, 1, NULL),
(63, 400, 'S', 'P', NULL, NULL, 32, '2019-11-30 16:19:50', NULL, 'Y', 2, NULL, 1, NULL),
(64, 100, 'A', 'P', NULL, NULL, 32, '2019-11-30 16:19:50', NULL, 'Y', 2, NULL, 1, NULL),
(65, 400, 'S', 'P', NULL, NULL, 33, '2019-11-30 16:26:09', NULL, 'Y', 2, NULL, 1, NULL),
(66, 100, 'A', 'P', NULL, NULL, 33, '2019-11-30 16:26:09', NULL, 'Y', 2, NULL, 1, NULL),
(67, 400, 'S', 'P', NULL, NULL, 34, '2019-12-02 13:02:18', NULL, 'Y', 3, NULL, 1, NULL),
(68, 100, 'A', 'P', NULL, NULL, 34, '2019-12-02 13:02:18', NULL, 'Y', 3, NULL, 1, NULL),
(69, 400, 'S', 'P', NULL, NULL, 35, '2019-12-02 13:11:06', NULL, 'Y', 3, NULL, 1, NULL),
(70, 100, 'A', 'P', NULL, NULL, 35, '2019-12-02 13:11:06', NULL, 'Y', 3, NULL, 1, NULL),
(71, 400, 'S', 'P', NULL, NULL, 36, '2019-12-02 14:21:22', NULL, 'Y', 3, NULL, 1, NULL),
(72, 100, 'A', 'P', NULL, NULL, 36, '2019-12-02 14:21:22', NULL, 'Y', 3, NULL, 1, NULL),
(73, 800, 'S', 'P', NULL, NULL, 37, '2019-12-03 14:22:06', NULL, 'Y', 3, NULL, 1, NULL),
(74, 200, 'A', 'P', NULL, NULL, 37, '2019-12-03 14:22:06', NULL, 'Y', 3, NULL, 1, NULL),
(75, 800, 'S', 'P', NULL, NULL, 38, '2019-12-03 16:14:31', NULL, 'Y', 3, NULL, 1, NULL),
(76, 200, 'A', 'P', NULL, NULL, 38, '2019-12-03 16:14:31', NULL, 'Y', 3, NULL, 1, NULL),
(77, 400, 'S', 'P', NULL, NULL, 39, '2019-12-16 15:02:06', NULL, 'Y', 3, NULL, 1, NULL),
(78, 100, 'A', 'P', NULL, NULL, 39, '2019-12-16 15:02:06', NULL, 'Y', 3, NULL, 1, NULL),
(79, 400, 'S', 'P', NULL, NULL, 40, '2019-12-16 15:05:39', NULL, 'Y', 3, NULL, 1, NULL),
(80, 100, 'A', 'P', NULL, NULL, 40, '2019-12-16 15:05:39', NULL, 'Y', 3, NULL, 1, NULL),
(81, 400, 'S', 'Y', '2020-02-10', '', 41, '2019-12-16 15:13:54', '2020-02-10 10:22:08', 'Y', 3, 4, 1, 1200),
(82, 100, 'A', 'Y', '2020-01-20', '', 41, '2019-12-16 15:13:54', '2020-02-07 14:47:15', 'Y', 3, 4, 1, 200),
(83, 300, 'S', 'P', NULL, NULL, 42, '2019-12-19 14:56:40', NULL, 'Y', 3, NULL, 1, NULL),
(84, 100, 'A', 'P', NULL, NULL, 42, '2019-12-19 14:56:40', NULL, 'Y', 3, NULL, 1, NULL),
(85, 400, 'S', 'Y', '2019-07-31', '', 43, '2019-12-19 15:34:05', '2020-02-07 10:48:29', 'Y', 3, 4, 1, 400),
(86, 100, 'A', 'Y', '2019-07-31', '', 43, '2019-12-19 15:34:05', '2020-02-07 10:48:07', 'Y', 3, 4, 1, 100),
(87, 300, 'S', 'Y', '2019-09-10', '', 44, '2019-12-21 13:45:55', '2020-02-07 13:58:37', 'Y', 3, 4, 1, 300),
(88, 100, 'A', 'Y', '2019-09-10', '', 44, '2019-12-21 13:45:55', '2020-02-07 13:58:57', 'Y', 3, 4, 1, 100),
(89, 400, 'S', 'Y', '2019-11-01', '', 45, '2019-12-21 14:19:06', '2020-02-07 14:19:07', 'Y', 3, 4, 1, 400),
(90, 100, 'A', 'Y', '2019-11-01', '', 45, '2019-12-21 14:19:06', '2020-02-07 14:19:28', 'Y', 3, 4, 1, 100),
(91, 400, 'S', 'Y', '2019-07-31', '', 46, '2019-12-21 14:50:44', '2020-02-07 10:50:03', 'Y', 3, 4, 1, 400),
(92, 100, 'A', 'Y', '2019-07-31', '', 46, '2019-12-21 14:50:44', '2020-02-07 10:49:44', 'Y', 3, 4, 1, 100),
(93, 400, 'S', 'P', NULL, NULL, 47, '2019-12-21 15:31:49', NULL, 'Y', 3, NULL, 1, NULL),
(94, 100, 'A', 'P', NULL, NULL, 47, '2019-12-21 15:31:49', NULL, 'Y', 3, NULL, 1, NULL),
(95, 400, 'S', 'P', NULL, NULL, 48, '2019-12-21 15:39:10', NULL, 'Y', 3, NULL, 1, NULL),
(96, 100, 'A', 'P', NULL, NULL, 48, '2019-12-21 15:39:10', NULL, 'Y', 3, NULL, 1, NULL),
(97, 400, 'S', 'P', NULL, NULL, 49, '2019-12-21 15:42:40', NULL, 'Y', 3, NULL, 1, NULL),
(98, 100, 'A', 'P', NULL, NULL, 49, '2019-12-21 15:42:40', NULL, 'Y', 3, NULL, 1, NULL),
(99, 300, 'S', 'P', NULL, NULL, 50, '2019-12-22 10:32:25', NULL, 'Y', 3, NULL, 1, NULL),
(100, 100, 'A', 'P', NULL, NULL, 50, '2019-12-22 10:32:25', NULL, 'Y', 3, NULL, 1, NULL),
(101, 300, 'S', 'Y', '2019-07-31', '', 51, '2019-12-22 12:05:23', '2020-02-07 10:50:56', 'Y', 3, 4, 1, 300),
(102, 100, 'A', 'Y', '2019-07-31', '', 51, '2019-12-22 12:05:23', '2020-02-07 10:51:18', 'Y', 3, 4, 1, 0),
(103, 400, 'S', 'Y', '2019-07-31', '', 52, '2019-12-22 14:07:11', '2020-02-07 10:52:01', 'Y', 3, 4, 1, 400),
(104, 100, 'A', 'Y', '2019-07-31', '', 52, '2019-12-22 14:07:11', '2020-02-07 10:52:23', 'Y', 3, 4, 1, 100),
(105, 400, 'S', 'Y', '2020-01-20', '', 53, '2019-12-22 14:34:20', '2020-02-07 14:48:25', 'Y', 3, 4, 1, 400),
(106, 100, 'A', 'Y', '2020-01-20', '', 53, '2019-12-22 14:34:20', '2020-02-07 14:48:41', 'Y', 3, 4, 1, 100),
(107, 400, 'S', 'P', NULL, NULL, 54, '2019-12-22 14:52:50', NULL, 'Y', 3, NULL, 1, NULL),
(108, 100, 'A', 'P', NULL, NULL, 54, '2019-12-22 14:52:50', NULL, 'Y', 3, NULL, 1, NULL),
(109, 400, 'S', 'Y', '2019-07-31', '', 55, '2019-12-23 14:15:14', '2020-02-07 13:41:29', 'Y', 3, 4, 1, 400),
(110, 100, 'A', 'Y', '2019-07-31', '', 55, '2019-12-23 14:15:14', '2020-02-07 13:41:50', 'Y', 3, 4, 1, 100),
(111, 300, 'S', 'Y', '2020-01-20', '', 56, '2019-12-23 15:45:20', '2020-02-07 14:44:21', 'Y', 3, 4, 1, 400),
(112, 100, 'A', 'Y', '2020-01-20', '', 56, '2019-12-23 15:45:20', '2020-02-07 14:44:36', 'Y', 3, 4, 1, 100),
(113, 300, 'S', 'P', NULL, NULL, 57, '2019-12-26 16:21:18', NULL, 'Y', 3, NULL, 1, NULL),
(114, 100, 'A', 'P', NULL, NULL, 57, '2019-12-26 16:21:18', NULL, 'Y', 3, NULL, 1, NULL),
(115, 400, 'S', 'Y', '2019-07-31', '', 58, '2019-12-27 10:31:41', '2020-02-07 10:33:23', 'Y', 3, 4, 1, 400),
(116, 100, 'A', 'Y', '2019-07-31', '', 58, '2019-12-27 10:31:41', '2020-02-07 10:33:48', 'Y', 3, 4, 1, 100),
(117, 400, 'S', 'Y', '2019-07-31', '', 59, '2019-12-27 11:21:21', '2020-02-07 10:32:27', 'Y', 3, 4, 1, 400),
(118, 100, 'A', 'Y', '2019-07-31', '', 59, '2019-12-27 11:21:21', '2020-02-07 10:32:46', 'Y', 3, 4, 1, 100),
(119, 300, 'S', 'P', NULL, NULL, 60, '2019-12-28 10:37:49', NULL, 'Y', 3, NULL, 1, NULL),
(120, 100, 'A', 'P', NULL, NULL, 60, '2019-12-28 10:37:49', NULL, 'Y', 3, NULL, 1, NULL),
(121, 300, 'S', 'P', NULL, NULL, 61, '2019-12-28 10:42:11', NULL, 'Y', 3, NULL, 1, NULL),
(122, 100, 'A', 'P', NULL, NULL, 61, '2019-12-28 10:42:11', NULL, 'Y', 3, NULL, 1, NULL),
(123, 800, 'S', 'Y', '2020-02-10', '', 62, '2019-12-30 09:43:51', '2020-02-10 11:06:53', 'Y', 3, 3, 1, 0),
(124, 200, 'A', 'Y', '2020-02-10', '', 62, '2019-12-30 09:43:51', '2020-02-10 11:06:42', 'Y', 3, 3, 1, 800),
(125, 400, 'S', 'P', NULL, NULL, 63, '2020-01-04 16:27:59', NULL, 'Y', 4, NULL, 1, NULL),
(126, 100, 'A', 'P', NULL, NULL, 63, '2020-01-04 16:27:59', NULL, 'Y', 4, NULL, 1, NULL),
(127, 800, 'S', 'Y', '2020-01-20', '', 64, '2020-01-10 10:09:40', '2020-02-07 14:47:40', 'Y', 3, 4, 1, 800),
(128, 200, 'A', 'Y', '2022-01-20', '', 64, '2020-01-10 10:09:41', '2020-02-07 14:47:58', 'Y', 3, 4, 1, 200),
(129, 400, 'S', 'Y', '2019-11-01', '', 65, '2020-01-16 11:58:08', '2020-02-07 14:18:05', 'Y', 3, 4, 1, 400),
(130, 100, 'A', 'Y', '2019-11-01', '', 65, '2020-01-16 11:58:08', '2020-02-07 14:18:21', 'Y', 3, 4, 1, 100),
(131, 800, 'S', 'Y', '2019-07-31', '', 66, '2020-01-17 11:51:12', '2020-02-07 10:36:39', 'Y', 3, 4, 1, 500),
(132, 200, 'A', 'Y', '2019-07-31', '', 66, '2020-01-17 11:51:12', '2020-02-07 10:35:40', 'Y', 3, 4, 1, 0),
(133, 800, 'S', 'Y', '2019-07-31', '', 67, '2020-01-17 14:49:17', '2020-02-07 10:37:31', 'Y', 3, 4, 1, 500),
(134, 200, 'A', 'Y', '2019-07-31', '', 67, '2020-01-17 14:49:17', '2020-02-07 10:37:12', 'Y', 3, 4, 1, 0),
(135, 400, 'S', 'Y', '2019-07-31', 'For staffs only didn\'t have Agent', 68, '2020-01-17 15:01:02', '2020-02-07 10:25:27', 'Y', 3, 4, 1, 300),
(136, 100, 'A', 'Y', '2020-02-07', 'Didn\'t have Agent', 68, '2020-01-17 15:01:02', '2020-02-07 10:29:01', 'Y', 3, 4, 1, 0),
(137, 400, 'S', 'Y', '2019-07-31', '', 69, '2020-01-17 15:05:50', '2020-02-07 10:30:00', 'Y', 3, 4, 1, 400),
(138, 100, 'A', 'Y', '2019-07-31', '', 69, '2020-01-17 15:05:50', '2020-02-07 10:30:32', 'Y', 3, 4, 1, 100),
(139, 400, 'S', 'Y', '1919-07-31', 'For Staffs only', 70, '2020-01-17 15:14:49', '2020-02-07 10:28:04', 'Y', 3, 4, 1, 300),
(140, 100, 'A', 'Y', '1919-07-31', '', 70, '2020-01-17 15:14:49', '2020-02-07 10:28:30', 'Y', 3, 4, 1, 0),
(141, 400, 'S', 'Y', '2019-07-31', '', 71, '2020-01-17 15:17:49', '2020-02-07 10:31:28', 'Y', 3, 4, 1, 400),
(142, 100, 'A', 'Y', '2019-07-31', '', 71, '2020-01-17 15:17:49', '2020-02-07 10:31:49', 'Y', 3, 4, 1, 100),
(143, 400, 'S', 'Y', '2019-11-01', '', 72, '2020-01-17 15:46:53', '2020-02-07 14:20:13', 'Y', 3, 4, 1, 400),
(144, 100, 'A', 'Y', '2019-11-01', '', 72, '2020-01-17 15:46:53', '2020-02-07 14:20:28', 'Y', 3, 4, 1, 100),
(145, 400, 'S', 'Y', '2019-11-01', '', 73, '2020-01-17 15:54:06', '2020-02-07 14:21:31', 'Y', 3, 4, 1, 400),
(146, 100, 'A', 'Y', '2019-11-01', '', 73, '2020-01-17 15:54:06', '2020-02-07 14:21:45', 'Y', 3, 4, 1, 100),
(147, 400, 'S', 'P', NULL, NULL, 74, '2020-01-17 15:57:16', NULL, 'Y', 3, NULL, 1, NULL),
(148, 100, 'A', 'P', NULL, NULL, 74, '2020-01-17 15:57:16', NULL, 'Y', 3, NULL, 1, NULL),
(149, 400, 'S', 'Y', '2019-11-01', '', 75, '2020-01-17 16:00:12', '2020-02-07 14:20:54', 'Y', 3, 4, 1, 400),
(150, 100, 'A', 'Y', '2019-11-01', '', 75, '2020-01-17 16:00:12', '2020-02-07 14:21:10', 'Y', 3, 4, 1, 100),
(151, 400, 'S', 'Y', '2019-09-10', '', 76, '2020-01-17 16:30:33', '2020-02-07 14:00:12', 'Y', 3, 4, 1, 300),
(152, 100, 'A', 'Y', '2019-09-10', '', 76, '2020-01-17 16:30:33', '2020-02-07 14:00:31', 'Y', 3, 4, 1, 100),
(153, 400, 'S', 'P', NULL, NULL, 77, '2020-01-18 14:06:58', NULL, 'Y', 2, NULL, 1, NULL),
(154, 100, 'A', 'P', NULL, NULL, 77, '2020-01-18 14:06:58', NULL, 'Y', 2, NULL, 1, NULL),
(155, 800, 'S', 'P', NULL, NULL, 78, '2020-01-19 11:05:42', NULL, 'Y', 4, NULL, 1, NULL),
(156, 200, 'A', 'P', NULL, NULL, 78, '2020-01-19 11:05:42', NULL, 'Y', 4, NULL, 1, NULL),
(157, 800, 'S', 'P', NULL, NULL, 79, '2020-01-20 11:39:50', NULL, 'Y', 3, NULL, 1, NULL),
(158, 200, 'A', 'P', NULL, NULL, 79, '2020-01-20 11:39:50', NULL, 'Y', 3, NULL, 1, NULL),
(159, 400, 'S', 'Y', '2019-07-31', 'For Staffs only', 80, '2020-02-03 10:45:30', '2020-02-07 10:45:39', 'Y', 3, 4, 1, 300),
(160, 100, 'A', 'Y', '2019-07-31', '', 80, '2020-02-03 10:45:30', '2020-02-07 10:45:54', 'Y', 3, 4, 1, 0),
(161, 800, 'S', 'Y', '2019-09-10', '', 81, '2020-02-03 11:27:08', '2020-02-07 13:51:32', 'Y', 3, 4, 1, 800),
(162, 200, 'A', 'Y', '2019-09-10', '', 81, '2020-02-03 11:27:08', '2020-02-07 13:51:52', 'Y', 3, 4, 1, 200),
(163, 800, 'S', 'Y', '2019-09-10', '', 82, '2020-02-03 15:04:33', '2020-02-07 13:56:20', 'Y', 3, 4, 1, 800),
(164, 200, 'A', 'Y', '2019-09-10', '', 82, '2020-02-03 15:04:33', '2020-02-07 13:56:41', 'Y', 3, 4, 1, 200),
(165, 1600, 'S', 'Y', '2019-11-01', '', 83, '2020-02-03 15:46:01', '2020-02-07 14:24:24', 'Y', 3, 4, 1, 1600),
(166, 400, 'A', 'Y', '2019-11-01', '', 83, '2020-02-03 15:46:01', '2020-02-07 14:24:39', 'Y', 3, 4, 1, 400),
(167, 400, 'S', 'P', NULL, NULL, 84, '2020-02-08 13:57:10', NULL, 'Y', 3, NULL, 1, NULL),
(168, 100, 'A', 'P', NULL, NULL, 84, '2020-02-08 13:57:10', NULL, 'Y', 3, NULL, 1, NULL),
(169, 400, 'S', 'P', NULL, NULL, 85, '2020-02-08 14:31:59', NULL, 'Y', 3, NULL, 1, NULL),
(170, 100, 'A', 'P', NULL, NULL, 85, '2020-02-08 14:31:59', NULL, 'Y', 3, NULL, 1, NULL),
(171, 400, 'S', 'Y', '2020-01-20', '', 86, '2020-02-08 14:50:41', '2020-02-10 09:41:35', 'Y', 3, 4, 1, 400),
(172, 100, 'A', 'Y', '2020-01-20', '', 86, '2020-02-08 14:50:41', '2020-02-10 09:41:09', 'Y', 3, 4, 1, 600);

-- --------------------------------------------------------

--
-- Table structure for table `tbl_commission_setting`
--

DROP TABLE IF EXISTS `tbl_commission_setting`;
CREATE TABLE IF NOT EXISTS `tbl_commission_setting` (
  `comset_id` int(11) NOT NULL AUTO_INCREMENT,
  `comset_salary_yn` varchar(1) DEFAULT NULL,
  `comset_commi_yn` varchar(1) DEFAULT NULL,
  `regDt` datetime DEFAULT NULL,
  `upDt` datetime DEFAULT NULL,
  `useYn` varchar(1) NOT NULL,
  `regUsr` int(11) NOT NULL,
  `upUsr` int(11) NOT NULL,
  `pos_id` int(11) NOT NULL,
  `bra_id` int(11) NOT NULL,
  `com_id` int(11) NOT NULL,
  PRIMARY KEY (`comset_id`)
) ENGINE=MyISAM AUTO_INCREMENT=9 DEFAULT CHARSET=utf8;

--
-- Dumping data for table `tbl_commission_setting`
--

INSERT INTO `tbl_commission_setting` (`comset_id`, `comset_salary_yn`, `comset_commi_yn`, `regDt`, `upDt`, `useYn`, `regUsr`, `upUsr`, `pos_id`, `bra_id`, `com_id`) VALUES
(1, 'N', 'N', '2019-09-17 15:24:10', NULL, 'Y', 3, 0, 5, 1, 1),
(2, 'N', 'N', '2020-01-08 11:59:10', '2020-01-08 11:59:10', 'Y', 3, 3, 2, 1, 1),
(3, 'N', 'N', '2020-01-08 11:57:36', '2020-01-08 11:57:36', 'Y', 2, 3, 4, 1, 1),
(4, 'N', 'N', '2020-01-08 11:55:47', '2020-01-08 11:55:47', 'Y', 3, 3, 6, 1, 1),
(5, 'N', 'N', '2020-01-08 11:56:02', '2020-01-08 11:56:02', 'Y', 3, 3, 7, 1, 1),
(6, 'N', 'N', '2020-01-08 11:55:36', '2020-01-08 11:55:36', 'Y', 3, 3, 8, 1, 1),
(7, 'N', 'N', '2020-01-08 11:55:23', '2020-01-08 11:55:23', 'Y', 3, 3, 9, 1, 1),
(8, 'N', 'N', '2020-01-08 11:55:00', NULL, 'Y', 3, 0, 11, 1, 1);

-- --------------------------------------------------------

--
-- Table structure for table `tbl_commission_setting_detail`
--

DROP TABLE IF EXISTS `tbl_commission_setting_detail`;
CREATE TABLE IF NOT EXISTS `tbl_commission_setting_detail` (
  `comset_id` int(11) NOT NULL,
  `cat_id` int(11) NOT NULL,
  `comset_type` varchar(1) DEFAULT NULL,
  `comset_amt` double DEFAULT NULL,
  `comset_type_ex` varchar(1) DEFAULT NULL,
  `comset_amt_ex` double DEFAULT NULL,
  `regDt` datetime DEFAULT NULL,
  `upDt` datetime DEFAULT NULL,
  `useYn` varchar(1) NOT NULL,
  `regUsr` int(11) NOT NULL,
  `upUsr` int(11) NOT NULL,
  `com_id` int(11) NOT NULL,
  PRIMARY KEY (`comset_id`,`cat_id`)
) ENGINE=MyISAM DEFAULT CHARSET=utf8;

--
-- Dumping data for table `tbl_commission_setting_detail`
--

INSERT INTO `tbl_commission_setting_detail` (`comset_id`, `cat_id`, `comset_type`, `comset_amt`, `comset_type_ex`, `comset_amt_ex`, `regDt`, `upDt`, `useYn`, `regUsr`, `upUsr`, `com_id`) VALUES
(1, 1, 'M', 1000, 'P', 20, '2019-09-17 15:24:10', NULL, 'Y', 3, 0, 1),
(1, 3, 'M', 500, 'P', 20, '2019-09-17 15:24:10', NULL, 'Y', 3, 0, 1),
(1, 4, 'M', 2000, 'P', 20, '2019-09-17 15:24:10', NULL, 'Y', 3, 0, 1),
(2, 4, 'M', 2000, 'M', 400, '2020-01-08 11:59:10', NULL, 'Y', 3, 0, 1),
(2, 3, 'M', 500, 'M', 100, '2020-01-08 11:59:10', NULL, 'Y', 3, 0, 1),
(2, 1, 'M', 1000, 'M', 200, '2020-01-08 11:59:10', NULL, 'Y', 3, 0, 1),
(3, 1, 'M', 1000, 'M', 200, '2020-01-08 11:57:36', NULL, 'Y', 3, 0, 1),
(3, 3, 'M', 500, 'M', 100, '2020-01-08 11:57:36', NULL, 'Y', 3, 0, 1),
(3, 4, 'M', 2000, 'M', 400, '2020-01-08 11:57:36', NULL, 'Y', 3, 0, 1),
(4, 4, 'M', 2000, 'M', 400, '2020-01-08 11:55:47', NULL, 'Y', 3, 0, 1),
(4, 3, 'M', 500, 'M', 100, '2020-01-08 11:55:47', NULL, 'Y', 3, 0, 1),
(4, 1, 'M', 1000, 'M', 200, '2020-01-08 11:55:47', NULL, 'Y', 3, 0, 1),
(5, 4, 'M', 2000, 'M', 400, '2020-01-08 11:56:02', NULL, 'Y', 3, 0, 1),
(5, 3, 'M', 500, 'M', 100, '2020-01-08 11:56:02', NULL, 'Y', 3, 0, 1),
(5, 1, 'M', 1000, 'M', 200, '2020-01-08 11:56:02', NULL, 'Y', 3, 0, 1),
(6, 4, 'M', 2000, 'M', 400, '2020-01-08 11:55:36', NULL, 'Y', 3, 0, 1),
(6, 3, 'M', 500, 'M', 100, '2020-01-08 11:55:36', NULL, 'Y', 3, 0, 1),
(6, 1, 'M', 1000, 'M', 200, '2020-01-08 11:55:36', NULL, 'Y', 3, 0, 1),
(7, 4, 'M', 2000, 'M', 400, '2020-01-08 11:55:23', NULL, 'Y', 3, 0, 1),
(7, 3, 'M', 500, 'M', 100, '2020-01-08 11:55:23', NULL, 'Y', 3, 0, 1),
(7, 1, 'M', 1000, 'M', 200, '2020-01-08 11:55:23', NULL, 'Y', 3, 0, 1),
(8, 1, 'M', 1000, 'M', 200, '2020-01-08 11:55:00', NULL, 'Y', 3, 0, 1),
(8, 3, 'M', 500, 'M', 100, '2020-01-08 11:55:00', NULL, 'Y', 3, 0, 1),
(8, 4, 'M', 2000, 'M', 400, '2020-01-08 11:55:00', NULL, 'Y', 3, 0, 1),
(8, 5, 'M', 1000, 'M', 200, '2020-01-08 11:55:00', NULL, 'Y', 3, 0, 1),
(7, 5, 'M', 1000, 'M', 200, '2020-01-08 11:55:23', NULL, 'Y', 3, 0, 1),
(6, 5, 'M', 1000, 'M', 200, '2020-01-08 11:55:36', NULL, 'Y', 3, 0, 1),
(4, 5, 'M', 1000, 'M', 200, '2020-01-08 11:55:47', NULL, 'Y', 3, 0, 1),
(5, 5, 'M', 1000, 'M', 200, '2020-01-08 11:56:02', NULL, 'Y', 3, 0, 1),
(3, 5, 'M', 1000, 'M', 200, '2020-01-08 11:57:36', NULL, 'Y', 3, 0, 1),
(2, 5, 'M', 1000, 'M', 200, '2020-01-08 11:59:10', NULL, 'Y', 3, 0, 1);

-- --------------------------------------------------------

--
-- Table structure for table `tbl_company`
--

DROP TABLE IF EXISTS `tbl_company`;
CREATE TABLE IF NOT EXISTS `tbl_company` (
  `com_id` int(11) NOT NULL AUTO_INCREMENT,
  `com_nm` varchar(30) COLLATE utf8_unicode_ci NOT NULL,
  `com_phone` varchar(15) COLLATE utf8_unicode_ci NOT NULL,
  `com_email` varchar(50) COLLATE utf8_unicode_ci DEFAULT NULL,
  `com_addr` text COLLATE utf8_unicode_ci,
  `com_des` text COLLATE utf8_unicode_ci,
  `regDt` datetime DEFAULT NULL,
  `upDt` datetime DEFAULT NULL,
  `useYn` varchar(1) COLLATE utf8_unicode_ci NOT NULL,
  PRIMARY KEY (`com_id`)
) ENGINE=InnoDB AUTO_INCREMENT=2 DEFAULT CHARSET=utf8 COLLATE=utf8_unicode_ci;

--
-- Dumping data for table `tbl_company`
--

INSERT INTO `tbl_company` (`com_id`, `com_nm`, `com_phone`, `com_email`, `com_addr`, `com_des`, `regDt`, `upDt`, `useYn`) VALUES
(1, 'បុរីកាឡាក់ស៊ី១១', '01023456', NULL, NULL, NULL, '2019-09-13 09:50:01', NULL, 'Y');

-- --------------------------------------------------------

--
-- Table structure for table `tbl_contract`
--

DROP TABLE IF EXISTS `tbl_contract`;
CREATE TABLE IF NOT EXISTS `tbl_contract` (
  `con_id` int(11) NOT NULL AUTO_INCREMENT,
  `con_total_price` double DEFAULT NULL,
  `con_date` date NOT NULL,
  `con_date_exp` date NOT NULL,
  `con_des` text,
  `con_sta` varchar(1) DEFAULT NULL,
  `regDt` datetime DEFAULT NULL,
  `upDt` datetime DEFAULT NULL,
  `useYn` varchar(1) NOT NULL,
  `regUsr` int(11) NOT NULL,
  `upUsr` int(11) NOT NULL,
  `com_id` int(11) NOT NULL,
  `seller_id` int(11) NOT NULL,
  `rec_id` int(11) NOT NULL,
  `con_code` varchar(12) DEFAULT NULL,
  `con_pay_met` int(11) DEFAULT NULL,
  `con_tran_id` varchar(100) DEFAULT NULL,
  `con_pro_price` double DEFAULT NULL,
  `con_type_id` int(11) DEFAULT NULL,
  `con_total_price_desc` text,
  PRIMARY KEY (`con_id`)
) ENGINE=MyISAM AUTO_INCREMENT=52 DEFAULT CHARSET=utf8;

--
-- Dumping data for table `tbl_contract`
--

INSERT INTO `tbl_contract` (`con_id`, `con_total_price`, `con_date`, `con_date_exp`, `con_des`, `con_sta`, `regDt`, `upDt`, `useYn`, `regUsr`, `upUsr`, `com_id`, `seller_id`, `rec_id`, `con_code`, `con_pay_met`, `con_tran_id`, `con_pro_price`, `con_type_id`, `con_total_price_desc`) VALUES
(1, 2000, '2019-10-21', '2019-10-28', 'បន្ថែម : ទូរចង្ក្រានលើ-ក្រោម ចង្ក្រានអគ្គីសនី ម៉ាស៊ីនបឺតផ្សែង ទូរទស្សន៍', 'B', '2019-10-21 13:51:03', '2019-11-06 15:55:42', 'N', 3, 3, 1, 14, 2, '000001', 1, '', NULL, 1, 'ពីពាន់ដុល្លារអាមេរិកគត់'),
(2, 1000, '2019-06-14', '2019-06-22', 'បន្ថែម : ទូរចង្ក្រានលើ-ក្រោម ចង្ក្រានអគ្គីសនី ម៉ាស៊ីនបឺតផ្សែង ទូរទូរទស្សន៍', 'S', '2019-10-21 16:25:12', '2020-01-17 15:01:02', 'Y', 3, 3, 1, 8, 8, '000002', 1, '', NULL, 2, 'មួយពាន់ដុល្លារអាមេរិកគត់'),
(3, 1000, '2019-06-14', '2019-06-22', 'បន្ថែម : ទូរចង្ក្រានលើ-ក្រោម ចង្ក្រានអគ្គីសនី ម៉ាស៊ីនបឺតផ្សែង  ទូរទូរទស្សន៍', 'S', '2019-10-21 16:34:01', '2020-01-17 15:14:49', 'Y', 3, 3, 1, 8, 2, '000003', 1, '', NULL, 2, 'មួយពាន់ដុល្លារអាមេរិកគត់'),
(4, 1000, '2019-03-18', '2019-03-25', 'បន្ថែម : ទូរចង្ក្រានលើ-ក្រោម ចង្ក្រានអគ្គីសនី ម៉ាស៊ីនបឺតផ្សែង   ទូរទូរទស្សន៍', 'S', '2019-10-21 17:01:50', '2020-01-17 15:05:50', 'Y', 3, 3, 1, 9, 5, '000004', 1, '', NULL, 2, 'មួយពាន់ដុល្លារអាមេរិកគត់'),
(5, 2000, '2019-07-01', '2019-07-08', 'បន្ថែម : ទូរចង្ក្រានលើ-ក្រោម ចង្ក្រានអគ្គីសនី ម៉ាស៊ីនបឺតផ្សែង ទូរទូរទស្សន៍', 'S', '2019-10-21 17:07:49', '2020-02-03 10:45:31', 'Y', 3, 3, 1, 8, 5, '000005', 1, '', NULL, 2, 'ពីរពាន់ដុល្លារអាមេរិកគត់'),
(6, 2000, '2019-07-17', '2019-07-24', 'បន្ថែម:ទូរចង្ក្រានលើ-ក្រោម ចង្ក្រានអគ្គីសនី ម៉ាស៊ីនបឺតផ្សែងទូរទូរទស្សន៍           ', 'S', '2019-10-22 14:58:42', '2020-01-17 15:17:49', 'Y', 3, 3, 1, 7, 5, '000006', 1, '', NULL, 2, 'ពីរពាន់ដុល្លារអាមេរិកគត់'),
(7, 2000, '2019-07-31', '2019-08-07', 'បន្ថែម:ទូរចង្ក្រានលើ-ក្រោម ចង្ក្រានអគ្គីសនី ម៉ាស៊ីនបឺតផ្សែងទូរទូរទស្សន៍           ', 'S', '2019-10-22 15:40:13', '2019-10-22 16:38:04', 'Y', 3, 2, 1, 7, 2, '000007', 1, '', NULL, 1, 'ពីរពាន់ដុល្លារអាមេរិកគត់'),
(8, 2000, '2019-09-06', '2019-10-22', 'ទូរចង្ក្រានលើ-ក្រោម ចង្ក្រានអគ្គីសនី ម៉ាស៊ីនបឺតផ្សែងទូរទូរទស្សន៍', 'S', '2019-10-22 16:15:51', '2019-10-28 15:25:33', 'Y', 3, 3, 1, 13, 5, '000008', 1, '', NULL, 1, 'ពីរពាន់ដុល្លារអាមេរិកគត់'),
(9, 2000, '2019-06-24', '2019-07-03', 'ទូរចង្ក្រានលើ-ក្រោម ចង្ក្រានអគ្គីសនី ម៉ាស៊ីនបឺតផ្សែង  Minibar  ទូរទូរទស្សន៍', 'B', '2019-10-23 15:32:32', '2019-10-23 15:39:58', 'N', 3, 3, 1, 5, 5, '000009', 2, '', NULL, 1, 'ពីរពាន់'),
(10, 2000, '2019-06-24', '2019-07-04', 'ទូរចង្ក្រានលើ-ក្រោម ចង្ក្រានអគ្គីសនី ម៉ាស៊ីនបឺតផ្សែង  Minibar  ទូរទូរទស្សន៍', 'S', '2019-10-23 15:43:24', '2019-10-23 15:45:36', 'Y', 3, 3, 1, 7, 5, '000010', 2, '', NULL, 1, 'ពីរពាន់'),
(11, 2000, '2019-06-21', '2019-06-29', 'ទូរចង្ក្រានលើ-ក្រោម ចង្ក្រានអគ្គីសនី ម៉ាស៊ីនបឺតផ្សែង  Minibar  ទូរទូរទស្សន៍', 'S', '2019-10-24 09:21:14', '2019-10-24 09:35:08', 'Y', 3, 3, 1, 7, 5, '000011', 2, '', NULL, 1, 'ពីរពាន់'),
(12, 2000, '2019-06-20', '2019-06-28', 'ទូរចង្ក្រានលើ-ក្រោម ចង្ក្រានអគ្គីសនី ម៉ាស៊ីនបឺតផ្សែង  Minibar  ទូរទូរទស្សន៍', 'B', '2019-10-24 09:47:18', '2019-10-24 09:49:51', 'N', 3, 3, 1, 7, 5, '000012', 2, '', NULL, 1, 'ពីរពាន់'),
(13, 2000, '2019-06-20', '2019-06-27', 'ទូរចង្ក្រានលើ-ក្រោម ចង្ក្រានអគ្គីសនី ម៉ាស៊ីនបឺតផ្សែង  Minibar  ទូរទូរទស្សន៍', 'S', '2019-10-24 09:53:17', '2019-10-24 09:56:48', 'Y', 3, 3, 1, 7, 5, '000013', 2, '', NULL, 1, 'ពីរពាន់'),
(14, 2000, '2019-06-23', '2019-06-30', 'ទូរចង្ក្រានលើ-ក្រោម ចង្ក្រានអគ្គីសនី ម៉ាស៊ីនបឺតផ្សែង  Minibar  ទូរទូរទស្សន៍', 'S', '2019-10-24 10:06:08', '2019-10-24 10:08:19', 'Y', 3, 3, 1, 7, 5, '000014', 2, '', NULL, 1, 'ពីរពាន់'),
(15, 2000, '2019-06-26', '2019-07-04', 'ទូរចង្ក្រានលើ-ក្រោម ចង្ក្រានអគ្គីសនី ម៉ាស៊ីនបឺតផ្សែង  Minibar  ទូរទូរទស្សន៍', 'S', '2019-10-24 10:17:19', '2019-10-24 10:20:40', 'Y', 3, 3, 1, 7, 5, '000015', 2, '', NULL, 1, 'ពីរពាន់'),
(16, 2000, '2019-07-23', '2019-07-31', 'ទូរចង្ក្រានលើ-ក្រោម ចង្ក្រានអគ្គីសនី ម៉ាស៊ីនបឺតផ្សែង  Minibar  ទូរទូរទស្សន៍', 'S', '2019-10-24 11:34:55', '2019-10-24 11:43:01', 'Y', 3, 3, 1, 16, 5, '000016', 2, '', NULL, 2, 'ពីរពាន់'),
(17, 2000, '2019-07-25', '2019-08-01', 'ទូរចង្ក្រានលើ-ក្រោម ចង្ក្រានអគ្គីសនី ម៉ាស៊ីនបឺតផ្សែង  Minibar  ទូរទូរទស្សន៍', 'S', '2019-10-24 12:08:00', '2019-10-24 12:12:49', 'Y', 3, 3, 1, 16, 2, '000017', 2, '', NULL, 1, 'ពីរពាន់'),
(18, 2000, '2019-07-31', '2019-08-07', 'ទូរចង្ក្រានលើ-ក្រោម ចង្ក្រានអគ្គីសនី ម៉ាស៊ីនបឺតផ្សែង  Minibar  ទូរទូរទស្សន៍', 'S', '2019-10-24 14:48:47', '2019-10-24 14:52:59', 'Y', 3, 3, 1, 17, 2, '000018', 2, '', NULL, 1, 'ពីរពាន់'),
(19, 2000, '2019-10-03', '2019-10-10', 'ទូរចង្ក្រានលើ-ក្រោម ចង្ក្រានអគ្គីសនី ម៉ាស៊ីនបឺតផ្សែង  Minibar  ទូរទូរទស្សន៍', 'S', '2019-10-24 15:22:45', '2019-10-24 15:27:27', 'Y', 3, 3, 1, 14, 2, '000019', 1, '', NULL, 1, 'ពីរពាន់'),
(20, 4000, '2019-10-25', '2019-11-15', 'បង់ប្រាក់កក់2,000$ និងបន្ថែមបង់ប្រាក់កក់2,000$ ទៀតនៅខែបន្ទាប់', 'B', '2019-10-26 10:00:30', '2019-12-03 14:04:45', 'N', 3, 3, 1, 10, 2, '000020', 2, '', NULL, 2, 'បួនពាន់'),
(21, 2000, '2019-10-18', '2019-10-25', ' ទូរចង្ក្រានលើ-ក្រោម ចង្ក្រានអគ្គីសនី  ម៉ាស៊ីនបឺតផ្សែង  ទូរទូរទស្សន៍', 'S', '2019-10-26 10:24:46', '2019-12-02 14:21:22', 'Y', 3, 3, 1, 6, 2, '000021', 2, '', NULL, 2, 'ពីរពាន់'),
(22, 2000, '2019-07-15', '2019-07-22', 'ទូរចង្ក្រានលើ-ក្រោម ចង្ក្រានអគ្គីសនី ម៉ាស៊ីនបឺតផ្សែង ទូរទូរទស្សន៍', 'S', '2019-10-28 16:28:45', '2019-10-28 16:33:40', 'Y', 3, 3, 1, 7, 2, '000022', 2, '', NULL, 1, 'ពីរពាន់'),
(23, 2000, '2019-07-15', '2019-07-22', 'ទូរចង្ក្រានលើ-ក្រោម ចង្ក្រានអគ្គីសនី ម៉ាស៊ីនបឺតផ្សែង ទូរទូរទស្សន៍', 'S', '2019-10-28 16:30:57', '2019-10-28 16:36:19', 'Y', 3, 3, 1, 7, 2, '000023', 2, '', NULL, 1, 'ពីរពាន់'),
(24, 2000, '2019-08-09', '2019-08-16', 'ទូរចង្ក្រានលើ-ក្រោម ចង្ក្រានអគ្គីសនី ម៉ាស៊ីនបឺតផ្សែងទូរទូរទស្សន៍', 'S', '2019-10-29 11:39:49', '2019-10-29 11:42:25', 'Y', 3, 3, 1, 7, 2, '000024', 2, '', NULL, 1, 'ពីរពាន់'),
(25, 2000, '2019-10-21', '2019-11-01', 'ទូរចង្ក្រានលើ-ក្រោម ចង្ក្រានអគ្គីសនី ម៉ាស៊ីនបឺតផ្សែង  Minibar  ទូរទូរទស្សន៍', 'S', '2019-11-06 15:58:49', '2019-11-06 16:01:40', 'Y', 3, 3, 1, 14, 2, '000025', 2, '', NULL, 1, 'ពីរពាន់'),
(26, 2000, '2019-10-25', '2019-12-01', 'ទូរចង្ក្រានលើ-ក្រោម ចង្ក្រានអគ្គីសនី ម៉ាស៊ីនបឺតផ្សែង  Minibar  ទូរទូរទស្សន៍', 'S', '2019-12-03 14:10:09', '2019-12-03 14:22:07', 'Y', 3, 3, 1, 10, 5, '000026', 2, '', NULL, 2, 'ពីរពាន់'),
(27, 2000, '2019-12-16', '2020-01-01', 'ទូរចង្ក្រានលើ-ក្រោម ចង្ក្រានអគ្គីសនី   ម៉ាស៊ីនបឺតផ្សែង  Minibar  ទូរទូរទស្សន៍  និងម៉ូតូHONDA DREAM 2020', 'S', '2019-12-16 15:00:08', '2019-12-16 15:13:54', 'Y', 3, 3, 1, 6, 2, '000027', 1, '', NULL, 2, 'ពីរពាន់'),
(28, 2000, '2019-11-01', '2019-11-07', 'ទូរចង្ក្រានលើ-ក្រោម ចង្ក្រានអគ្គីសនី ម៉ាស៊ីនបឺតផ្សែង   ទូរទូរទស្សន៍ ទូរស័ព្ទ iPhone 11 pro	', 'S', '2019-12-19 14:51:25', '2019-12-19 14:56:40', 'Y', 3, 3, 1, 6, 2, '000028', 1, '', NULL, 2, 'ពីរពាន់'),
(29, 1000, '2019-06-03', '2019-06-10', 'ទូរចង្ក្រានលើ-ក្រោម ចង្ក្រានអគ្គីសនី   ម៉ាស៊ីនបឺតផ្សែង   ទូរទូរទស្សន៍ ', 'S', '2019-12-19 15:30:52', '2019-12-19 15:34:05', 'Y', 3, 3, 1, 9, 5, '000029', 1, '', NULL, 2, 'មួយពាន់'),
(30, 2000, '2019-06-14', '2019-06-21', 'ទូរចង្ក្រានលើ-ក្រោម ចង្ក្រានអគ្គីសនី   ម៉ាស៊ីនបឺតផ្សែង   ទូរទូរទស្សន៍', 'S', '2019-12-21 14:12:48', '2019-12-21 14:19:06', 'Y', 3, 3, 1, 7, 5, '000030', 2, '', NULL, 1, 'ពីរពាន់'),
(31, 1000, '2019-03-20', '2019-03-27', 'ទូរចង្ក្រានលើ-ក្រោម ចង្ក្រានអគ្គីសនី  ម៉ាស៊ីនបឺតផ្សែង   ទូរទូរទស្សន៍', 'S', '2019-12-21 14:37:55', '2019-12-21 14:50:44', 'Y', 3, 3, 1, 9, 5, '000031', 1, '', NULL, 1, 'មួយពាន់'),
(32, 2000, '2019-08-01', '2019-08-07', 'ទូរចង្ក្រានលើ-ក្រោម ចង្ក្រានអគ្គីសនី ម៉ាស៊ីនបឺតផ្សែង   ទូរទូរទស្សន៍', 'S', '2019-12-21 15:28:06', '2020-01-17 15:46:53', 'Y', 3, 3, 1, 7, 2, '000032', 2, '', NULL, 4, 'ពីរពាន់'),
(33, 2000, '2019-08-01', '2019-08-08', 'ទូរចង្ក្រានលើ-ក្រោម ចង្ក្រានអគ្គីសនី ម៉ាស៊ីនបឺតផ្សែង   ទូរទូរទស្សន៍', 'S', '2019-12-21 15:37:55', '2020-01-17 16:00:12', 'Y', 3, 3, 1, 7, 2, '000033', 2, '', NULL, 4, 'ពីរពាន់'),
(34, 2000, '2019-08-01', '2019-08-08', 'ទូរចង្ក្រានលើ-ក្រោម ចង្ក្រានអគ្គីសនី ម៉ាស៊ីនបឺតផ្សែង   ទូរទូរទស្សន៍', 'S', '2019-12-21 15:41:36', '2020-01-17 15:54:07', 'Y', 3, 3, 1, 7, 2, '000034', 2, '', NULL, 4, 'ពីរពាន់'),
(35, 2000, '2019-10-15', '2019-10-22', 'ទូរចង្ក្រានលើ-ក្រោម ចង្ក្រានអគ្គីសនី ម៉ាស៊ីនបឺតផ្សែង   ទូរទូរទស្សន៍ ទូរស័ព្ទ iPhone 11 pro	', 'S', '2019-12-22 10:28:35', '2019-12-22 10:32:25', 'Y', 3, 3, 1, 6, 2, '000035', 1, '', NULL, 2, 'ពីរពាន់'),
(36, 1000, '2019-06-10', '2019-06-17', 'ទូរចង្ក្រានលើ-ក្រោម ចង្ក្រានអគ្គីសនី ម៉ាស៊ីនបឺតផ្សែង   ទូរទូរទស្សន៍ 	', 'S', '2019-12-22 11:01:10', '2019-12-22 12:05:23', 'Y', 3, 3, 1, 8, 5, '000036', 1, '', NULL, 1, 'មួយពាន់'),
(37, 1000, '2019-06-14', '2019-06-22', 'ទូរចង្ក្រានលើ-ក្រោម ចង្ក្រានអគ្គីសនី  ម៉ាស៊ីនបឺតផ្សែង   ទូរទូរទស្សន៍  ', 'S', '2019-12-22 13:50:37', '2019-12-22 14:07:11', 'Y', 3, 3, 1, 9, 5, '000037', 1, '', NULL, 1, 'មួយពាន់'),
(38, 12000, '2019-11-06', '2019-12-01', '    ទូរចង្ក្រានលើ-ក្រោម ចង្ក្រានអគ្គីសនី ម៉ាស៊ីនបឺតផ្សែង   ទូរទូរទស្សន៍ ទូរស័ព្ទ iPhone 11 pro', 'S', '2019-12-22 14:25:13', '2019-12-22 14:34:20', 'Y', 3, 3, 1, 14, 2, '000038', 1, '', NULL, 2, 'មួយម៉ឺនពីរពាន់'),
(39, 2000, '2019-08-31', '2019-09-07', 'ទូរចង្ក្រានលើ-ក្រោម ចង្ក្រានអគ្គីសនី  ម៉ាស៊ីនបឺតផ្សែង   ទូរទូរទស្សន៍  ', 'S', '2019-12-23 15:41:41', '2019-12-23 15:45:20', 'Y', 3, 3, 1, 6, 2, '000039', 1, '', NULL, 4, 'ពីរពាន់'),
(40, 2000, '2019-12-26', '2020-01-02', 'I Phone', 'B', '2019-12-26 16:06:17', '2019-12-27 14:02:56', 'N', 3, 3, 1, 6, 2, '000040', 1, '', NULL, 1, 'ពីរពាន់'),
(41, 2000, '2019-12-28', '2020-01-04', 'ទូរចង្ក្រានលើ-ក្រោម ចង្ក្រានអគ្គីសនី ម៉ាស៊ីនបឺតផ្សែង   ទូរទូរទស្សន៍ HONDA DREAM 2020', 'S', '2019-12-28 10:35:52', '2019-12-28 10:42:11', 'Y', 3, 3, 1, 6, 2, '000041', 1, '', NULL, 2, 'ពីរពាន់'),
(42, 2000, '2019-07-30', '2019-08-07', 'ទូរចង្ក្រានលើ-ក្រោម ចង្ក្រានអគ្គីសនី ម៉ាស៊ីនបឺតផ្សែង  Minibar  ទូរទូរទស្សន៍', 'S', '2019-12-30 09:36:28', '2019-12-30 09:43:51', 'Y', 3, 3, 1, 16, 2, '000042', 1, '', NULL, 1, 'ពីរពាន់'),
(43, 2000, '2020-01-04', '2020-01-10', 'បន្ថែម', 'B', '2020-01-04 16:19:52', '2020-01-04 16:47:19', 'N', 4, 4, 1, 6, 5, '000043', 1, '', NULL, 2, 'ពីរពាន់'),
(44, 2000, '2019-07-07', '2019-07-15', 'ទូរចង្ក្រានលើ-ក្រោម ចង្ក្រានអគ្គីសនី ម៉ាស៊ីនបឺតផ្សែងទូរទូរទស្សន៍', 'S', '2020-01-16 11:47:08', '2020-01-16 11:58:08', 'Y', 3, 3, 1, 7, 5, '000044', 2, '', NULL, 1, 'ពីរពាន់'),
(45, 2000, '2020-01-12', '2020-01-18', 'ទូរចង្ក្រានលើ-ក្រោម ចង្ក្រានអគ្គីសនី   ម៉ាស៊ីនបឺតផ្សែង  ទូរទូរទស្សន៍', 'S', '2020-01-18 13:57:03', '2020-01-18 14:06:58', 'Y', 2, 2, 1, 14, 5, '000045', 1, '', NULL, 2, 'ពីរពាន់'),
(46, 2000, '2020-01-19', '2020-01-25', 'ទូរចង្ក្រានលើ-ក្រោម ចង្ក្រានអគ្គីសនី ម៉ាស៊ីនបឺតផ្សែង  Minibar ', 'S', '2020-01-19 10:59:15', '2020-01-20 11:39:50', 'Y', 4, 3, 1, 12, 12, '000046', 2, '', NULL, 2, 'ពីរពាន់'),
(47, 2000, '2019-06-23', '2019-07-01', 'ទូរចង្ក្រានលើ-ក្រោម ចង្ក្រានអគ្គីសនី ម៉ាស៊ីនបឺតផ្សែង  Minibar  ទូរទូរទស្សន៍', 'S', '2020-02-03 11:24:43', '2020-02-03 11:27:08', 'Y', 3, 3, 1, 7, 5, '000047', 1, '', NULL, 1, 'ពីរពាន់'),
(48, 2000, '2019-07-28', '2019-08-01', 'ទូរចង្ក្រានលើ-ក្រោម ចង្ក្រានអគ្គីសនី ម៉ាស៊ីនបឺតផ្សែង  Minibar  ទូរទូរទស្សន៍', 'S', '2020-02-03 14:59:40', '2020-02-03 15:04:33', 'Y', 3, 3, 1, 7, 5, '000048', 2, '', NULL, 2, 'ពីរពាន់'),
(49, 2000, '2019-11-17', '2019-11-23', 'ទូរចង្ក្រានលើ-ក្រោម ចង្ក្រានអគ្គីសនី  ម៉ាស៊ីនបឺតផ្សែង   ទូរទូរទស្សន៍ ទូរស័ព្ទ iPhone 11 pro', 'S', '2020-02-08 13:52:12', '2020-02-08 13:57:10', 'Y', 3, 3, 1, 6, 5, '000049', 1, '', NULL, 2, 'ពីរពាន់'),
(50, 2000, '2019-07-31', '2019-08-07', 'ទូរតាំង ទូរចង្ក្រានលើ-ក្រោម ចង្ក្រានអគ្គីសនី ម៉ាស៊ីនបឺតផ្សែង ទូរទូរទស្សន៍ ទូរទឹកកក', 'S', '2020-02-08 14:22:36', '2020-02-08 14:31:59', 'Y', 3, 3, 1, 2, 5, '000050', 2, '', NULL, 2, 'ពីរពាន់'),
(51, 2000, '2019-10-11', '2019-11-01', 'ទូរចង្ក្រានលើ-ក្រោម ចង្ក្រានអគ្គីសនី  ម៉ាស៊ីនបឺតផ្សែង   ទូរទូរទស្សន៍', 'S', '2020-02-08 14:47:26', '2020-02-08 14:50:41', 'Y', 3, 3, 1, 13, 2, '000051', 1, '', NULL, 1, 'ពីរពាន់');

-- --------------------------------------------------------

--
-- Table structure for table `tbl_contract_customer`
--

DROP TABLE IF EXISTS `tbl_contract_customer`;
CREATE TABLE IF NOT EXISTS `tbl_contract_customer` (
  `con_id` int(11) NOT NULL,
  `cus_id` int(11) NOT NULL,
  `regDt` datetime DEFAULT NULL,
  `upDt` datetime DEFAULT NULL,
  `useYn` varchar(1) NOT NULL,
  `regUsr` int(11) NOT NULL,
  `upUsr` int(11) NOT NULL,
  `com_id` int(11) NOT NULL,
  `con_cus_order` int(11) DEFAULT NULL,
  PRIMARY KEY (`con_id`,`cus_id`)
) ENGINE=MyISAM DEFAULT CHARSET=utf8;

--
-- Dumping data for table `tbl_contract_customer`
--

INSERT INTO `tbl_contract_customer` (`con_id`, `cus_id`, `regDt`, `upDt`, `useYn`, `regUsr`, `upUsr`, `com_id`, `con_cus_order`) VALUES
(1, 8, '2019-10-21 13:51:03', NULL, 'Y', 3, 0, 1, 1),
(2, 5, '2019-10-21 16:25:12', NULL, 'Y', 3, 0, 1, 1),
(3, 5, '2019-10-21 16:34:01', NULL, 'Y', 3, 0, 1, 1),
(4, 9, '2019-10-21 17:01:50', NULL, 'Y', 3, 0, 1, 1),
(5, 10, '2019-10-21 17:07:49', NULL, 'Y', 3, 0, 1, 1),
(6, 11, '2019-10-22 14:58:42', NULL, 'Y', 3, 0, 1, 1),
(6, 12, '2019-10-22 14:58:42', NULL, 'Y', 3, 0, 1, 2),
(7, 13, '2019-10-22 15:40:13', NULL, 'Y', 3, 0, 1, 1),
(8, 15, '2019-10-22 16:15:51', NULL, 'Y', 3, 0, 1, 1),
(9, 25, '2019-10-23 15:32:32', NULL, 'Y', 3, 0, 1, 1),
(10, 25, '2019-10-23 15:43:24', NULL, 'Y', 3, 0, 1, 1),
(11, 26, '2019-10-24 09:21:14', NULL, 'Y', 3, 0, 1, 1),
(12, 27, '2019-10-24 09:47:19', NULL, 'Y', 3, 0, 1, 1),
(13, 27, '2019-10-24 09:53:17', NULL, 'Y', 3, 0, 1, 1),
(14, 28, '2019-10-24 10:06:08', NULL, 'Y', 3, 0, 1, 1),
(15, 29, '2019-10-24 10:17:19', NULL, 'Y', 3, 0, 1, 1),
(16, 35, '2019-10-24 11:34:56', NULL, 'Y', 3, 0, 1, 1),
(17, 36, '2019-10-24 12:08:00', NULL, 'Y', 3, 0, 1, 1),
(17, 37, '2019-10-24 12:08:00', NULL, 'Y', 3, 0, 1, 2),
(18, 45, '2019-10-24 14:48:47', NULL, 'Y', 3, 0, 1, 1),
(19, 46, '2019-10-24 15:22:45', NULL, 'Y', 3, 0, 1, 1),
(19, 47, '2019-10-24 15:22:45', NULL, 'Y', 3, 0, 1, 2),
(20, 49, '2019-10-26 10:00:30', NULL, 'Y', 3, 0, 1, 1),
(21, 48, '2019-10-26 10:24:46', NULL, 'Y', 3, 0, 1, 1),
(22, 14, '2019-10-28 16:28:45', NULL, 'Y', 3, 0, 1, 1),
(23, 14, '2019-10-28 16:30:58', NULL, 'Y', 3, 0, 1, 1),
(24, 50, '2019-10-29 11:39:49', NULL, 'Y', 3, 0, 1, 1),
(25, 51, '2019-11-06 15:58:49', NULL, 'Y', 3, 0, 1, 1),
(25, 8, '2019-11-06 15:58:49', NULL, 'Y', 3, 0, 1, 2),
(26, 49, '2019-12-03 14:10:09', NULL, 'Y', 3, 0, 1, 1),
(27, 53, '2019-12-16 15:00:08', NULL, 'Y', 3, 0, 1, 1),
(27, 52, '2019-12-16 15:00:08', NULL, 'Y', 3, 0, 1, 2),
(28, 54, '2019-12-19 14:51:25', NULL, 'Y', 3, 0, 1, 1),
(29, 18, '2019-12-19 15:30:52', NULL, 'Y', 3, 0, 1, 1),
(29, 17, '2019-12-19 15:30:52', NULL, 'Y', 3, 0, 1, 2),
(30, 55, '2019-12-21 14:12:48', NULL, 'Y', 3, 0, 1, 1),
(31, 21, '2019-12-21 14:37:55', NULL, 'Y', 3, 0, 1, 1),
(32, 56, '2019-12-21 15:28:06', NULL, 'Y', 3, 0, 1, 1),
(33, 56, '2019-12-21 15:37:55', NULL, 'Y', 3, 0, 1, 1),
(34, 56, '2019-12-21 15:41:36', NULL, 'Y', 3, 0, 1, 1),
(35, 57, '2019-12-22 10:28:35', NULL, 'Y', 3, 0, 1, 1),
(35, 58, '2019-12-22 10:28:35', NULL, 'Y', 3, 0, 1, 2),
(36, 59, '2019-12-22 11:01:10', NULL, 'Y', 3, 0, 1, 1),
(37, 21, '2019-12-22 13:50:37', NULL, 'Y', 3, 0, 1, 1),
(38, 60, '2019-12-22 14:25:13', NULL, 'Y', 3, 0, 1, 1),
(39, 67, '2019-12-23 15:41:41', NULL, 'Y', 3, 0, 1, 1),
(39, 68, '2019-12-23 15:41:41', NULL, 'Y', 3, 0, 1, 2),
(40, 69, '2019-12-26 16:06:17', NULL, 'Y', 3, 0, 1, 1),
(41, 71, '2019-12-28 10:35:52', NULL, 'Y', 3, 0, 1, 1),
(42, 44, '2019-12-30 09:36:28', NULL, 'Y', 3, 0, 1, 1),
(42, 42, '2019-12-30 09:36:28', NULL, 'Y', 3, 0, 1, 2),
(42, 43, '2019-12-30 09:36:28', NULL, 'Y', 3, 0, 1, 3),
(43, 72, '2020-01-04 16:19:52', NULL, 'Y', 4, 0, 1, 1),
(44, 76, '2020-01-16 11:47:09', NULL, 'Y', 3, 0, 1, 1),
(44, 77, '2020-01-16 11:47:09', NULL, 'Y', 3, 0, 1, 2),
(45, 75, '2020-01-18 13:57:03', NULL, 'Y', 2, 0, 1, 1),
(45, 80, '2020-01-18 13:57:03', NULL, 'Y', 2, 0, 1, 2),
(46, 82, '2020-01-19 10:59:15', NULL, 'Y', 4, 0, 1, 1),
(46, 81, '2020-01-19 10:59:15', NULL, 'Y', 4, 0, 1, 2),
(46, 79, '2020-01-19 10:59:15', NULL, 'Y', 4, 0, 1, 3),
(47, 30, '2020-02-03 11:24:43', NULL, 'Y', 3, 0, 1, 1),
(48, 83, '2020-02-03 14:59:40', NULL, 'Y', 3, 0, 1, 1),
(49, 84, '2020-02-08 13:52:13', NULL, 'Y', 3, 0, 1, 1),
(49, 85, '2020-02-08 13:52:13', NULL, 'Y', 3, 0, 1, 2),
(50, 62, '2020-02-08 14:22:36', NULL, 'Y', 3, 0, 1, 1),
(50, 63, '2020-02-08 14:22:36', NULL, 'Y', 3, 0, 1, 2),
(51, 15, '2020-02-08 14:47:26', NULL, 'Y', 3, 0, 1, 1);

-- --------------------------------------------------------

--
-- Table structure for table `tbl_contract_detail`
--

DROP TABLE IF EXISTS `tbl_contract_detail`;
CREATE TABLE IF NOT EXISTS `tbl_contract_detail` (
  `con_id` int(11) NOT NULL,
  `pro_id` int(11) NOT NULL,
  `pro_unit_price` double DEFAULT NULL,
  `pro_dis_per` double DEFAULT NULL,
  `pro_dis_amt` double DEFAULT NULL,
  `pro_book_price` double DEFAULT NULL,
  `regDt` datetime DEFAULT NULL,
  `upDt` datetime DEFAULT NULL,
  `useYn` varchar(1) NOT NULL,
  `regUsr` int(11) NOT NULL,
  `upUsr` int(11) NOT NULL,
  `com_id` int(11) NOT NULL,
  `pro_book_price_desc` text,
  PRIMARY KEY (`con_id`,`pro_id`)
) ENGINE=MyISAM DEFAULT CHARSET=utf8;

--
-- Dumping data for table `tbl_contract_detail`
--

INSERT INTO `tbl_contract_detail` (`con_id`, `pro_id`, `pro_unit_price`, `pro_dis_per`, `pro_dis_amt`, `pro_book_price`, `regDt`, `upDt`, `useYn`, `regUsr`, `upUsr`, `com_id`, `pro_book_price_desc`) VALUES
(1, 139, NULL, NULL, NULL, 129000, '2019-10-21 13:51:03', NULL, 'Y', 3, 0, 1, 'ដប់ពីរម៉ឺនប្រាំបួនពាន់'),
(2, 1, NULL, NULL, NULL, 130000, '2019-10-21 16:25:12', NULL, 'Y', 3, 0, 1, 'ដប់បីម៉ឺន'),
(10, 114, NULL, NULL, NULL, 99000, '2019-10-23 15:43:24', NULL, 'Y', 3, 0, 1, 'ប្រាំបួនម៉ឺនប្រាំបួនពាន់'),
(3, 2, NULL, NULL, NULL, 90000, '2019-10-21 16:34:01', NULL, 'Y', 3, 0, 1, 'ប្រាំបួនម៉ឺន'),
(4, 3, NULL, NULL, NULL, 85900, '2019-10-21 17:01:50', NULL, 'Y', 3, 0, 1, 'ប្រាំបីម៉ឺនប្រាំពាន់ប្រាំបួនរយ'),
(5, 5, NULL, NULL, NULL, 130000, '2019-10-21 17:07:49', NULL, 'Y', 3, 0, 1, 'ដប់បីម៉ឺន'),
(6, 6, NULL, NULL, NULL, 93900, '2019-10-22 14:58:42', NULL, 'Y', 3, 0, 1, 'ប្រាំបួនម៉ឺនបីពាន់ប្រាំបួនរយ'),
(7, 8, NULL, NULL, NULL, 159000, '2019-10-22 15:40:13', NULL, 'Y', 3, 0, 1, 'ដប់ប្រាំម៉ឺនប្រាំបួនពាន់'),
(8, 9, NULL, NULL, NULL, 135000, '2019-10-22 16:15:51', NULL, 'Y', 3, 0, 1, 'ដប់បីម៉ឺនប្រាំពាន់'),
(9, 114, NULL, NULL, NULL, 99000, '2019-10-23 15:32:32', NULL, 'Y', 3, 0, 1, 'ប្រាំបួនម៉ឺនប្រាំបួនពាន់'),
(11, 115, NULL, NULL, NULL, 99000, '2019-10-24 09:21:14', NULL, 'Y', 3, 0, 1, 'ប្រាំបួនម៉ឺនប្រាំបួនពាន់'),
(12, 116, NULL, NULL, NULL, 99000, '2019-10-24 09:47:18', NULL, 'Y', 3, 0, 1, 'ប្រាំបួនម៉ឺនប្រាំបួនពាន់'),
(13, 116, NULL, NULL, NULL, 122500, '2019-10-24 09:53:17', NULL, 'Y', 3, 0, 1, 'ដប់ពីរម៉ឺនពីរពាន់ប្រាំរយ'),
(14, 117, NULL, NULL, NULL, 99000, '2019-10-24 10:06:08', NULL, 'Y', 3, 0, 1, 'ប្រាំបួនម៉ឺនប្រាំបួនពាន់'),
(15, 118, NULL, NULL, NULL, 99000, '2019-10-24 10:17:19', NULL, 'Y', 3, 0, 1, 'ប្រាំបួនម៉ឺនប្រាំបួនពាន់'),
(16, 128, NULL, NULL, NULL, 125000, '2019-10-24 11:34:55', NULL, 'Y', 3, 0, 1, 'ដប់ពីរម៉ឺនប្រាំពាន់'),
(17, 129, NULL, NULL, NULL, 115000, '2019-10-24 12:08:00', NULL, 'Y', 3, 0, 1, 'ដប់មួយម៉ឺនប្រាំពាន់'),
(18, 134, NULL, NULL, NULL, 125000, '2019-10-24 14:48:47', NULL, 'Y', 3, 0, 1, 'ដប់ពីរម៉ឺនប្រាំពាន់'),
(19, 137, NULL, NULL, NULL, 135000, '2019-10-24 15:22:45', NULL, 'Y', 3, 0, 1, 'ដប់បីម៉ឺនប្រាំពាន់'),
(20, 150, NULL, NULL, NULL, 298000, '2019-10-26 10:00:30', NULL, 'Y', 3, 0, 1, 'ម្ភៃប្រាំបួនម៉ឺនប្រាំបីពាន់'),
(21, 138, NULL, NULL, NULL, 139000, '2019-10-26 10:24:46', NULL, 'Y', 3, 0, 1, 'ដប់បីម៉ឺនប្រាំបួនពាន់'),
(22, 14, NULL, NULL, NULL, 129000, '2019-10-28 16:28:45', NULL, 'Y', 3, 0, 1, 'ដប់ពីរម៉ឺនប្រាំបួនពាន់'),
(23, 15, NULL, NULL, NULL, 129000, '2019-10-28 16:30:57', NULL, 'Y', 3, 0, 1, 'ដប់ពីរម៉ឺនប្រាំបួនពាន់'),
(24, 12, NULL, NULL, NULL, 129000, '2019-10-29 11:39:49', NULL, 'Y', 3, 0, 1, 'ដប់ពីរម៉ឺនប្រាំបួនពាន់'),
(25, 139, NULL, NULL, NULL, 129000, '2019-11-06 15:58:49', NULL, 'Y', 3, 0, 1, 'ដប់ពីរម៉ឺនប្រាំបួនពាន់'),
(26, 150, NULL, NULL, NULL, 298000, '2019-12-03 14:10:09', NULL, 'Y', 3, 0, 1, 'ម្ភៃប្រាំបួនម៉ឺនប្រាំបីពាន់'),
(27, 140, NULL, NULL, NULL, 167000, '2019-12-16 15:00:08', NULL, 'Y', 3, 0, 1, 'ដប់ប្រាំមួយម៉ឺនប្រាំពីពាន់'),
(28, 31, NULL, NULL, NULL, 92900, '2019-12-19 14:51:25', NULL, 'Y', 3, 0, 1, 'ប្រាំបួនម៉ឺនពីរពាន់ប្រាំបួនរយ'),
(29, 154, NULL, NULL, NULL, 75900, '2019-12-19 15:30:52', NULL, 'Y', 3, 0, 1, 'ប្រាំពីរម៉ឺនប្រាំពាន់ប្រាំបួនរយ'),
(30, 48, NULL, NULL, NULL, 104665, '2019-12-21 14:12:48', NULL, 'Y', 3, 0, 1, 'ដប់ម៉ឺនបួនពាន់ប្រាំមួយរយហុកសិបប្រាំ'),
(31, 49, NULL, NULL, NULL, 97000, '2019-12-21 14:37:55', NULL, 'Y', 3, 0, 1, 'ប្រាំបួនម៉ឺនប្រាំពីរពាន់'),
(32, 66, NULL, NULL, NULL, 95215, '2019-12-21 15:28:06', NULL, 'Y', 3, 0, 1, 'ប្រាំបួនម៉ឺនប្រាំពាន់ពីររយដប់ប្រាំ'),
(33, 67, NULL, NULL, NULL, 73900, '2019-12-21 15:37:55', NULL, 'Y', 3, 0, 1, 'ប្រាំពីរម៉ឺនបីពាន់ប្រាំបួនរយ'),
(34, 68, NULL, NULL, NULL, 73900, '2019-12-21 15:41:36', NULL, 'Y', 3, 0, 1, 'ប្រាំពីរម៉ឺនបីពាន់ប្រាំបួនរយ'),
(35, 69, NULL, NULL, NULL, 88900, '2019-12-22 10:28:35', NULL, 'Y', 3, 0, 1, 'ប្រាំបីម៉ឺនប្រាំបីពាន់ប្រាំបួនរយ'),
(36, 72, NULL, NULL, NULL, 73900, '2019-12-22 11:01:10', NULL, 'Y', 3, 0, 1, 'ប្រាំពីរម៉ឺនបីពាន់ប្រាំបួនរយ'),
(37, 73, NULL, NULL, NULL, 73900, '2019-12-22 13:50:37', NULL, 'Y', 3, 0, 1, 'ប្រាំពីរម៉ឺនបីពាន់ប្រាំបួនរយ'),
(38, 74, NULL, NULL, NULL, 92900, '2019-12-22 14:25:13', NULL, 'Y', 3, 0, 1, 'ប្រាំបួនម៉ឺនពីរពាន់ប្រាំបួនរយ'),
(39, 78, NULL, NULL, NULL, 120015, '2019-12-23 15:41:41', NULL, 'Y', 3, 0, 1, 'ដប់ពីរម៉ឺនដប់ប្រាំ'),
(40, 7, NULL, NULL, NULL, 159000, '2019-12-26 16:06:17', NULL, 'Y', 3, 0, 1, 'ដប់ប្រាំម៉ឺនប្រាំបួនពាន់'),
(41, 30, NULL, NULL, NULL, 90900, '2019-12-28 10:35:52', NULL, 'Y', 3, 0, 1, 'ប្រាំបួនម៉ឺនប្រាំបួនរយ'),
(42, 133, NULL, NULL, NULL, 127000, '2019-12-30 09:36:28', NULL, 'Y', 3, 0, 1, 'ដប់ពីរម៉ឺនប្រាំពីរពាន់'),
(43, 148, NULL, NULL, NULL, 157000, '2020-01-04 16:19:52', NULL, 'Y', 4, 0, 1, 'ដប់ប្រាំម៉ឺនប្រាំពីរពាន់'),
(44, 32, NULL, NULL, NULL, 80900, '2020-01-16 11:47:08', NULL, 'Y', 3, 0, 1, 'ប្រាំបីម៉ឺនប្រាំបួនរយ'),
(45, 18, NULL, NULL, NULL, 140000, '2020-01-18 13:57:03', NULL, 'Y', 2, 0, 1, 'ដប់បួនម៉ឺន'),
(46, 151, NULL, NULL, NULL, 139000, '2020-01-19 10:59:15', NULL, 'Y', 4, 0, 1, 'ដប់បីម៉ឺនប្រាំបួនពាន់'),
(47, 119, NULL, NULL, NULL, 99000, '2020-02-03 11:24:43', NULL, 'Y', 3, 0, 1, 'ប្រាំបួនម៉ឺនប្រាំបួនពាន់'),
(48, 125, NULL, NULL, NULL, 115000, '2020-02-03 14:59:40', NULL, 'Y', 3, 0, 1, 'ដប់មួយម៉ឺនប្រាំពាន់'),
(49, 71, NULL, NULL, NULL, 92900, '2020-02-08 13:52:12', NULL, 'Y', 3, 0, 1, 'ប្រាំបួនម៉ឺនពីរពាន់ប្រាំបួនរយ'),
(50, 70, NULL, NULL, NULL, 73900, '2020-02-08 14:22:36', NULL, 'Y', 3, 0, 1, 'ប្រាំពីរម៉ឺនបីពាន់ប្រាំបួនរយ'),
(51, 10, NULL, NULL, NULL, 135000, '2020-02-08 14:47:26', NULL, 'Y', 3, 0, 1, 'ដប់បីម៉ឺនប្រាំពាន់');

-- --------------------------------------------------------

--
-- Table structure for table `tbl_contract_type`
--

DROP TABLE IF EXISTS `tbl_contract_type`;
CREATE TABLE IF NOT EXISTS `tbl_contract_type` (
  `con_type_id` int(11) NOT NULL AUTO_INCREMENT,
  `con_type_nm_kh` varchar(500) DEFAULT NULL,
  `con_type_nm` varchar(500) DEFAULT NULL,
  `con_type_inst_com_yn` varchar(1) DEFAULT NULL,
  PRIMARY KEY (`con_type_id`)
) ENGINE=MyISAM AUTO_INCREMENT=5 DEFAULT CHARSET=utf8;

--
-- Dumping data for table `tbl_contract_type`
--

INSERT INTO `tbl_contract_type` (`con_type_id`, `con_type_nm_kh`, `con_type_nm`, `con_type_inst_com_yn`) VALUES
(1, 'រំលស់ជាមួយក្រុមហ៊ុន', 'រំលស់ជាមួយក្រុមហ៊ុន', 'Y'),
(2, 'រំលស់ជាមួយធនាគារ', 'រំលស់ជាមួយធនាគារ', 'N'),
(3, 'បង់១០០%', 'បង់១០០%', 'N'),
(4, 'រំលស់ជាមួយឥណទាន', 'រំលស់ជាមួយឥណទាន', 'N');

-- --------------------------------------------------------

--
-- Table structure for table `tbl_customer`
--

DROP TABLE IF EXISTS `tbl_customer`;
CREATE TABLE IF NOT EXISTS `tbl_customer` (
  `cus_id` int(11) NOT NULL AUTO_INCREMENT,
  `cus_nm` varchar(30) DEFAULT NULL,
  `cus_nm_kh` varchar(30) DEFAULT NULL,
  `cus_gender` varchar(10) DEFAULT NULL,
  `cus_dob` date DEFAULT NULL,
  `cus_photo` text,
  `cus_phone1` varchar(15) DEFAULT NULL,
  `cus_phone2` varchar(15) DEFAULT NULL,
  `cus_email` varchar(50) DEFAULT NULL,
  `cus_fb_name` varchar(50) CHARACTER SET armscii8 NOT NULL,
  `cus_addr` text,
  `cus_des` text,
  `cus_idnt_num` varchar(20) DEFAULT NULL,
  `cus_idnt_type` varchar(4) DEFAULT NULL,
  `regDt` datetime DEFAULT NULL,
  `upDt` datetime DEFAULT NULL,
  `useYn` varchar(1) DEFAULT NULL,
  `regUsr` int(11) DEFAULT NULL,
  `upUsr` varchar(100) CHARACTER SET armscii8 NOT NULL,
  `com_id` int(11) DEFAULT NULL,
  `cus_indt_date` date DEFAULT NULL,
  PRIMARY KEY (`cus_id`)
) ENGINE=MyISAM AUTO_INCREMENT=86 DEFAULT CHARSET=utf8;

--
-- Dumping data for table `tbl_customer`
--

INSERT INTO `tbl_customer` (`cus_id`, `cus_nm`, `cus_nm_kh`, `cus_gender`, `cus_dob`, `cus_photo`, `cus_phone1`, `cus_phone2`, `cus_email`, `cus_fb_name`, `cus_addr`, `cus_des`, `cus_idnt_num`, `cus_idnt_type`, `regDt`, `upDt`, `useYn`, `regUsr`, `upUsr`, `com_id`, `cus_indt_date`) VALUES
(1, NULL, 'មិត្ត', 'Male', '1992-01-01', '', '0102365456', '', '', '', 'Phnom Penh', 'sadfnsabfm', '123456789', NULL, '2019-09-17 15:13:56', '2019-10-14 13:08:08', 'N', 3, '2', 1, NULL),
(2, NULL, 'ថ្នីថ្នី', 'Female', '1992-01-01', '', '010258963', '', '', '', 'Phnom Penh', '', '123654789', NULL, '2019-09-17 15:26:27', '2019-10-14 13:08:08', 'N', 3, '2', 1, NULL),
(3, NULL, 'ទេស ដារ៉ាវិចិត្រ', 'Male', '1992-05-05', '', '012222523', '', '', '', '', 'A5', '01210000', NULL, '2019-09-17 16:47:37', '2019-10-14 13:08:08', 'N', 3, '2', 1, NULL),
(4, NULL, 'KerKer', 'Male', '2019-01-01', '', '012000506', '0965855543', '', '', 'pp', '', '1221111', NULL, '2019-09-17 17:18:23', '2019-10-14 13:08:08', 'N', 3, '2', 1, NULL),
(5, NULL, 'ឡាង វណ្ណវឌ្ឍនា', 'Male', '1980-11-26', '', '012877168', '', '', '', 'ផ្ទះ២០E0E1E2ផ្លូវលេខ៤ ភូមិ សង្កាត់និរេាធ ខណ្ឌច្បារអំពៅ រាជធានីភ្នំពេញ', '', '010239841(01)', NULL, '2019-10-14 15:00:09', '2019-10-21 16:35:30', 'Y', 3, '3', 1, '2019-06-21'),
(6, NULL, 'រុន ណារ៉ង', 'Female', '1988-10-30', '', '0968687288', '', '', '', ' ផ្លូវលំ ភូមិស្វាយមានលក្ខណ៍ សង្កាត់ស្ពានថ្ម ខណ្ឌដង្កោ ភ្នំពេញ', '', '011084939', NULL, '2019-10-14 15:51:58', NULL, 'Y', 3, '', 1, '2015-11-18'),
(7, NULL, 'តូច សុខន', 'Female', '1976-01-01', '', '011999314', '', '', '', 'ផ្ទះ៤០៤ ផ្លូវ៦១បេតេ ភូមិត្នោតជ្រុំ សង្កាត់បឹងទំពុន ខណ្ឌមានជ័យ ភ្នំពេញ', '', '010140000(01)', NULL, '2019-10-16 14:17:34', '2019-10-16 14:27:39', 'Y', 3, '3', 1, '1970-01-01'),
(8, NULL, 'ហេង សុវិច្ឆិកា', 'Female', '1978-11-09', '', '012849689', '081818188', '', '', 'ភូមិទី៦ សង្កាត់វាលវង់ ក្រុងកំពង់ចាម កំពង់ចាម', '', '061799533', NULL, '2019-10-21 13:44:25', '2019-11-06 16:04:24', 'Y', 3, '3', 1, '2015-05-20'),
(9, NULL, 'រុន ណារ៉ង', 'Female', '1988-10-30', '', '0968687288', '', '', '', 'ផ្លូវលំ ភូមិស្វាយមានល័ក្ខណ៍ សង្កាត់ស្ពានថ្ម ខណ្ឌដង្កោ ភំ្នពេញ', '', '011084939', NULL, '2019-10-21 14:21:07', NULL, 'Y', 3, '', 1, '2015-11-18'),
(10, NULL, 'ទេស ដារ៉ាវិចិត្រ', 'Male', '1989-10-27', '', '015718608', '', '', '', 'ភូមិទន្លេបាទី ឃុំក្រាំងធ្មង់ ស្រុកបាទី ខេត្តតាកែវ', '', '100646562', NULL, '2019-10-21 14:31:19', NULL, 'Y', 3, '', 1, '2012-03-04'),
(11, NULL, 'គឹម ដារា', 'Male', '1984-12-15', '', '012650075', '016933336', '', '', 'ផ្ទះ១៨ដេ ផ្លូវលំ ភូមិទួលសង្កែ សង្កាត់ទួលសង្កែ ខណ្ឌឫស្សីកែវ ភំ្នពេញ', '', '010463053', NULL, '2019-10-21 14:39:06', NULL, 'Y', 3, '', 1, '2014-08-13'),
(12, NULL, 'លឹម បូផាណា', 'Female', '1984-12-06', '', '012650075', '085933336', '', '', 'ផ្ទះ១៩៥អឺ០ ផ្លូវ២១៧ ភូមិ៣ សង្កាត់អូរឫស្សីទី៣ ខណ្ឌ៧មករា ភំ្នពេញ', '', '010793056', NULL, '2019-10-21 14:43:10', NULL, 'Y', 3, '', 1, '2012-08-27'),
(13, NULL, 'ហ៊ាន សុធារី', 'Female', '1985-08-25', '', '01788180', '', '', '', 'ផ្ទះ០៧ ផ្លូវH០៨ ភូមិបឹងឈូក សង្កាត់និរោធ ខណ្ឌច្បារអំពៅ ភំ្នពេញ', '', '011317594', NULL, '2019-10-21 14:49:04', NULL, 'Y', 3, '', 1, '2018-06-14'),
(14, NULL, 'វេង ផល្លី', 'Female', '1984-12-02', '', '012346687', '', '', '', 'ផ្ទះ១៥ ផ្លូវ១០៥ ភូមិតាខ្មៅ សង្កាត់តាខ្មៅ ក្រុងតាខ្មៅ កណ្តាល', '', '020553503(01)', NULL, '2019-10-21 14:53:29', NULL, 'Y', 3, '', 1, '2015-11-10'),
(15, NULL, 'តូច សុខន', 'Female', '1976-01-01', '', '011999314', '', '', '', 'ផ្ទះ៤០៤ ផ្លូវ៦១បេតេ ភូមិត្មោតជ្រុំ សង្កាត់បឹងទំពុន ខណ្ឌមានជ័យ ភំ្នពេញ', '', '010140000(01)', NULL, '2019-10-21 14:58:29', NULL, 'Y', 3, '', 1, '2015-02-13'),
(16, NULL, 'ប៊ៀវ ឈុនហៀង', 'Female', '1983-09-10', '', '099606666', '', '', '', 'ផ្ទះ៥១អឺ០ហ្សិត ផ្លូវ៦៤ ភូមិ២ សង្កាត់អូរឫស្សីទី២ ខណ្ឌ៧មករា ភ្នំពេញ', '', '011232070', NULL, '2019-10-21 15:06:28', NULL, 'Y', 3, '', 1, '2016-06-14'),
(17, NULL, 'គង់ ធីតា', 'Female', '1992-01-05', '', '010383894', '', '', '', 'ផ្ទះ២០២ ផ្លូវ៣៧១ ភូមិក្បាលទំនប់ សង្កាត់បឹងទំពុន ខណ្ឌមានជ័យ ភ្នំពេញ', '', '010689610(01)', NULL, '2019-10-21 15:19:03', NULL, 'Y', 3, '', 1, '2016-03-10'),
(18, NULL, 'គង់ ឌីណា', 'Male', '1989-12-28', '', '010383894', '', '', '', 'ផ្ទះ២០២ ផ្លូវ៣៧១ ភូមិក្បាលទំនប់ សង្កាត់បឹងទំពុន ខណ្ឌមានជ័យ ភ្នំពេញ', '', '010649175(01)', NULL, '2019-10-21 15:21:11', NULL, 'Y', 3, '', 1, '2017-07-13'),
(19, NULL, 'ឡុង ម៉ៅ', 'Male', '1984-09-21', '', '012800076', '', '', '', 'ផ្លូវជាតិលេខ៦A ភូមិបាក់ខែង សង្កាត់ព្រែកលៀប ខណ្ឌឫស្សីកែវ ក្រុងភ្នំពេញ', '', '010564358', NULL, '2019-10-21 15:28:40', NULL, 'Y', 3, '', 1, '2006-09-04'),
(20, NULL, 'លក សុវណ្ណារិទ្ធ', 'Male', '1968-01-18', '', '016300207', '', '', '', 'ផ្ទះ១០០៤​ ផ្លូវ២១៧ ភូមិកណ្តាល សង្កាត់រលួស ខណ្ឌដង្កោ ភ្នំពេញ', '', '011005399', NULL, '2019-10-21 15:33:52', NULL, 'Y', 3, '', 1, '2015-07-06'),
(21, NULL, 'ហេង គីមហ៊ុយ', 'Female', '1979-04-02', '', '012883526', '', '', '', 'ផ្ទះ១៤   ផ្លូវ ភូមិចំរើនផល១ សង្កាត់បឹងទំពុន ខណ្ឌមានជ័យ រាជធានីភ្នំពេញ', '', '010957800', NULL, '2019-10-23 10:31:18', NULL, 'Y', 3, '', 1, '2019-04-10'),
(22, NULL, 'មៀម វណ្ណះ', 'Male', '1977-04-15', '', '0974723333', '', '', '', 'ភូមិ៣ សង្កាត់៣  ក្រុងព្រះសីហនុ ខេត្ត ព្រះសីហនុ', '', '130187641', NULL, '2019-10-23 10:35:25', NULL, 'Y', 3, '', 1, '2015-12-09'),
(23, NULL, 'កៀង វុឌ្ឍិន', 'Male', '1980-07-04', '', '099606666', '', '', '', 'ផ្ទះលេខ៥អាអឺ0អឺ១ ផ្លូវ២៦៥ ភូមិ៧ សង្កាត់ទឹកល្អក់ទី១ ខណ្ឌទួលគោក  ភ្នំពេញ', '', '010369262', NULL, '2019-10-23 10:38:09', NULL, 'Y', 3, '', 1, '2019-04-05'),
(24, NULL, 'ង៉េង មិថុនា', 'Male', '1986-06-28', '', '0767779777', '', '', '', 'ផ្ទះលេខ១៨ ផ្លូវ១០១ ភូមិ8 សង្កាត់បឹងត្របែក ខណ្ឌចំការមន  ភ្នំពេញ ', '', '011283336', NULL, '2019-10-23 10:40:36', NULL, 'Y', 3, '', 1, '2016-12-29'),
(25, NULL, 'ផល ម៉ារ៉ានី', 'Female', '1980-04-19', '', '011733030', '012950661', '', '', 'អាស័យដ្ឋាន  ផ្ទះលេខ១២L ផ្លូវលំ ភូមិតាងៅក្រោម សង្កាត់និរោធ ខណ្ឌច្បារអំពៅ  ភ្នំពេញ', '', '011082334', NULL, '2019-10-23 10:46:25', NULL, 'Y', 3, '', 1, '2015-11-12'),
(26, NULL, 'ថាវី', 'Female', '1950-05-16', '', '012550099', '', '', '', 'ផ្ទះលេខ៦៣អាអឺ០ ផ្លូវមុនីរ៉េត ភូមិ១០ សង្កាត់ផ្សារដើមគរ ខណ្ឌទួលគោក  ភ្នំពេញ', '', '010225675(01)', NULL, '2019-10-23 10:49:49', NULL, 'Y', 3, '', 1, '2014-12-12'),
(27, NULL, 'ឡាង វណ្ណបូណ៍មី', 'Female', '1981-10-24', '', '012279277', '', '', '', 'ផ្ទះលេខ២១៨សេអឺ០ ផ្លូវ១៣៩ ភូមិ៥ សង្កាត់មិត្តភាព ខណ្ឌ៧មករា  ភ្នំពេញ ', '', '010462764(01)', NULL, '2019-10-23 10:52:42', NULL, 'Y', 3, '', 1, '2015-08-03'),
(28, NULL, 'ស៊ គឹមស៊ាង', 'Female', '1980-03-05', '', '077788889', '', '', '', 'ផ្ទះលេខ៣៩៤ ផ្លូវ២៩៨ ភូមិ៣ សង្កាត់អូឡាំពិក ខណ្ឌចំការមន  ភ្នំពេញ ', '', '011172011', NULL, '2019-10-23 10:54:43', NULL, 'Y', 3, '', 1, '2016-02-25'),
(29, NULL, 'លាង ​រៃ', 'Male', '1978-07-11', '', '012833550', '', '', '', 'ផ្ទះលេខ១៦៨អិន ផ្លូវ៤៥បេតេ ភូមិត្នោតជ្រំ សង្កាត់បឹងទំពុន ខណ្ឌមានជ័យ  ភ្នំពេញ', '', '011323832', NULL, '2019-10-23 10:57:53', NULL, 'Y', 3, '', 1, '2018-08-23'),
(30, NULL, 'គឹម ឈុនឆាយ៉ាវត្តី', 'Female', '1968-03-24', '', '0962807708', '', '', '', 'ផ្ទះលេខ ១សេ ផ្លូវ ១៣២ ភូមិ ២២ សង្កាត់ បឹងកក់ទី២ ខណ្ឌ ទួលគោក  ភ្នំពេញ', '', '010115649(01)', NULL, '2019-10-23 11:01:21', NULL, 'Y', 3, '', 1, '2017-09-01'),
(31, NULL, 'តាំង ស៊ីវស្រេង', 'Male', '1981-05-02', '', '012404009', '', '', '', 'ដ្ឋាន  ផ្ទះលេខ ១៧បេអឺ០ ផ្លូវ២៩៦ ភូមិ១០ សង្កាត់ទួលស្វាយព្រៃទី២ ខណ្ឌចំការមន  ភ្នំពេញ ', '', '010045500(01)', NULL, '2019-10-23 11:03:50', NULL, 'Y', 3, '', 1, '2014-12-12'),
(32, NULL, 'លីម មួយឡេង', 'Male', '1993-08-15', '', '092340222', '', '', '', 'ភូមិ១ សង្កាត់២ ក្រុងព្រះសីហនុ ខេត្តព្រះសីហនុ', '', '130152075', NULL, '2019-10-23 11:07:54', NULL, 'Y', 3, '', 1, '2014-08-27'),
(33, NULL, 'ឡាយ រដ្ឋធានី', 'Female', '1983-05-23', '', '0889999940', '', '', '', 'ផ្ទះលេខ18 ផ្លូវ101 ភូមិ8 សង្កាត់បឹងត្របែក ខណ្ឌចំការមន  ភ្នំពេញ ', '', '010482907(01)', NULL, '2019-10-23 11:11:45', NULL, 'Y', 3, '', 1, '2016-05-28'),
(34, NULL, 'ជួន ប៊ុនស៊ីម', 'Male', '1982-08-18', '', '012567448', '012791415', '', '', '', '', 'N00240329', NULL, '2019-10-23 11:14:27', NULL, 'Y', 3, '', 1, '2015-07-09'),
(35, NULL, 'យ៉ុន ប៊ុនណា', 'Male', '1991-01-01', '', '012220420', '', '', '', 'ផ្ទះលេខ១៤០ ផ្លូវលំ ភូមិពោធិ៍តាមុំ ឃុំសា្វយជ្រុំ ស្រុកមេសាង  ព្រៃវែង', '', '050846887', NULL, '2019-10-23 11:16:28', NULL, 'Y', 3, '', 1, '2016-04-05'),
(36, NULL, 'ជា គឹមហាក់', 'Male', '1982-04-12', '', '011333360', '', '', '', 'ភូមិកោះស្វាយ ឃុំត្រពាំងជង ស្រុកបាកាន  ពោធិ៍សាត់ ', '', '160314522', NULL, '2019-10-23 11:19:51', NULL, 'Y', 3, '', 1, '2016-02-04'),
(37, NULL, 'ចេង ស៊ុនឡាយ', 'Female', '1986-03-23', '', '011333360', '', '', '', 'ភូមិកោះស្វាយ ឃុំត្រពាំងជង ស្រុកបាកាន  ពោធិ៍សាត់', '', '160443262', NULL, '2019-10-23 11:22:41', '2019-10-23 11:23:09', 'Y', 3, '3', 1, '2015-11-07'),
(38, NULL, 'ចេង ប៉េងហាប់', 'Male', '1982-06-12', '', '012671111', '', '', '', 'ផ្ទះលេខF07.04 ភូមិឃ្មួញ សង្កាត់ឃ្មួញ ខណ្ឌសែនសុខ  ភ្នំពេញ ', '', '160092574(01)', NULL, '2019-10-23 11:25:25', NULL, 'Y', 3, '', 1, '2018-11-12'),
(39, NULL, 'ឥដ្ឋិមា សូលីនដា', 'Female', '1993-06-27', '', '012671111', '', '', '', 'ផ្ទះលេខអេហ្វ០៧ ០៤ ផ្លូវបេតុង ភូមិឃ្មួញ សង្កាត់ឃ្មួញ ខណ្ឌសែនសុខ  ភ្នំពេញ ', '', '011046824', NULL, '2019-10-23 11:27:53', '2019-10-24 11:51:07', 'Y', 3, '3', 1, '2015-09-11'),
(40, NULL, 'សារិក ពិសិដ្ឋ', 'Male', '1982-10-25', '', '012378585', '', '', '', 'ផ្ទះលេខ៧៧ ផ្លូវ១៧៧ ភូមិចំរើនផល សង្កាត់បឹងទំពុន ខណ្ឌមានជ័យ ភ្នំពេញ ', '', '010860321', NULL, '2019-10-23 11:30:47', NULL, 'Y', 3, '', 1, '2013-12-25'),
(41, NULL, 'សោម ចិន្តា', 'Female', '1988-12-25', '', '012378585', '', '', '', '  ផ្ទះ ផ្លូវ ភូមិចំរើនផល សង្កាត់បឹងទំពុន ខណ្ឌមានជ័យ  ភ្នំពេញ', '', '010933845', NULL, '2019-10-23 11:32:28', NULL, 'Y', 3, '', 1, '2015-02-13'),
(42, NULL, 'សេង សម្បត្តិ', 'Male', '1986-05-24', '', '017716780', '', '', '', 'ផ្ទះ១២ ផ្លូវសហពន្ធ័រុស្សី ភូមិចុងថ្នល់ សង្កាត់ទឹកថ្លា ខណ្ឌសែនសុខ ភ្នំពេញ', '', '010846442', NULL, '2019-10-23 11:34:42', NULL, 'Y', 3, '', 1, '2013-08-22'),
(43, NULL, 'សូត្រ ឆេងលៀង', 'Female', '1987-04-04', '', '017716780', '', '', '', 'ផ្ទះA174 ភូមិផ្សារលើ សង្កាត់ផ្សារឆ្នាំង ក្រុងកំពង់ឆ្នាំង កំពង់ឆ្នាំង', '', '040368592', NULL, '2019-10-23 11:36:50', NULL, 'Y', 3, '', 1, '2012-12-24'),
(44, NULL, 'សូត្រ ប៊ុនឆាយ', 'Male', '1993-02-12', '', '017716780', '', '', '', 'ផ្ទះA174 ភូមិផ្សារលើ សង្កាត់ផ្សារឆ្នាំង ក្រុងកំពង់ឆ្នាំង កំពង់ឆ្នាំង', '', '040340312', NULL, '2019-10-23 11:38:31', NULL, 'Y', 3, '', 1, '2012-09-25'),
(45, NULL, 'គឹម រត្ម័ណារ៉ុង', 'Male', '1993-05-18', '', '077352222', '', '', '', 'ផ្ទះបេ៥ ផ្លូវ៣៧១ ភូមិទ្រា៤ សង្កាត់ស្ទឹងមានជ័យ ខណ្ឌមានជ័យ  ភ្នំពេញ', '', '011106290', NULL, '2019-10-23 11:40:30', NULL, 'Y', 3, '', 1, '2015-12-31'),
(46, NULL, 'ឈឹម វុត្ថា', 'Male', '1970-02-26', '', '012219067', '', '', '', 'ផ្ទះ១៦៣អា ក្រុម១១ ភូមិ សន្សំកុសល១ សង្កាត់បឹងទំពុន ខណ្ឌមានជយ័ រាជធានី ភំ្នពេញ ', '', '010204032', NULL, '2019-10-23 11:42:47', '2019-10-26 17:14:41', 'Y', 3, '3', 1, '2010-04-05'),
(47, NULL, 'ស៊ុន វាសនា', 'Female', '1979-10-10', '', '012219067', '', '', '', 'ផ្ទះ០៦E ផ្លូវបេតុង ភូមិសំបូរ សង្កាត់ដង្កោ ខណ្ឌដង្កោ ភំ្នពេញ ', '', '011143036', NULL, '2019-10-23 11:44:34', NULL, 'Y', 3, '', 1, '2016-02-05'),
(48, NULL, 'នុត សុម៉ាលីម', 'Female', '1960-01-15', '', '012828603', '', '', '', 'ផ្ទះ៩សេ ផ្លូវ៤៥៦ ភូមិ៥ សង្កាត់ទួលទំពូងទី១ ខណ្ឌចំការមន ភ្នំពេញ', '', '010860667', NULL, '2019-10-25 14:31:42', NULL, 'Y', 3, '', 1, '2013-12-27'),
(49, NULL, 'ស្វាយ វិចិត្រ', 'Male', '1974-12-12', '', '092707070', '', '', '', 'ផ្ទះ៣២ហ្សិត ផ្លូវ២១ ភូមិ៤ សង្កាត់ទន្លេបាសាក់ ខណ្ឌចំការមន ភំ្នពេញ', '', '010449185(01)', NULL, '2019-10-25 14:36:11', NULL, 'Y', 3, '', 1, '2015-11-05'),
(50, NULL, 'ហ៊ាន សោភណ្ឌ័', 'Female', '1980-08-10', '', '077607617', '', '', '', 'ផ្ទះ៤១E0E១ ផ្លូវ២៧១ ភូមិ១  សង្កាត់ផ្សារដើមថ្កូវ ខណ្ឌចំការមន  ភ្នំពេញ ', '', '011169206', NULL, '2019-10-28 17:10:43', NULL, 'Y', 3, '', 1, '2016-02-24'),
(51, NULL, 'លាង សារី', 'Male', '1969-02-05', '', '081818188', '', '', '', 'ផ្ទះ៣៦ ផ្លូវ២៧៣ ភូមិ៨ សង្កាត់បឺងកក់១ ខណ្ឌទួលគោក ភ្នំពេញ', '', '010861456', NULL, '2019-11-06 15:53:27', '2019-11-06 15:55:02', 'Y', 3, '3', 1, '2019-01-14'),
(52, NULL, 'យូ បញ្ញាវី', 'Female', '1954-09-11', '', '016358358', '077358658', '', '', 'ផ្ទះ៧ ផ្លូវ៣៣០ ភូមិ៦ សង្កាត់បឹងកេងកងទី ៣ ខណ្ឌចំការមន ភ្នំពេញ', '', '010372102(01)', NULL, '2019-12-16 14:49:48', NULL, 'Y', 3, '', 1, '2015-05-29'),
(53, NULL, 'ស៊ុំ លូអ៊ី', 'Male', '1952-02-03', '', '016914656', '077914656', '', '', 'ផ្ទះ៧ ផ្លូវ៣៣០ ភូមិ៦ សង្កាត់បឹងកេងកងទី ៣ ខណ្ឌចំការមន ភ្នំពេញ', '', '010372100(01)', NULL, '2019-12-16 14:53:43', NULL, 'Y', 3, '', 1, '2019-01-11'),
(54, NULL, 'គង់ សុវណ្ណធីតា', 'Female', '1988-07-01', '', '089434370', '0965433337', '', '', 'ផ្ទះ១៨៧ ផ្លូវ២១៧ ភូមិខ្វា សង្កាត់ដង្កោ ខណ្ឌដង្កោ ភ្នំពេញ', '', '010896798', NULL, '2019-12-19 14:47:10', NULL, 'Y', 3, '', 1, '2014-08-18'),
(55, NULL, 'ច័ន្ទ គីមទី', 'Female', '1973-02-02', '', '012818824', '', '', '', 'ផ្ទះ២២សេអឺ០អឺ១ ផ្លូវ២៤៥ ភូមិ៣ សង្កាត់បឹងត្របែក ខណ្ឌចំការមន ភ្នំពេញ', '', '010429195(01)', NULL, '2019-12-21 14:08:10', NULL, 'Y', 3, '', 1, '2014-10-03'),
(56, NULL, 'សុខ មលិ្លកា', 'Female', '1985-08-15', '', '077788889', '', '', '', 'ផ្ទះ២១៨អា ផ្លូវម៉ៅសេទុង ភូមិ២ សង្កាត់ទំនប់ទឹក ខណ្ឌចំការមន ភ្នំពេញ', '', '010466597(01)', NULL, '2019-12-21 15:24:21', NULL, 'Y', 3, '', 1, '2014-03-28'),
(57, NULL, 'ភឹម បូផាន់', 'Male', '1987-10-02', '', '092675422', '', '', '', 'ផ្ទះ២៤២ ផ្លូវលំ ភូមិភ្នាត សង្កាត់ស្ទឹងមានជ័យ ខណ្ឌមានជ័យ ភ្នំពេញ', '', '011326894', NULL, '2019-12-21 15:47:44', NULL, 'Y', 3, '', 1, '2018-10-19'),
(58, NULL, 'ប៊ួង ស្រីនាង', 'Female', '1987-06-23', '', '092675400', '', '', '', 'ផ្ទះ២៤២ ផ្លូវលំ ភា្នត់ សង្កាត់ស្ទឹងមានជ័យ ខណ្ឌមានជ័យ ភ្នំពេញ', '', '011326883', NULL, '2019-12-21 15:55:52', NULL, 'Y', 3, '', 1, '2018-10-19'),
(59, NULL, 'ជា សុភ័ក្រ', 'Female', '1990-07-25', '', '017535356', '', '', '', 'ផ្ទះ០៥៩៥ហាស់ ផ្លូវឡឥដ្ឋ ភូមិបឹងឈូក សង្កាត់គីឡូម៉ែត្រលេខ៦ ខណ្ឌឬស្សីកែវ ភ្នំពេញ', '', '011244783', NULL, '2019-12-22 10:55:51', NULL, 'Y', 3, '', 1, '2016-07-22'),
(60, NULL, 'ច័ន្ទ សុផាន់ណា', 'Female', '1992-02-09', '', '089586242', '016991165', '', '', 'ភូមិកំពង់ស្វាយ សង្កាត់កំពង់ស្វាយ ក្រុងសិរីសោភ័ណ បន្ទាយមានជ័យ', '', '190517075', NULL, '2019-12-22 14:17:51', NULL, 'Y', 3, '', 1, '2017-12-18'),
(61, NULL, 'សាន តៃនី', 'Female', '1975-01-06', '', '098885111', '', '', '', 'ផ្ទះ២៤A ផ្លូវ១ ដំណាក់ធំ២ សង្កាត់ស្ទឹងមានជ័យ ខណ្ឌមានជ័យ ភ្នំពេញ', '', '010992525', NULL, '2019-12-22 14:43:18', NULL, 'Y', 3, '', 1, '2015-06-23'),
(62, NULL, 'អ៊ាម សុជាតិ', 'Male', '1992-06-17', '', '010527752', '', '', '', 'ភូមិព្រែកប្រសព្វក្រោម ឃុំព្រែកប្រសព្វ ស្រុកព្រែកប្រសព្វ ក្រចេះ', '', '070197249(01)', NULL, '2019-12-23 11:21:17', NULL, 'Y', 3, '', 1, '2017-01-07'),
(63, NULL, 'ខែម ណារ៉ុង', 'Female', '1998-05-01', '', '0968795226', '', '', '', 'ភូមិព្រែកប្រសព្វក្រោម ឃុំព្រែកប្រសព្វ ស្រុកព្រែកប្រសព្វ ក្រចេះ', '', '070257609', NULL, '2019-12-23 11:23:09', NULL, 'Y', 3, '', 1, '2013-11-20'),
(64, NULL, 'ធីង ណៃ', 'Female', '1957-04-26', '', '081859789', '', '', '', 'ភូមិក្អមសំណក្រោម ឃុំក្អមសំណរ ស្រុកលើកដែក កណ្តាល', '', '020266083(01)', NULL, '2019-12-23 11:30:59', NULL, 'Y', 3, '', 1, '2015-03-27'),
(65, NULL, 'ឈួន ហុកស្រ៊ុន', 'Male', '1963-07-01', '', '011922299', '', '', '', 'ភូមិរកាឃ្មួចជើង ឃុំជីគរ ស្រុកត្បូងឃ្មុំ ត្បូងឃ្មុំ', '', '250209989', NULL, '2019-12-23 13:47:08', NULL, 'Y', 3, '', 1, '2016-08-09'),
(66, NULL, 'ជុំ វសនា', 'Female', '1965-08-02', '', '011922299', '', '', '', 'ភូមិរកាឃ្មួចជើង ឃុំជីគរ ស្រុកត្បូងឃ្មុំ ត្បូងឃ្មុំ', '', '060599906', NULL, '2019-12-23 13:50:41', NULL, 'Y', 3, '', 1, '2015-07-02'),
(67, NULL, 'វ៉ុន សេងហុង', 'Male', '1981-05-08', '', '017737787', '', '', '', 'ផ្ទះ៩៩ ផ្លូវលំ ភូមិស្លែងរលើង សង្កាត់ទឹកថ្លា ខណ្ឌសែខសុខ ភ្នំពេញ', '', '011061411', NULL, '2019-12-23 15:28:06', NULL, 'Y', 3, '', 1, '2015-10-03'),
(68, NULL, 'វ៉ា ចិន្តា', 'Female', '1984-02-10', '', '017737787', '', '', '', 'ផ្ទះ៩៩ ផ្លូវលំ ភូមិស្លែងរលើង សង្កាត់ទឹកថ្លា ខណ្ឌសែខសុខ ភ្នំពេញ', '', '011121840', NULL, '2019-12-23 15:30:49', NULL, 'Y', 3, '', 1, '2016-01-19'),
(69, NULL, 'ភុន សៅគុណ', 'Male', '1998-08-05', '', '017659272', '089391364', '', '', 'ភូមិ កំណ្ហ្ថេដងថុិហុ', '', '040250', NULL, '2019-12-26 16:00:30', NULL, 'Y', 3, '', 1, '2015-10-25'),
(70, NULL, 'សាន តៃនី', 'Female', '1975-01-06', '', '098885111', '', '', '', 'ផ្ទះ២៤A ផ្លូវ១ ដំណាក់ធំ២ សង្កាត់ស្ទឹងមានជ័យ ខណ្ឌមានជ័យ ភ្នំពេញ', '', '010992525', NULL, '2019-12-27 11:14:47', NULL, 'Y', 3, '', 1, '2015-06-23'),
(71, NULL, 'ពេញ វ៉ាន់ដេត', 'Male', '1990-03-17', '', '010745999', '089919098', '', '', 'ផ្ទះ២៤៣ ភូមិពុកយុក សង្កាត់ស្រយ៉ូវ ក្រុងស្ទឹងសែន កំពង់ធំ', '', '150927597', NULL, '2019-12-28 10:27:49', NULL, 'Y', 3, '', 1, '2018-07-03'),
(72, NULL, 'ចិន្ដា', 'Female', '1994-06-02', '', '0966034659', '', '', '', 'ត្នោតជ្រំ', '', '010201200', NULL, '2020-01-04 16:16:28', NULL, 'Y', 4, '', 1, '2020-01-15'),
(73, NULL, 'ស៊ីម ចាន់វាសនា', 'Female', '1969-12-01', '', '016947332', '', '', '', 'ផ្ទះ៥ដេ ផ្លូវ២៨០ ភូមិ៧ សង្កាត់បឹងកេងកងទី២ ខណ្ឌចំការមន ភ្នំពេញ', '', '010149383 (01)', NULL, '2020-01-10 09:46:58', NULL, 'Y', 3, '', 1, '2015-06-11'),
(74, NULL, 'ជូ ឈីន', 'Male', '1968-04-27', '', '010515186', '', '', '', 'ផ្ទះ៥ដេ ផ្លូវ២៨០ ភូមិ៧ សង្កាត់បឹងកេងកងទី ២ ខណ្ឌចំការមន ភ្នំពេញ', '', '010149384(01)', NULL, '2020-01-10 09:52:29', NULL, 'Y', 3, '', 1, '2014-06-16'),
(75, NULL, 'យិន លាងគង់', 'Male', '1973-09-13', '', '086485566', '', '', '', 'ផ្ទះ១៧K ផ្លូវលំ ភូមិតាងៅក្រោម សង្កាត់និរោធ ខណ្ឌច្បារអំពៅ ភ្នំពេញ', '', '011219641', NULL, '2020-01-13 14:21:59', '2020-01-16 14:53:23', 'Y', 3, '3', 1, '2016-05-17'),
(76, NULL, 'គួច ប៉ាវសាន', 'Male', '1987-04-27', '', '077996996', '', '', '', 'ផ្ទះ ៤៩៤អឺ០អឺ១អឺ២   ផ្លូវលេខ១២៨  ភូមិ ១ សង្កាត់ មិត្តភាព  ខណ្ឌ៧មករា   រាជធានីភ្នំពេញ ', '', '011084323', NULL, '2020-01-16 11:29:07', '2020-01-16 11:35:09', 'Y', 3, '3', 1, '2015-11-17'),
(77, NULL, 'លឹម សៀក ', 'Female', '1991-06-03', '', '077996996', '', '', '', 'ផ្ទះ ១៧បេអឺ០  ផ្លូវលេខ២៩៦  ភូមិ ១០ សង្កាត់ ទួលស្វាយព្រៃ២  ខណ្ឌចំការមន   រាជធានីភ្នំពេញ', '', '010760300', NULL, '2020-01-16 11:33:29', '2020-01-16 11:34:15', 'Y', 3, '3', 1, '1970-01-01'),
(78, NULL, 'សុខ មល្លិកា', 'Female', '1985-08-15', '', '077788889', '', '', '', 'ផ្ទះ២១៨អា ផ្លូវម៉ៅសេទុង ភូមិ២ សង្កាត់ទំនប់ទឹក ខណ្ឌចំការមន ភ្នំពេញ', '', '010466597(01)', NULL, '2020-01-17 15:32:24', NULL, 'Y', 3, '', 1, '2019-03-28'),
(79, NULL, 'អួង លីហ៊ាង', 'Male', '1992-07-16', '', '070686400', '', '', '', 'ផ្ទះ ផ្លូវ ភូមិវាលធំ ឃុំវាលរេញ ស្រុកព្រៃនប់ ព្រះសីហនុ', '', '130180258', NULL, '2020-01-18 13:36:28', '2020-01-19 11:19:38', 'Y', 2, '4', 1, '2015-09-22'),
(80, NULL, 'ឡេង ម៉ាលីន', 'Female', '1989-09-04', '', '086485566', '', '', '', 'ផ្ទះ១៧K ផ្លូវលំ ភូមិតាងៅក្រោម សង្កាត់និរោធ ខណ្ឌច្បារអំពៅ ភ្នំពេញ', '', '011219642', NULL, '2020-01-18 13:47:08', NULL, 'Y', 2, '', 1, '2016-05-17'),
(81, NULL, 'ប្រាក់ ណារ៉ូ', 'Male', '1990-11-20', '', '0963333138', '', '', '', 'ផ្ទះ៥២៨ ផ្លូវទន្លេមេគង្គ ភូមិគៀនឃ្លាំង សង្កាត់ជ្រោយចង្វារ ខណ្ឌជ្រោយចង្វារ ភ្នំពេញ', '', '011224216', NULL, '2020-01-18 16:16:51', '2020-01-19 10:54:30', 'Y', 3, '4', 1, '2016-05-31'),
(82, NULL, 'សេង អ៊ីដែន', 'Male', '1990-10-12', '', '070526196', '', '', '', 'ផ្ទះ៧៥៥ ខេត្តបាត់ដំបង', '', 'N00948161', 'PN', '2020-01-18 16:23:59', '2020-01-22 13:42:13', 'Y', 3, '2', 1, '2017-07-17'),
(83, NULL, 'ជួន ប៊ុនស៊ីម', 'Male', '1982-08-18', '', '012567448', '012791415', '', '', 'ភ្នំពេញ', '', 'N00240320', 'PN', '2020-02-03 14:57:24', NULL, 'Y', 3, '', 1, '2015-07-09'),
(84, NULL, 'ជា វណ្ណារ៉ា', 'Male', '1984-09-05', '', '070535126', '', '', '', 'រកាលើ សង្កាត់សំបួរមាស ក្រុងកំពង់ចាម កំពង់ចាម', '', '062126618', '', '2020-02-08 11:46:00', NULL, 'Y', 3, '', 1, '2016-03-31'),
(85, NULL, 'លី ស៊ីខេង', 'Female', '1988-09-05', '', '070535126', '', '', '', 'កូរ៉េ', '', 'N0488359', 'PN', '2020-02-08 12:04:10', NULL, 'Y', 3, '', 1, '2010-01-26');

-- --------------------------------------------------------

--
-- Table structure for table `tbl_excel_exp`
--

DROP TABLE IF EXISTS `tbl_excel_exp`;
CREATE TABLE IF NOT EXISTS `tbl_excel_exp` (
  `req_date` date DEFAULT NULL,
  `inv_no` varchar(50) DEFAULT NULL,
  `sup_id` int(11) DEFAULT NULL,
  `des` text,
  `qty_khr` double DEFAULT NULL,
  `unit_price_khr` double DEFAULT NULL,
  `total_price_khr` double DEFAULT NULL,
  `qty` double DEFAULT NULL,
  `unit_price` double DEFAULT NULL,
  `total_price` double DEFAULT NULL,
  `paid_date` date DEFAULT NULL,
  `staff_id` int(11) DEFAULT NULL
) ENGINE=MyISAM DEFAULT CHARSET=utf8;

--
-- Dumping data for table `tbl_excel_exp`
--

INSERT INTO `tbl_excel_exp` (`req_date`, `inv_no`, `sup_id`, `des`, `qty_khr`, `unit_price_khr`, `total_price_khr`, `qty`, `unit_price`, `total_price`, `paid_date`, `staff_id`) VALUES
('2019-02-01', '', 0, 'គូសប្លង់ 50%+30%', 0, 0, 0, 0, 0, 8200, '2019-02-01', 18),
('2019-02-01', '', 0, 'សែន ចាក់ដី', 0, 0, 0, 0, 0, 85, '2019-02-01', 18),
('2019-02-01', '', 0, 'ត ភ្លើង 32A', 0, 0, 0, 0, 0, 850, '2019-02-01', 18),
('2019-02-01', '', 0, 'ថ្លៃ ស៊ីមទូរស័ព្ទ 017-098', 0, 0, 0, 0, 0, 320, '2019-02-01', 18),
('2019-02-01', '', 0, 'ថ្លៃ ទូរស័ព្ទ2គ្រឿង', 0, 0, 0, 0, 0, 400, '2019-02-01', 18),
('2019-02-01', '', 0, 'ទិញ កាំបិត ពូថៅ', 0, 0, 0, 0, 0, 26.5, '2019-02-01', 18),
('2019-02-01', '', 0, 'ឈ្នួលកាត់ដើមឈើ', 0, 0, 0, 0, 0, 100, '2019-02-01', 18),
('2019-02-01', '', 0, 'ចាក់ដី', 0, 0, 0, 0, 0, 108000, '2019-02-01', 18),
('2019-02-15', '', 0, 'ទិញខ្សែភ្លើង 600m', 0, 0, 0, 0, 0, 1552, '2019-02-15', 18),
('2019-02-26', '', 0, 'ខ្សែភ្លើងចូលបុរី', 0, 0, 0, 1, 250, 250, '2019-02-26', 18),
('2019-02-23', '2325', 16, 'កាប់ព្រៃ', 0, 0, 0, 0, 0, 80, '2019-02-23', 18),
('2019-02-24', '2325', 16, 'ទិញ អាសី', 0, 0, 0, 0, 0, 7.5, '2019-02-24', 18),
('2019-02-01', '', 0, 'អោយសូរិយាដីវាស់ដី', 0, 0, 0, 0, 0, 1000, '2019-02-01', 18),
('2019-02-01', '', 0, 'កាត់ប្លង់ដីពូហុង 2ប្លង់', 0, 0, 0, 0, 0, 3200, '2019-02-01', 18),
('2019-03-14', 'A00003', 19, 'ខ្សែពួរ', 0, 0, 0, 4.6, 3.5, 16.1, '2019-03-14', 18),
('2019-03-15', '', 0, 'ទុយោទឹក', 0, 0, 0, 0, 0, 192.25, '2019-03-15', 18),
('2019-03-18', '2337', 16, 'អោយថ្លៃសាំង(អ្នកវាស់ព្រំដី មន្រ្ដីសូរិយាដី)', 0, 0, 0, 0, 0, 25, '2019-03-18', 18),
('2019-03-18', '287', 18, 'អេស្កាកាវដី(ខ្ចីលុយមុន)', 0, 0, 0, 0, 0, 3000, '2019-03-18', 18),
('2019-03-18', '', 0, 'ឈ្នួលដាក់ទុយយោ', 0, 0, 0, 1, 25, 35, '2019-03-18', 18),
('2019-03-19', '', 0, 'ទិញប្រេងម៉ាស៊ូត', 0, 0, 0, 10, 1, 35, '2019-03-19', 18),
('2019-03-19', '', 0, 'មួកសំណង់', 0, 0, 0, 5, 5, 25, '2019-03-19', 18),
('2019-03-01', '', 0, 'ចុះឈ្មោះក្រសួង', 0, 0, 0, 0, 0, 900, '2019-03-01', 18),
('2019-03-01', '', 0, 'ដែនដីចុះបញ្ចី', 0, 0, 0, 0, 0, 3500, '2019-03-01', 18),
('2019-03-01', '', 0, 'បាតង់', 0, 0, 0, 0, 0, 750, '2019-03-01', 18),
('2019-03-01', '', 0, 'ពន្ធប្រថាប់ត្រា', 0, 0, 0, 0, 0, 250, '2019-03-01', 18),
('2019-03-01', '', 0, 'ចុះបញ្ចី', 0, 0, 0, 0, 0, 100, '2019-03-01', 18),
('2019-03-01', '', 0, 'ពន្ធដា', 0, 0, 0, 0, 0, 100, '2019-03-01', 18),
('2019-03-01', '', 0, 'តំកល់បើកក្រុមហ៊ុន', 0, 0, 0, 0, 0, 5000, '2019-03-01', 18),
('2019-03-26', '290', 18, 'សរុបថ្លៃជួលគ្រឿងចក្រ', 0, 0, 0, 0, 0, 4475, '2019-03-26', 18),
('2019-03-26', '', 0, 'ប្រេងម៉ាស៊ូត', 0, 0, 0, 0, 0, 8, '2019-03-26', 18),
('2019-03-26', '', 0, 'ប្រេងម៉ាស៊ូត', 0, 0, 0, 0, 0, 32, '2019-03-26', 18),
('2019-03-26', '1296', 17, 'ប្រេងម៉ាស៊ូត', 0, 0, 0, 0, 0, 8, '2019-03-26', 18),
('2019-03-31', '', 0, 'ប្រាក់ខែ ពូរឿន (2ខែ​ Feb-March)', 0, 0, 0, 0, 0, 500, '2019-03-31', 18),
('2019-04-01', '1', 0, 'ធ្វើម៉ាស៊ីនប៉ូមទឹក', 0, 0, 0, 0, 0, 60, '2019-04-01', 18),
('2019-04-01', '', 0, 'ម៉ាស៊ូត', 0, 0, 0, 0, 0, 16, '2019-04-01', 18),
('2019-04-01', '', 0, 'ថ្លៃគូសប្លង់ផ្ទះវីឡា30%', 0, 0, 0, 0, 0, 480, '2019-04-01', 18),
('2019-04-01', '', 0, 'បង់ពន្ធផ្ទេរសិទ្ធដីពូហុង(2ឡូ)', 0, 0, 0, 0, 0, 1868, '2019-04-01', 18),
('2019-04-27', '', 0, 'ថ្លៃគូសប្លង់​ ផ្ទះល្វែង បង្គ្រប់100%', 0, 0, 0, 0, 0, 1800, '2019-04-27', 18),
('2019-04-27', '', 0, 'ថ្លៃវាស់ដីធ្វើផ្លូវ', 0, 0, 0, 0, 0, 300, '2019-04-27', 18),
('2019-05-01', '', 0, 'ប្រាក់ខែពូរឿន ខែ04', 0, 0, 0, 0, 0, 250, '2019-05-01', 18),
('2019-05-02', '51', 16, 'ជួលឡានដឹកដី06ថ្ងៃ កន្លះ', 0, 0, 0, 0, 0, 1300, '2019-05-02', 18),
('2019-05-04', '201', 16, 'ខ្សាច់ទន្លេ 60ឡាន', 0, 0, 0, 0, 0, 2100, '2019-05-04', 18),
('2019-05-03', '53', 16, 'ខ្សាច់ទន្លេ 60ឡាន', 0, 0, 0, 0, 0, 2100, '2019-05-03', 18),
('2019-05-04', '', 0, 'រត់ការដីពូហុង 2450ម', 0, 0, 0, 0, 0, 670, '2019-05-04', 18),
('2019-05-23', '', 0, 'ទិញ តុ កៅអី ការិយាល័យ', 0, 0, 0, 0, 0, 1060, '2019-05-23', 18),
('2019-05-24', '', 0, 'ប្លង់បើក (ផ្ទះល្វែង និង​វីឡា)', 0, 0, 0, 0, 0, 3200, '2019-05-24', 18),
('2019-05-24', '', 0, 'គូសប្លង់ ផ្ទះ វីឡា 40%', 0, 0, 0, 0, 0, 640, '2019-05-24', 18),
('2019-05-21', '505', 16, 'ថ្មពុក', 0, 0, 0, 134, 37, 4958, '2019-05-21', 18),
('2019-05-22', '505', 16, 'ខ្សាច់ដី', 0, 0, 0, 48, 35, 1680, '2019-05-22', 18),
('2019-05-23', '505', 16, 'ដី', 0, 0, 0, 1, 25, 25, '2019-05-23', 18),
('2019-05-23', '814', 16, 'ថ្ម', 0, 0, 0, 189, 5.5, 1039, '2019-05-23', 18),
('2019-06-16', '', 0, 'ថ្លៃរត់ការ+ការខាតពន្ធ(តាទ្រី)', 0, 0, 0, 0, 0, 300, '2019-06-16', 18),
('2019-06-13', '', 0, 'កក់ថ្លៃធ្វើផ្លូវ', 0, 0, 0, 0, 0, 15000, '2019-06-13', 18),
('2019-05-28', '', 21, 'ថ្ម', 0, 0, 0, 472, 5.5, 2596, '2019-05-28', 18),
('2019-05-25', '', 0, 'ទិញតុ កៅអី ហ៊ាសិទ្ធិ', 0, 0, 0, 0, 0, 690, '2019-05-25', 18),
('2019-05-25', '', 0, 'ទិញតុមូល', 0, 0, 0, 0, 0, 126, '2019-05-25', 18),
('2019-05-25', '', 0, 'បញ្ចូលហ្គាស', 0, 0, 0, 0, 0, 45, '2019-05-25', 18),
('2019-05-25', '', 0, 'ទិញតេលេ ម៉ាស៊ីនត្រជាក់', 0, 0, 0, 0, 0, 15, '2019-05-25', 18),
('2019-05-28', '', 16, 'ខ្សាច់ដី', 0, 0, 0, 69, 35, 2415, '2019-05-28', 18),
('2019-05-28', '321', 15, 'ដីអំបិល', 0, 0, 0, 385, 4.8, 1848, '2019-05-28', 18),
('2019-05-28', '', 15, 'ថ្ម', 0, 0, 0, 46, 5.5, 253, '2019-05-28', 18),
('2019-05-27', '', 14, 'ទិញសោ', 0, 0, 0, 2, 10, 20, '2019-05-27', 18),
('2019-05-28', '', 14, 'ការ៉ូជ័រ', 0, 0, 0, 2, 13, 26, '2019-05-28', 18),
('2019-05-29', '', 14, 'Sti10er បិទកញ្ចក់', 0, 0, 0, 16, 3, 48, '2019-05-29', 18),
('2019-05-30', '', 14, 'ឈ្នួលចាប់កៅស៊ូរូបភាព', 0, 0, 0, 2, 25, 50, '2019-05-30', 18),
('2019-06-13', '', 0, 'ប្រាក់ខែពូរឿន ខែ05', 0, 0, 0, 1, 250, 250, '2019-06-13', 18),
('2019-05-31', '', 15, 'ថ្មដី', 0, 0, 0, 161, 5.5, 885.5, '2019-05-31', 18),
('2019-06-01', '', 15, 'ដីអំបិល', 0, 0, 0, 519, 4.8, 2491.2, '2019-06-01', 18),
('2019-06-02', '', 15, 'ថ្មដី', 0, 0, 0, 138, 5.5, 759, '2019-06-02', 18),
('2019-06-03', '', 15, 'ដីអំបិល', 0, 0, 0, 635, 4.8, 3048, '2019-06-03', 18),
('2019-05-31', '', 15, 'ដីអំបិល', 0, 0, 0, 2838, 4.8, 13622.4, '2019-05-31', 18),
('2019-06-08', '330', 10, 'អោយលុយថ្លៃដី ចំនួន៥៤ឡាន(04,05,06 -06-2019)', 0, 0, 0, 1230, 4.8, 5904, '2019-06-08', 18),
('2019-06-06', '4733', 20, 'ឈុតក្រុងពាលី', 0, 0, 0, 1, 2300, 2300, '2019-06-06', 18),
('2019-06-07', '4733', 20, 'ប្រគេនលោកសង្ឃ+លោកតាអាចារ្យ', 0, 0, 0, 1, 500, 500, '2019-06-07', 18),
('2019-06-08', '4733', 20, 'បង្អែម+ទឹកសម្រង់', 0, 0, 0, 1, 190, 190, '2019-06-08', 18),
('2019-06-10', '', 0, 'គូរប្លង់វីឡា​30%', 0, 0, 0, 1, 480, 480, '2019-06-10', 18),
('2019-06-11', '', 0, 'ថែមអោយអ្នកគូរប្លង់', 0, 0, 0, 1, 500, 500, '2019-06-11', 18),
('2019-06-30', '', 0, 'អោយទៅលោកគ្រូ​ កុសល', 0, 0, 0, 0, 0, 500, '2019-06-30', 18),
('2019-06-30', '', 0, 'ថតរូប', 0, 0, 0, 0, 0, 350, '2019-06-30', 18),
('2019-06-30', '', 0, 'ធ្វើផ្លូវ', 0, 0, 0, 0, 0, 15000, '2019-06-30', 18),
('2019-06-30', '', 0, 'អោយឆេងគង់ ឡានដឹកដី', 0, 0, 0, 0, 0, 5425, '2019-06-30', 18),
('2019-06-30', '', 0, 'អាហារពេលល្ងាច បុគ្គលិក', 0, 0, 0, 0, 0, 348, '2019-06-30', 18),
('2019-06-30', '', 0, 'ប្ដូរបង្គោលភ្លើង 2ដើម', 0, 0, 0, 0, 0, 1700, '2019-06-30', 18),
('2019-06-30', '', 0, 'ប្រាក់ខែពូរឿន', 0, 0, 0, 1, 250, 250, '2019-06-30', 18),
('2019-07-01', '', 0, 'ចំណាយផ្សេងៗរបស់ហ៊ាសិទ្ធ', 0, 0, 0, 1, 400, 400, '2019-07-01', 18),
('2019-07-01', '', 0, 'កាប់ដើមឈើ', 0, 0, 0, 1, 80, 80, '2019-07-01', 18),
('2019-07-02', '3645', 4, 'Buy Machine Hp Laserjet 500 color MFP M575', 0, 0, 0, 1, 450, 450, '2019-07-02', 18),
('2019-07-02', '', 0, 'បង្រូមនិង ប្តូរប្រភេទដី', 0, 0, 0, 1, 8000, 8000, '2019-07-02', 18),
('2019-07-02', '', 0, 'ថ្លៃគូរប្លង់វីឡាទោល30%', 0, 0, 0, 1, 616, 616, '2019-07-02', 18),
('2019-07-02', '', 0, 'ទិញOffice កុងទីនឺ', 0, 0, 0, 1, 4200, 4200, '2019-07-02', 18),
('2019-07-02', '', 13, 'ប្រថាប់ត្រាលើឯកសារ កិច្ចសន្យាទិញ-លក់ផ្ទះ', 0, 0, 0, 1, 840, 840, '2019-07-02', 18),
('2019-07-03', '', 0, 'Boost Facebook page Galaxy 11', 0, 0, 0, 1, 211, 211, '2019-07-03', 18),
('2019-07-04', '', 0, 'Boost Facebook page Galaxy 11', 0, 0, 0, 1, 250, 250, '2019-07-04', 18),
('2019-07-05', '', 0, 'Boost Facebook page Galaxy 11', 0, 0, 0, 1, 250, 250, '2019-07-05', 18),
('2019-07-06', '', 0, 'ប្រាក់ខែហ៊ាសិទ្ធចំនួន៥ខែ(2-3-4-5-6)', 0, 0, 0, 5, 4168, 20840, '2019-07-06', 18),
('2019-08-01', '', 0, 'បាញ់ប្លង់ដីកូនចៅ', 0, 0, 0, 1, 50, 50, '2019-08-01', 18),
('2019-08-02', '', 0, 'បាញ់ប្លង់ដីកូនមេ', 0, 0, 0, 1, 300, 300, '2019-08-02', 18),
('2019-08-03', '', 0, 'ថ្មមិច 15ម៉ែត្រការ៉េ×13$', 0, 0, 0, 1, 195, 195, '2019-08-03', 18),
('2019-08-04', '', 0, 'ថ្ម+ដីឆេងតង់', 0, 0, 0, 1, 2713, 2713, '2019-08-04', 18),
('2019-08-05', '', 0, 'Boost Page', 0, 0, 0, 1, 200, 200, '2019-08-05', 18),
('2019-08-06', '', 0, 'សេវាមេធាវី 6 ផ្ទះ', 0, 0, 0, 1, 210, 210, '2019-08-06', 18),
('2019-08-07', '', 0, 'កាប់ព្រៃខាងមុខ', 0, 0, 0, 1, 25, 25, '2019-08-07', 18),
('2019-08-08', '', 0, 'Boost Page', 0, 0, 0, 1, 219, 219, '2019-08-08', 18),
('2019-08-09', '', 0, 'សេវាទំនាក់ទំនងខណ្ឌ័', 0, 0, 0, 1, 300, 300, '2019-08-09', 18),
('2019-08-09', '', 0, 'ថ្លៃអេស្កាខាងផ្លូវជួល', 0, 0, 0, 1, 200, 200, '2019-08-09', 18),
('2019-09-01', '', 0, 'អោយថ្លៃ ទំនាក់ទំនងសង់លូ', 0, 0, 0, 1, 350, 350, '2019-09-01', 18),
('2019-09-01', '', 0, 'ប្រាក់ខែ បុគ្គលិកខែ 08', 0, 0, 0, 1, 2030, 2030, '2019-09-01', 18),
('2019-09-03', '', 0, 'ដកបង្គោលភ្លើង', 0, 0, 0, 1, 2000, 2000, '2019-09-03', 18),
('2019-09-04', '', 0, 'គូរប្លង់ Villa Prince', 0, 0, 0, 1, 1000, 1000, '2019-09-04', 18),
('2019-09-05', '', 0, 'កែប្លង់រួម', 0, 0, 0, 1, 1000, 1000, '2019-09-05', 18),
('2019-09-06', '', 0, 'ញាំអាហារពេលល្ងាចបុគ្គលិក', 0, 0, 0, 1, 660, 660, '2019-09-06', 18),
('2019-09-06', '', 0, 'គូសប្លង់អាងហែលទឹក ក្លិបហាត់ប្រាណ40%', 0, 0, 0, 1, 860, 860, '2019-09-06', 18),
('2019-09-06', '', 0, 'ថ្លៃថ្មមិច ចាក់ធ្វើផ្លូវ', 0, 0, 0, 1, 3976, 3976, '2019-09-06', 18),
('2019-09-06', '', 0, 'គ្រឿងចាក់ធ្វើផ្លូវ 50%', 0, 0, 0, 1, 2000, 2000, '2019-09-06', 18),
('2019-09-25', '', 0, 'គ្រឿងចាក់ធ្វើផ្លូវ 25%', 0, 0, 0, 1, 1000, 1000, '2019-09-25', 18),
('2019-09-25', '', 0, 'មិចធ្វើផ្លូវ', 0, 0, 0, 1, 927, 927, '2019-09-25', 18),
('2019-10-01', '', 0, 'កក់ថ្លៃដើមឈើ', 0, 0, 0, 1, 100, 100, '2019-10-01', 18),
('2019-10-02', '', 0, 'Boot Page Facebook', 0, 0, 0, 1, 115, 115, '2019-10-02', 18),
('2019-10-02', '', 0, 'ទិញស្ព្រាយបាញ់', 0, 0, 0, 1, 35, 35, '2019-10-02', 18),
('2019-10-02', '', 0, 'គូសប្លង់អាគារស្ទីមហាត់ប្រាណ (2nd)', 0, 0, 0, 1, 860, 860, '2019-10-02', 18),
('2019-10-05', '', 0, 'វីឌីអូ រូបភាព ', 0, 0, 0, 1, 1400, 1400, '2019-10-05', 18),
('2019-10-16', '', 0, 'សេវា​មេធាវី 11ច្បាប់', 0, 0, 0, 19, 35, 665, '2019-10-16', 18),
('2019-10-18', '', 0, 'Boot Page Facebook', 0, 0, 0, 1, 250, 250, '2019-10-18', 18),
('2019-10-22', '2272', 11, 'ទិញComputer 01sets (Puthea Sokdom)', 0, 0, 0, 1, 390, 390, '2019-10-22', 18),
('2019-11-02', '', 0, 'ទិញ Icom', 0, 0, 0, 14, 100, 1400, '2019-11-02', 18),
('2019-11-03', '', 0, 'បើកកុង GALAXY 11  COLTD', 0, 0, 0, 1, 510, 510, '2019-11-03', 18),
('2019-11-04', '', 0, 'បង្គោលភ្លើង', 0, 0, 0, 1, 2700, 2700, '2019-11-04', 18),
('2019-11-05', '', 0, 'Facebook boost page', 0, 0, 0, 1, 214, 214, '2019-11-05', 18),
('2019-11-06', '', 0, 'សេវាផ្ទេរសិទ្ធលឿនដីថ្មី', 0, 0, 0, 1, 1200, 1200, '2019-11-06', 18),
('2019-11-07', '', 0, 'ប្រាក់ខែបុរី ខែតុលា', 0, 0, 0, 1, 4030, 4030, '2019-11-07', 18),
('2019-11-08', '', 0, 'ស្នើរសុំសាងសង់ខណ្ឌ័', 0, 0, 0, 1, 4800, 4800, '2019-11-08', 18),
('2019-11-09', '', 0, 'ស្នើរសុំសាងសង់សង្កាត់', 0, 0, 0, 1, 200, 200, '2019-11-09', 18),
('2019-11-10', '', 0, 'អោយបងរ៉ុង ថ្លៃបន្ថែមប្លង់', 0, 0, 0, 1, 9000, 9000, '2019-11-10', 18),
('2019-11-11', '', 0, 'អំពូលសូឡា', 0, 0, 0, 1, 3000, 3000, '2019-11-11', 18),
('2019-11-12', '', 0, 'អោយមន្ទីរធនធានទឹក', 0, 0, 0, 1, 3000, 3000, '2019-11-12', 18),
('2019-11-27', '', 0, 'ទិញទូរស័ព្ទអោយអតិថិជន', 0, 0, 0, 3, 1065, 3195, '2019-11-27', 18),
('2019-11-30', '', 0, 'បង់ពន្ធឡាន', 0, 0, 0, 1, 800, 800, '2019-11-30', 18),
('2019-11-30', '', 0, 'Boost Face Book', 0, 0, 0, 1, 250, 250, '2019-11-30', 18),
('2019-11-30', '', 0, 'ប្រាក់ខែបុគ្គលិកបុរី ខែ វិច្ឆិកា', 0, 0, 0, 1, 4030, 4030, '2019-11-30', 18),
('2019-11-30', '', 0, 'Boost Face Book', 0, 0, 0, 1, 23, 23, '2019-11-30', 18),
('2019-11-30', '', 0, 'ប្លង់ វីឡា 20%', 0, 0, 0, 1, 400, 400, '2019-11-30', 18),
('2019-11-30', '', 0, 'ប្លង់ វីឡា Prince 20%', 0, 0, 0, 1, 550, 550, '2019-11-30', 18),
('2019-11-30', '', 0, 'ថែមឲ្យអ្នកគូរប្លង់', 0, 0, 0, 1, 500, 500, '2019-11-30', 18),
('2019-12-13', '', 0, 'Facebook Boost', 0, 0, 0, 1, 250, 250, '2019-12-13', 18),
('2019-12-23', '', 0, 'Facebook Boost', 0, 0, 0, 1, 250, 250, '2019-12-23', 18),
('2019-12-25', '', 0, 'ទិញទូរសព្ទ័អោយអតិថិជន', 0, 0, 0, 1, 1065, 1065, '2019-12-25', 18),
('2020-01-03', '', 0, 'Facebook Boost', 0, 0, 0, 1, 108, 108, '2020-01-03', 18),
('2020-01-03', '', 0, 'ប្រាក់បុគ្គលិកខែ12', 0, 0, 0, 1, 3680, 3680, '2020-01-03', 18),
('2019-04-05', '1329', 38, 'ទិញម៉ាស៊ូត', 0, 0, 0, 20, 0.8, 16, '2019-04-05', 5),
('2019-04-04', '304', 38, 'ទិញម៉ាស៊ូត', 0, 0, 0, 10, 0.8, 8, '2019-04-08', 5),
('2019-04-08', '1726', 38, 'ទិញម៉ាស៊ូត', 0, 0, 0, 20, 0.8, 16, '2019-04-08', 5),
('2019-04-11', '95', 53, 'ទិញដែក វីស កន្ត្រៃ កាំបិត ឡាម', 0, 0, 0, 0, 0, 91.63, '2019-04-11', 5),
('2019-04-25', '395', 49, 'ឈ្នូលជាង ដាក់វាំងនួន', 0, 0, 0, 0, 0, 20, '2019-04-25', 5),
('2019-06-05', '96', 0, 'លើកម៉ាស៊ីនបូមទឹក', 0, 0, 0, 1, 10, 10, '2019-05-06', 5),
('2019-06-06', '96', 0, 'ឈ្នួលដឹក', 0, 0, 0, 0, 0, 5, '2019-05-07', 5),
('2019-06-07', '96', 0, 'បូមទឹកចេញពីផ្លូវ', 1, 30000, 30000, 0, 0, 0, '2019-05-08', 5),
('2019-04-29', '97', 29, 'Copy ប្លង់ផ្ទះបុរី', 0, 0, 99400, 0, 0, 0, '2019-05-06', 5),
('2019-05-07', '98', 0, 'ឲ្យមេការធ្វើផ្លូវ', 0, 0, 0, 1, 10, 10, '2019-05-07', 5),
('2019-05-12', '99', 38, 'ទិញម៉ាស៊ូត', 0, 0, 18500, 0, 0, 0, '2019-05-12', 5),
('2019-05-15', '100', 0, 'ទិញសាំងដាក់ម៉ាស៊ីនបូមទឹក', 0, 0, 7400, 0, 0, 0, '2019-05-15', 5),
('2019-05-15', '101', 0, 'ទិញម៉ាស៊ូត', 0, 0, 18500, 0, 0, 0, '2019-05-15', 5),
('2019-05-16', '', 0, 'ឲ្យពូប្រធានភូមិ', 0, 0, 0, 1, 100, 100, '2019-05-16', 5),
('2019-05-17', '102', 53, 'ទិញធូបផ្សារ វីស', 0, 0, 22000, 0, 0, 0, '2019-05-17', 5),
('2019-05-17', '2847', 51, 'ទិញស៊ីម៉ង់', 1, 21000, 21000, 0, 0, 0, '2019-05-17', 5),
('2019-05-20', '8724', 51, 'ទិញស៊ីម៉ង់', 1, 21000, 21000, 0, 0, 0, '2019-05-20', 5),
('2019-05-23', '103', 38, 'ទិញម៉ាស៊ូត', 0, 0, 18500, 0, 0, 0, '2019-05-23', 5),
('2019-05-29', '', 0, 'ជួលម៉ាស៊ីនបូមទឹក', 0, 0, 0, 1, 20, 20, '2019-05-29', 5),
('2019-05-31', '96', 39, 'ឈ្នួលធ្វើផ្លាកបុរី Galaxy', 0, 0, 0, 1, 350, 350, '2019-05-31', 5),
('2019-05-31', '95', 44, 'ទិញទូទឹកកក', 0, 0, 0, 1, 300, 300, '2019-05-31', 5),
('2019-06-03', '', 0, 'ឲ្យតាអាចារ្យ និង លោក', 0, 0, 0, 1, 200, 200, '2019-06-03', 5),
('2019-06-03', '', 0, 'ឈ្នួលឈូសដី បុរី', 0, 0, 0, 1, 150, 150, '2019-06-03', 5),
('2019-06-03', '', 0, 'ជួលឡានដឹកទឹកស្រោចបុរី', 1, 60000, 60000, 0, 0, 0, '2019-06-03', 5),
('2019-06-05', '', 0, 'ប្ដូទីតាំង ម៉ាស៊ីនត្រជាក់', 0, 0, 0, 2, 30, 60, '2019-06-05', 5),
('2019-06-05', '104', 34, 'ថ្លៃ សេវ៉ា ជុសជុល Internet', 0, 0, 0, 1, 10, 10, '2019-06-05', 5),
('2019-06-05', '', 0, 'ថ្លៃ ស្លាយខ្សែរអុបទិច', 0, 0, 0, 1, 15, 15, '2019-05-06', 5),
('2019-06-06', '1269', 46, 'បង់កក់ថ្លៃទិញឆត្រ័50%មុន', 0, 0, 0, 0, 0, 865, '2019-06-06', 5),
('2019-06-06', '', 0, 'ថ្លៃបបរ', 0, 0, 0, 0, 0, 450, '2019-06-06', 5),
('2019-06-07', '', 0, 'ថ្លៃទឹកកក', 0, 0, 0, 0, 0, 5, '2019-06-07', 5),
('2019-06-06', '', 33, 'Vital', 0, 0, 0, 10, 3.2, 32, '2019-06-06', 5),
('2019-06-07', '', 33, 'ប៉ូការីសស្វេត', 1, 50000, 50000, 0, 0, 0, '2019-06-07', 5),
('2019-06-08', '', 33, 'បាកាស', 1, 50000, 50000, 0, 0, 0, '2019-06-08', 5),
('2019-06-09', '', 33, 'កូកា', 1, 34000, 34000, 0, 0, 0, '2019-06-09', 5),
('2019-06-09', '367', 40, 'ទិញឯកសណ្ឋាន (Lim heng)', 0, 0, 0, 0, 0, 90, '2019-06-09', 5),
('2019-06-11', '', 0, 'ឈ្នួលដឹកទូដាក់ Office Borey', 0, 0, 70000, 0, 0, 0, '2019-06-11', 5),
('2019-06-11', '301', 18, 'អាអ៊ិច កាយដី', 0, 0, 0, 2, 150, 300, '2019-06-11', 5),
('2019-06-11', '', 0, 'ទិញស៊ុមរូបថត', 0, 0, 0, 4, 7, 28, '2019-06-11', 5),
('2019-06-11', '', 0, 'អោយខាង ពន្ធដា', 0, 0, 0, 0, 0, 25, '2019-06-11', 5),
('2019-06-11', '', 0, 'កាសែត', 0, 0, 0, 1, 10, 10, '2019-06-11', 5),
('2019-06-11', '', 0, 'ចំណាយទិញឯកសណ្ឋាន(Vannary&Nakry)', 0, 0, 0, 2, 100, 200, '2019-06-11', 5),
('2019-06-13', '', 0, 'ទិញជែលក្រអូប', 0, 0, 0, 1, 5, 5, '2019-06-13', 5),
('2019-06-15', '', 0, 'ចំណាយបង់ពន្ធ + សេវា', 0, 0, 405500, 1, 10, 10, '2019-06-15', 5),
('2019-06-15', '', 0, 'ចំណាយ Boosted post page 2លើក', 0, 0, 0, 0, 0, 248.24, '2019-06-15', 5),
('2019-06-17', '', 0, 'លើកឈើចេញពីផ្លូវ', 0, 0, 0, 0, 0, 400, '2019-06-17', 5),
('2019-06-17', '16893', 25, 'សម្ភារះការិយាល័យ Office Borey ( Color Paper,Envelop…)', 0, 0, 0, 0, 0, 14.01, '2019-06-17', 5),
('2019-06-17', '', 39, 'ការដំឡើង អក្សរអ៊ីណុកទឹកមាសភ្លឺ (ការិយាល័យលក់ផ្ទះ)', 0, 0, 0, 1, 150, 150, '2019-06-17', 5),
('2019-06-21', '', 0, 'ជួសជុលម៉ាស៊ីនព្រីន', 0, 0, 0, 1, 50, 50, '2019-06-21', 5),
('2019-06-25', '', 41, 'ឫស្សី', 0, 0, 0, 2, 3, 6, '2019-06-25', 5),
('2020-06-25', '', 41, 'ឈ្នួលដឹក', 1, 10000, 10000, 0, 0, 0, '2019-06-25', 5),
('2019-06-26', '', 0, 'កាប់ព្រៃ', 0, 0, 0, 1, 40, 40, '2019-06-26', 5),
('2019-06-30', '', 0, 'ក្រដាស​Cellox', 0, 0, 0, 2, 5.19, 10.38, '2019-06-30', 5),
('2019-06-30', '', 0, 'ស្ករគ្រាប់ចំរុះ', 0, 0, 0, 8, 0.77, 6.16, '2019-06-30', 5),
('2019-07-02', '', 0, 'កាយគល់ឈើចេញពីផ្លូវ', 1, 50000, 50000, 0, 0, 0, '2019-07-02', 5),
('2019-07-05', '324', 6, 'ឈួសផ្លូវរដ្ឋចូលបុរី16ម៉ែត្រ', 0, 0, 0, 1, 360, 360, '2019-07-05', 5),
('2019-07-05', '286', 7, 'មួក​TW 7,អាវពន្លឺត្រួយចេក5,ស្បែកជើង7\n ,អាវពន្លឺLH,V024,អាវប្រផេះ4 (Engineer)', 0, 0, 0, 0, 121, 121, '2019-07-05', 5),
('2019-07-08', '', 8, 'ដឹកទូកកុងតាណឺពីផ្សារព្រែកជ្រៃទៅដាក់នៅដីបុរី', 0, 0, 0, 1, 80, 80, '2019-07-08', 5),
('2019-07-09', '', 0, 'អាបុលឈួសផ្លូវ', 0, 0, 0, 1, 40, 40, '2019-07-09', 5),
('2019-07-10', '', 0, 'P5ថៃ(អាឡូ)', 0, 0, 0, 1, 6.5, 6.5, '2019-07-10', 5),
('2019-07-10', '', 9, 'ម៉ាស៊ីនវាស់កំពស់', 0, 0, 0, 1, 370, 370, '2019-07-10', 5),
('2019-07-15', '', 0, 'លេប្លង់', 0, 0, 0, 1, 20, 20, '2019-07-15', 5),
('2019-07-15', '', 0, 'ម៉ាស៊ីន laser50m,ម៉ាស៊ីន laser កែងនិង កម្ពស់,ម៉ាស៊ីន Test Concrele', 0, 0, 0, 1, 1442, 1442, '2019-07-15', 5),
('2019-07-15', '', 0, 'ទឹកសុទ្ធ Vita 350ml ចំនួន២០កេស និង កាហ្វេចំនួន២កេស', 0, 0, 0, 1, 88, 88, '2019-07-15', 5),
('2019-07-15', '', 0, 'កាប់ព្រៃនៅដីបុរីGalaxy 11', 0, 0, 0, 1, 150, 150, '2019-07-15', 5),
('2019-07-15', '', 0, 'ថ្លៃកាតទូរសព្ទ័និងឯកសណ្ឋានបុគ្គលិក (Narong)', 0, 0, 0, 1, 120, 120, '2019-07-15', 5),
('2019-07-15', '', 0, 'ថ្លៃកាតទូរសព្ទ័បុគ្គលិក (Limheng)', 0, 0, 0, 1, 20, 20, '2019-07-15', 5),
('2019-07-15', '', 0, 'ថ្លៃកាតទូរសព្ទ័បុគ្គលិក (Nakry)', 0, 0, 0, 1, 20, 20, '2019-07-15', 5),
('2019-07-17', 'P00056', 23, 'ទិញឆត្រ័ (Final Payment)', 0, 0, 0, 1, 865, 865, '2019-07-17', 5),
('2019-07-17', '', 0, 'ស្នើរសុំធ្វើផ្លូវចូលបុរី', 0, 0, 0, 1, 1000, 1000, '2019-07-17', 5),
('2019-07-18', '', 0, 'សម្ភារៈការិយាលយ័', 0, 0, 0, 1, 25.4, 25.4, '2019-07-18', 5),
('2019-07-18', 'P 101', 52, 'បង់ពន្ធWT 10% &Service ', 1, 81500, 81500, 1, 10, 10, '2019-07-18', 5),
('2019-07-19', '', 0, 'ទិញ I com ចំនួនពីរ', 0, 0, 0, 2, 15, 30, '2019-07-19', 5),
('2019-07-23', '', 0, 'ស្នើរសុំទិញញ៉ូម20ដើម', 0, 0, 0, 20, 1.6, 32, '2019-07-23', 5),
('2019-07-23', '', 0, 'ចំលងប្លង់ A3', 0, 0, 0, 1, 9, 9, '2019-07-23', 5),
('2019-07-23', '', 0, 'ថ្លៃអាអ៊ិចឈូសដីចំនួន១ថ្ងៃ', 0, 0, 0, 1, 150, 150, '2019-07-23', 5),
('2019-07-23', '', 0, 'ទិញសាំងចាក់ដុតព្រៃនៅបុរី', 5, 3600, 17500, 0, 0, 0, '2019-07-23', 5),
('2019-07-24', '', 0, 'ទិញសៀវភៅធំ2ក្បាល', 2, 3000, 6000, 0, 0, 0, '2019-07-25', 5),
('2019-07-26', '', 0, 'ថ្លៃបាយរបស់ហ៊ាតុង&ហ៊ាសិទ្ធ(៤ថ្ងៃ)', 1, 271000, 271000, 0, 0, 0, '2019-07-26', 5),
('2019-07-26', '', 0, 'ដូរ Banner បុរី Galaxy 11 Office', 0, 0, 0, 1, 150, 150, '2019-07-26', 5),
('2019-07-26', '', 48, 'វីសដែក', 0, 0, 0, 1, 5, 5, '2019-07-26', 5),
('2019-07-29', '4.06E+14', 28, 'ទិញស្ករគ្រាប់ចំរុះ,ក្រដាសអនាម័យ និង សឺមីមានបិទបើ', 0, 0, 0, 1, 15.15, 15.15, '2019-07-28', 5),
('2019-07-30', '215', 43, 'ទិញទុយោសំរាប់ផ្លូវបេតុង', 1, 140000, 140000, 0, 0, 0, '2019-07-30', 5),
('2019-07-31', '', 0, 'ចំណាយទិកសុទ្ធ ៣០ កេស', 0, 0, 0, 30, 3.2, 96, '2019-07-31', 5),
('2019-07-31', '', 0, 'ចំណាយប្រាក់ខែ បុគ្គលិក ខែ កក្កដា ឆ្នាំ ២០១៩', 0, 0, 0, 1, 1800, 1800, '2019-07-31', 5),
('2019-07-31', '', 0, 'ថ្លៃចង​ Banner​ នៅរបងបុរី', 0, 0, 0, 1, 100, 100, '2019-07-31', 5),
('2019-07-31', '', 0, 'វាស់ម៉ែត្រធ្វើផ្លូវ ដីថ្មី', 1, 150000, 150000, 0, 0, 0, '2019-07-31', 5),
('2019-07-31', '', 0, 'GPS ', 1, 80000, 80000, 0, 0, 0, '2019-07-31', 5),
('2019-07-31', '', 0, 'ថ្លៃអោយពូមឹក ធ្វើផ្លូវ', 0, 0, 0, 1, 60, 60, '2019-07-31', 5),
('2019-08-02', '', 0, 'ទិញកៅស៊ូគ្រប់ផ្លូវក្នុងបុរី', 0, 0, 0, 1, 181.75, 181.75, '2019-08-02', 5),
('2019-08-12', '', 0, 'ធ្វើកាំជណ្តើរកុងគីនី័របុរី', 0, 0, 0, 1, 40, 40, '2019-08-12', 5),
('2019-08-12', '', 0, 'គាស់ដើមត្នោតបុរី', 0, 0, 0, 1, 20, 20, '2019-08-12', 5),
('2019-08-14', '', 0, 'អាហារសំរាប់បុគ្គលិក', 0, 0, 0, 1, 55, 55, '2019-08-14', 5),
('2019-08-15', '', 36, 'បង់ពន្ធកាត់ទុក10%', 1, 81600, 81600, 0, 0, 0, '2019-08-15', 5),
('2019-08-15', '', 0, 'សេវាប្រកាសពន្ធគ្រូកុសល', 0, 0, 0, 1, 10, 10, '2019-08-15', 5),
('2019-08-16', '', 0, 'ថ្លៃសិក្សាភូគព្ភសាស្រ្តដីបុរី​Galaxy 11 បង់កក់មុន', 0, 0, 0, 1, 850, 850, '2019-08-19', 5),
('2019-08-16', '', 0, 'កាមេរ៉ា40m,ខែ្ស 230m ,ឈ្មួល', 0, 0, 0, 1, 152, 152, '2019-08-16', 5),
('2019-08-16', '', 16, 'ថ្មរពុក 8 ឡាន×370$', 0, 0, 0, 1, 296, 296, '2019-08-16', 5),
('2019-08-16', '', 0, 'កាយច្រមុះជ្រូកការាស់សាំង', 0, 0, 0, 1, 150, 150, '2019-08-16', 5),
('2019-08-20', '', 0, 'កាត់បេតុងសួនច្បា​រ .បុរី​ Galaxy 11', 0, 0, 0, 1, 200, 200, '2019-08-20', 5),
('2019-08-22', '', 0, 'ទិញទឹកសុទ្ធ​20កេស', 1, 7500, 7500, 1, 64, 64, '2019-08-22', 5),
('2019-08-23', '', 0, 'ដឹក តុ កៅអី មកពី​ Vanda 271', 1, 30000, 30000, 0, 0, 0, '2019-08-23', 5),
('2019-08-26', '7329', 22, 'ទិញសាំង០២លីត្រដើម្បីដុតព្រៃនៅបុរីហ្គាឡាក់ស៊ី១១', 1, 7000, 7000, 0, 0, 0, '2019-08-26', 5),
('2019-08-26', '', 0, 'ស្នើរសុំសាងសង់(នៅសង្កាត់)', 0, 0, 0, 1, 700, 700, '2019-08-26', 5),
('2019-08-28', '', 0, 'ធ្វើតេស្តដែក', 0, 0, 0, 1, 130, 130, '2019-08-28', 5),
('2019-08-28', '', 0, 'ទិញឫស្សី 5បាច់ និង​ឈ្នួលដឹក', 1, 10000, 10000, 5, 3, 15, '2019-08-28', 5),
('2019-08-30', '', 0, 'ទិញសង្ក័សីលាត​ ធ្វើផ្លាកបុរី', 0, 0, 0, 1, 40, 40, '2019-08-30', 5),
('2019-08-30', '', 0, 'ទិញញ៉ូម វី30 ធ្វើផ្លាកបុរី', 0, 0, 0, 1, 81.75, 81.75, '2019-08-30', 5),
('2019-09-02', '', 0, 'ថ្លៃតេស្ដដី (Final Payment)', 0, 0, 0, 1, 800, 800, '2019-09-02', 5),
('2019-08-31', '', 50, 'គ្រែដែក ពួក ខ្នើយ កំរាលឈុត', 0, 0, 0, 1, 137, 137, '2019-08-31', 5),
('2019-09-04', '', 0, 'រង្វិលលុយឲ្យឈ្មោះ ស្រ៊ូ គឺមនី', 0, 0, 0, 1, 200, 200, '2019-09-04', 5),
('2019-09-03', '', 0, 'ទិញ computer 1set', 1, 10000, 10000, 1, 200, 200, '2019-09-03', 5),
('2019-09-03', '', 0, 'ទិញហ្វា3គ្រាប់,ខែ្សភ្លើង25 ១ដុំ,ហ្គែន ១ដុំ', 0, 0, 0, 1, 98, 98, '2019-09-02', 5),
('2019-09-01', '', 0, 'អាហារថ្ងៃត្រង់បុគ្គលិក', 1, 90000, 90000, 0, 0, 0, '2019-09-01', 5),
('2019-09-04', '', 0, 'ទិញទឺកសុទ្ធ25កេស', 0, 0, 0, 1, 80, 80, '2019-09-04', 5),
('2019-09-04', '2642', 31, 'ប្តូរ1Toner (Black) and refill 2 Toner', 0, 0, 0, 1, 140, 140, '2019-09-04', 5),
('2019-09-04', '', 0, 'ទិញរូឡូដាក់Computer office បុរី', 0, 0, 0, 1, 6, 6, '2019-09-04', 5),
('2019-09-28', '', 0, 'ទិញសំភារៈអនាម័យ', 1, 87000, 87000, 0, 0, 0, '2019-09-03', 5),
('2019-09-04', '', 0, 'ដីទន្លេ', 0, 0, 0, 1, 90, 90, '2019-09-05', 5),
('2019-09-04', '', 0, 'ដីទន្លេ', 0, 0, 0, 1, 95, 95, '2019-09-05', 5),
('2019-09-05', '', 0, 'ប្រាក់លើកទឹកចិត្ត Rose Queen', 0, 0, 0, 1, 200, 200, '2019-09-05', 5),
('2019-09-06', '', 0, 'ទង់ក្រណាត់(First Payment)', 0, 0, 0, 1, 612.5, 612.5, '2019-09-06', 5),
('2019-09-05', '', 0, 'ស្តង់ 2*2 (ឆត្រ័)', 0, 0, 0, 1, 55, 55, '2019-09-05', 5),
('2019-09-04', '', 35, 'សាំង ឡាន បងហេង', 0, 0, 0, 1, 20, 20, '2019-09-05', 5),
('2019-09-06', '', 0, 'តុក(210$),កៅអី(80$),ថ្លៃដឹក (15$)', 0, 0, 0, 1, 305, 305, '2019-09-06', 5),
('2019-09-10', '', 0, 'អោយចៅសង្កាត់ថ្លៃស្នើរថ្ម', 0, 0, 0, 1, 50, 50, '2019-09-10', 5),
('2019-09-03', '', 0, 'សំភារៈការិយាល័យយកពី271', 0, 0, 0, 1, 890, 890, '2019-09-03', 5),
('2019-09-05', '', 0, 'ទិញខ្សែឡេន(Internet)តម៉ាស៊ីនព្រីន', 0, 0, 0, 1, 18, 18, '2019-09-05', 5),
('2019-09-05', '', 35, 'សាំង ឡាន បងហេង', 0, 0, 0, 1, 10, 10, '2019-09-05', 5),
('2019-09-10', '', 0, 'ដកPetty cash អោយ Mr.Chea Chan heng', 0, 0, 0, 1, 500, 500, '2019-09-10', 5),
('2019-09-11', 'MR-0619-0130', 30, 'Reflective PVC Printing(0130)', 0, 0, 0, 1, 1186, 1186, '2019-09-11', 5),
('2019-09-11', '', 0, 'រៀបឃឿនសួនច្បារបុរី', 0, 0, 0, 1, 100, 100, '2019-09-11', 5),
('2019-09-11', '', 0, 'បង់ពន្ធប្រចាំខែ', 1, 81700, 81700, 1, 10, 10, '2019-09-11', 5),
('2019-09-11', '', 0, 'ស្នើរសុំប្រាក់បន្ថែមម៉ោងឈ្មោះសុខ សុភ្ភស័', 0, 0, 0, 1, 100, 100, '2019-09-11', 5),
('2019-09-12', '', 0, 'ទិញសង្ក័សីធ្វើផ្លកបុរី(ច្រមុះជ្រូក)', 0, 0, 0, 1, 35, 35, '2019-09-12', 5),
('2019-09-12', '1128', 26, 'Buy Printer (L1300)', 0, 0, 0, 1, 458, 458, '2019-09-12', 5),
('2019-09-14', '', 0, 'ទិញសម្ភារៈធ្វើoffice បុរី(កាវបៀកដែក១ធុង)', 0, 0, 0, 1, 13, 13, '2019-09-15', 5),
('2019-09-16', '', 0, 'រៀបឃឿនសួនច្បារបុរី(លើកទី២)', 0, 0, 0, 1, 100, 100, '2019-09-16', 5),
('2019-09-17', '', 0, 'កក់ថ្លៃធ្វើ System', 0, 0, 0, 1, 500, 500, '2019-09-17', 5),
('2019-09-18', '', 0, 'ថ្លៃដើមឈើ', 0, 0, 0, 1, 2450, 2450, '2019-09-18', 5),
('2019-09-19', '', 0, 'ស្នើរថវិកាទៅវត្ត', 0, 0, 0, 1, 200, 200, '2019-09-19', 5),
('2019-09-19', '617', 48, 'ទិញខ្សែរឹតស្តកភ្លើងធ្វើ Banner', 0, 0, 0, 1, 7.13, 7.13, '2019-09-19', 5),
('2019-09-21', '', 0, 'រៀបខឿនបុរី ទិញខឿន(ទិញសំភារៈខឿន)', 0, 0, 0, 1, 655, 655, '2019-09-21', 5),
('2019-09-26', 'MTT-19-051990', 24, 'ទិញសំភារៈការិយាល័យ(Office Supply)', 0, 0, 0, 1, 300.85, 300.85, '2019-09-26', 5),
('2019-09-16', '', 0, 'ទិញហ្វាLED 30W (2),50w(1) ថែមម័រ និងសេវា', 0, 0, 0, 1, 69, 69, '2019-09-16', 5),
('2019-09-24', '', 0, 'អោយទៅចៅសង្កាត់(ជូនភ្ជុំចៅសង្កាត់)', 0, 0, 0, 1, 30, 30, '2019-09-24', 5),
('2019-09-30', '', 0, 'អ៊ុតស្គុតឡាន', 0, 0, 0, 1, 195, 195, '2019-09-30', 5),
('2019-09-30', '', 0, 'ទង់ក្រណាត់(Final Payment)', 0, 0, 0, 1, 612.5, 612.5, '2019-09-30', 5),
('2019-09-30', '', 0, 'ធ្វើ Name Card', 0, 0, 0, 1, 168, 168, '2019-09-30', 5),
('2019-09-30', '', 0, 'Petty Cash in Sep-19 (Chea Chanheng)', 0, 0, 0, 1, 322.68, 322.68, '2019-09-30', 5),
('2019-10-02', ' ', 0, 'Top up Telephone  (for staffs)Oct .19', 0, 0, 0, 1, 100, 100, '2019-10-02', 5),
('2019-10-04', ' ', 0, 'បៀកកាវកាពារជ្រាបទឹកofficeបុរី', 0, 0, 0, 1, 39, 39, '2019-10-04', 5),
('2019-10-04', ' ', 0, 'តភ្លើងហ្វាOfficeបុរី', 0, 0, 0, 1, 50, 50, '2019-10-04', 5),
('2019-10-04', ' ', 0, 'ទិញញ៉ូម និង​ ជុសជុលកុងទ័រនៅបុរី', 0, 0, 0, 1, 22, 22, '2019-10-04', 5),
('2019-10-04', ' ', 0, 'Print Banner Borey', 0, 0, 0, 1, 287, 287, '2019-10-04', 5),
('2019-10-09', ' ', 0, 'អោយថ្លៃបាញ់ប្លង់ (1st)', 0, 0, 0, 1, 400, 400, '2019-10-09', 5),
('2019-10-10', ' ', 0, 'ឈ្នួលផ្ទះ B Heng(sale Manager)', 0, 0, 0, 1, 80, 80, '2019-10-10', 5),
('2019-10-10', ' ', 0, 'ទិញអំពូលLED 2 គ្រាប់ Officeបុរី', 2, 19000, 38000, 0, 0, 0, '2019-10-10', 5),
('2019-10-10', ' ', 0, 'បង់ពន្ធប្រចាំខែ09 នឹងសេវា', 0, 0, 82000, 1, 20, 20, '2019-10-10', 5),
('2019-10-11', ' ', 0, 'បញ្ជាក់ប្លង់រឹងនៅពន្ធដា នឹងសេវាគ្រូកុសល់', 0, 0, 155000, 1, 20, 20, '2019-10-11', 5),
('2019-10-11', ' ', 0, 'ទិញញ៉ូម24ដើម ធ្វើប៉ាណូ របងបុរី', 0, 0, 0, 1, 60, 60, '2019-10-11', 5),
('2019-10-11', ' ', 0, 'ឈ្នួលធ្វើផ្លាកបុរី និងទិញសំភារះ', 0, 0, 0, 1, 321.4, 321.4, '2019-10-11', 5),
('2019-10-14', ' ', 0, 'ជំនួយចៅវាយខណ្ឌ័(ជំនួយអ៊ុំទូក)', 1, 800000, 800000, 0, 0, 0, '2019-10-14', 5),
('2019-10-14', ' ', 0, 'ធ្វើ Name Card and T. Shirt', 0, 0, 0, 1, 1486, 1486, '2019-10-14', 5),
('2019-10-16', ' ', 0, 'ទិញហ្វាដាក់របងបុរី និង​ ឈ្នួល', 1, 20000, 20000, 1, 83, 83, '2019-10-16', 5),
('2019-10-17', ' ', 0, 'អោយខណ្ឌ័ និង​សង្កាត់ដាំផ្លាកបុរី', 0, 0, 0, 1, 150, 150, '2019-10-17', 5),
('2019-10-17', ' ', 0, 'ទិញសំភារះតភ្លើង', 1, 37500, 37500, 0, 0, 0, '2019-10-17', 5),
('2019-10-17', ' ', 0, 'ទិញទឹកសុទ្ធ', 5, 2500, 12500, 1, 64, 64, '2019-10-17', 5),
('2019-10-24', ' ', 0, 'ទិញអាគុយ2', 0, 0, 0, 2, 15, 30, '2019-10-24', 5),
('2019-10-24', ' ', 0, 'ទិញដីទន្លេ 2ឡាន', 0, 0, 0, 2, 95, 190, '2019-10-24', 5),
('2019-10-29', ' ', 0, 'បើកលុយអោយខាងសឺវេដី (សរុប500$)', 0, 0, 0, 1, 100, 100, '2019-10-29', 5),
('2019-10-29', ' ', 0, 'ថ្លៃបាញ់ផ្លាកបុរី', 0, 0, 0, 1, 100, 100, '2019-10-29', 5),
('2019-10-29', ' ', 0, 'ប្ដូរទឹកថ្នាំ ម៉ាស៊ីនព្រីន Black (HP Color saser jet)', 0, 0, 0, 1, 60, 60, '2019-10-29', 5),
('2019-10-29', ' ', 0, 'ថ្លៃថ្មពុក1ឡាន', 0, 0, 0, 1, 37, 37, '2019-10-29', 5),
('2019-11-03', '', 3, 'បាឡុង២០លីចាប់បង្គោលភ្លើងបុរី៦០គ្រាប់', 0, 0, 0, 60, 3, 180, '2019-11-03', 5),
('2019-11-03', '', 3, 'ផ្លែស្វាន២០លី', 0, 0, 0, 1, 5, 5, '2019-11-03', 5),
('2019-11-05', '', 0, 'តភ្លើងហ្វារបងបុរី', 0, 0, 0, 1, 20, 20, '2019-11-05', 5),
('2019-11-05', '', 0, 'ស្ទូចដើមត្នោតចេញ', 0, 0, 0, 1, 10, 10, '2019-11-05', 5),
('2019-11-06', '', 0, 'ដូរកង់ឡាននិងដូរខ្ចៅឡាន', 0, 0, 0, 1, 122, 122, '2019-11-06', 5),
('2019-11-06', '', 0, 'Petty Cash Mr. Chea Chanheng​​ in Oct-19', 0, 0, 0, 1, 382, 382, '2019-11-06', 5),
('2019-11-06', '', 0, 'Top up Phone number Staff(Nov.19)', 0, 0, 0, 1, 100, 100, '2019-11-06', 5),
('2019-11-07', '', 3, 'ក្បាលប៊ូឡុងធ្វើបង្គោលភ្លើង', 60, 2000, 120000, 0, 0, 0, '2019-11-07', 5),
('2019-11-07', '', 0, 'រៀបស៊ុមសួនច្បារ', 0, 0, 0, 1, 156, 156, '2019-11-07', 5),
('2019-11-07', '', 0, 'ជញ្ជូនដី', 0, 0, 0, 1, 25, 25, '2019-11-07', 5),
('2019-11-07', '', 0, 'ធ្វើបង្គោលភ្លើង', 0, 0, 0, 1, 150, 150, '2019-11-07', 5),
('2019-11-08', '', 47, 'ថ្លៃ Party បុគ្គលិក(07.11.19)', 0, 0, 0, 1, 480, 480, '2019-11-08', 5),
('2019-11-08', '', 0, 'ថ្លៃឈ្នួលផ្ទះខែ10.2019', 0, 0, 0, 1, 110, 110, '2019-11-08', 5),
('2019-11-14', '', 0, 'ចំណាយសេវាមេធាវី 11ច្បាប់', 0, 0, 0, 11, 35, 385, '2019-11-14', 5),
('2019-11-14', '', 0, 'លេប្លង់ដីក្បាល760', 0, 0, 0, 1, 30, 30, '2019-11-14', 5),
('2019-11-14', '', 0, 'បង់ពន្ធ+ សេវា ប្រចាំខែ 10-2019', 1, 81400, 81400, 1, 140, 140, '2019-11-14', 5),
('2019-11-15', '', 0, 'ប្រាក់លើកទឹកចិត្ត ជាង និង សុខុដុម', 1, 170000, 170000, 1, 100, 100, '2019-11-15', 5),
('2019-11-21', '', 0, 'សឺវេដី ', 0, 0, 0, 1, 300, 300, '2019-11-21', 5),
('2019-12-03', '', 0, 'ចំណាយសេវាមេធាវី 7ច្បាប់', 0, 0, 0, 7, 35, 245, '2019-12-03', 5),
('2019-12-03', '', 0, 'បង់ពន្ធ+ សេវា ប្រចាំខែ 11-2019', 1, 81200, 81200, 1, 140, 140, '2019-12-03', 5),
('2019-12-04', '', 24, 'ទិញសំភារះប្រើប្រាស់ក្នុងការិយាល័យ', 0, 0, 0, 1, 50.75, 50.75, '2019-12-04', 5),
('2019-12-04', '', 0, 'ឈ្មួលផ្ទះ បង​ ជា ចាន់ ហេង​ប្រចាំខែ វិច្ឆិកា-2019', 0, 0, 0, 1, 110, 110, '2019-12-04', 5),
('2019-12-04', '', 0, 'Top up Phone number Staff(Dec.19)', 0, 0, 0, 1, 100, 100, '2019-12-04', 5),
('2019-12-04', '', 0, 'Petty Cash Mr. Chea Chanheng​​ in November-2019', 0, 0, 0, 1, 332.88, 332.88, '2019-12-04', 5),
('2019-12-12', '', 32, 'ផ្សព្វផ្សាយ32', 0, 0, 0, 1, 2250, 2250, '2019-12-12', 5),
('2019-12-12', '', 0, 'ជុសជុលម៉ាស៊ីនត្រជាក់', 0, 0, 0, 1, 100, 100, '2019-12-12', 5),
('2019-12-14', '', 0, 'ចូលបុណ្យនៅខណ្ឌ', 1, 400000, 400000, 0, 0, 0, '2019-12-14', 5),
('2019-12-23', '', 0, 'ជូនទៅខាងក្រសួង(ដែនដី)', 0, 0, 0, 1, 400, 400, '2019-12-23', 5),
('2019-12-23', '', 0, 'Marketing on Page Realestate .Com.kh', 0, 0, 0, 1, 2200, 2200, '2019-12-23', 5),
('2019-12-24', '', 0, 'ធ្វើ System (Fianalpayment)', 0, 0, 0, 1, 500, 500, '2019-12-24', 5),
('2019-12-24', '', 0, 'កាត់វាំងនន ដាក់Office', 0, 0, 0, 1, 56, 56, '2019-12-24', 5),
('2019-12-27', '', 0, 'ទិញបាឡុងធ្វើបង្គោលភ្លើង', 0, 0, 0, 1, 66.5, 66.5, '2019-12-27', 5),
('2019-12-27', '', 0, 'ថ្លៃចាក់ដីថែម (សួនច្បារ)', 0, 0, 0, 1, 616, 616, '2019-12-27', 5),
('2019-12-28', '', 0, 'ទិញ Speaker and TV', 0, 0, 0, 1, 654, 654, '2019-12-28', 5),
('2019-12-29', '', 0, 'ឲ្យខាងអ្នកវា់សដីបុរី', 0, 0, 0, 1, 100, 100, '2019-12-29', 5),
('2019-12-30', '', 0, 'ទិញ បង្គោលដាក់ព្រំដី+ឈ្នួល', 0, 0, 0, 1, 123.25, 123.25, '2019-12-30', 5),
('2019-12-30', '', 0, 'សេវាមេធាវី8ច្បាប់', 0, 0, 0, 8, 35, 280, '2019-12-30', 5),
('2019-12-30', '', 0, 'Staffs Party on 30-12-2019', 0, 0, 0, 1, 340, 340, '2019-12-30', 5),
('2019-12-30', '', 0, 'ទិញកាវ បិទធុងទឹក', 1, 6000, 6000, 0, 0, 0, '2019-12-30', 5),
('2020-01-03', '', 0, 'បង់ពន្ធអចលទ្រព្យ', 1, 531500, 531500, 0, 0, 0, '2020-01-03', 5),
('2020-01-03', '', 0, 'ថ្លៃសេវ៉ា', 1, 300000, 300000, 0, 0, 0, '2020-01-03', 5),
('2020-01-03', '', 0, 'បង់ពន្ធប្រចាំខែ​និង សេវ៉ា', 1, 81300, 81300, 1, 140, 140, '2020-01-03', 5),
('2020-01-03', '', 0, 'Top Up Phone in January-2020', 0, 0, 0, 1, 90, 90, '2020-01-03', 5),
('2020-01-03', '', 0, 'ទិញសំភារះ សំរាប់ដាក់Boost មុខផ្សារស្ទឹងមានជ័យ', 0, 0, 0, 1, 38.25, 38.25, '2020-01-03', 5),
('2020-01-03', '', 0, 'ដាក់ស្តង់មុខផ្សារស្ទឹងមានជ័យថ្មី​03ថ្ងៃ', 0, 0, 0, 3, 100, 300, '2020-01-03', 5),
('2020-01-03', '', 0, 'ទិញបង្គោលព្រំដីបន្ថែម', 1, 116000, 116000, 0, 0, 0, '2020-01-03', 5),
('2020-01-03', '', 0, 'អោយខាង Surveyដី', 0, 0, 0, 1, 50, 50, '2020-01-03', 5),
('2020-01-03', '', 0, 'ផ្សព្វផ្សាយPage Fresh News (PR)', 0, 0, 0, 1, 100, 100, '2020-01-03', 5),
('2020-01-03', '', 0, 'ផ្សព្វផ្សាយPage Sabay Digital', 0, 0, 0, 1, 220, 220, '2020-01-03', 5),
('2020-01-03', '', 0, 'Petty Cash in December-2019', 0, 0, 0, 1, 370.15, 370.15, '2020-01-03', 5);

-- --------------------------------------------------------

--
-- Table structure for table `tbl_expend`
--

DROP TABLE IF EXISTS `tbl_expend`;
CREATE TABLE IF NOT EXISTS `tbl_expend` (
  `exp_id` int(11) NOT NULL AUTO_INCREMENT,
  `exp_total_price` double DEFAULT NULL,
  `exp_date` date NOT NULL,
  `exp_des` text CHARACTER SET utf8,
  `exp_image` text CHARACTER SET utf8,
  `regDt` datetime DEFAULT NULL,
  `upDt` datetime DEFAULT NULL,
  `useYn` varchar(1) NOT NULL,
  `regUsr` int(11) NOT NULL,
  `upUsr` int(11) NOT NULL,
  `sta_id` int(11) DEFAULT NULL,
  `sup_id` int(11) NOT NULL,
  `com_id` int(11) NOT NULL,
  `bra_id` int(11) NOT NULL,
  `exp_qty` double DEFAULT NULL,
  `exp_unit_price` double DEFAULT NULL,
  `exp_req_date` date DEFAULT NULL,
  `exp_qty_khr` double DEFAULT NULL,
  `exp_unit_price_khr` double DEFAULT NULL,
  `exp_total_price_khr` double DEFAULT NULL,
  `exp_inv_no` varchar(20) CHARACTER SET utf8 DEFAULT NULL,
  `exp_item_no` int(11) DEFAULT NULL,
  `exp_req_staff_id` int(11) DEFAULT NULL,
  `exp_voucher_no` varchar(50) DEFAULT NULL,
  PRIMARY KEY (`exp_id`)
) ENGINE=MyISAM AUTO_INCREMENT=432 DEFAULT CHARSET=armscii8;

--
-- Dumping data for table `tbl_expend`
--

INSERT INTO `tbl_expend` (`exp_id`, `exp_total_price`, `exp_date`, `exp_des`, `exp_image`, `regDt`, `upDt`, `useYn`, `regUsr`, `upUsr`, `sta_id`, `sup_id`, `com_id`, `bra_id`, `exp_qty`, `exp_unit_price`, `exp_req_date`, `exp_qty_khr`, `exp_unit_price_khr`, `exp_total_price_khr`, `exp_inv_no`, `exp_item_no`, `exp_req_staff_id`, `exp_voucher_no`) VALUES
(46, 8200, '2019-02-01', 'គូសប្លង់ 50%+30%', NULL, '2020-02-05 10:17:00', '2020-02-05 10:17:00', 'Y', 2, 2, 18, 0, 1, 1, 0, 0, '2019-02-01', 0, 0, 0, '', 1, NULL, NULL),
(47, 85, '2019-02-01', 'សែន ចាក់ដី', NULL, '2020-02-05 10:17:00', '2020-02-05 10:17:00', 'Y', 2, 2, 18, 0, 1, 1, 0, 0, '2019-02-01', 0, 0, 0, '', 1, NULL, NULL),
(48, 850, '2019-02-01', 'ត ភ្លើង 32A', NULL, '2020-02-05 10:17:00', '2020-02-05 10:17:00', 'Y', 2, 2, 18, 0, 1, 1, 0, 0, '2019-02-01', 0, 0, 0, '', 1, NULL, NULL),
(49, 320, '2019-02-01', 'ថ្លៃ ស៊ីមទូរស័ព្ទ 017-098', NULL, '2020-02-05 10:17:00', '2020-02-05 10:17:00', 'Y', 2, 2, 18, 0, 1, 1, 0, 0, '2019-02-01', 0, 0, 0, '', 1, NULL, NULL),
(50, 400, '2019-02-01', 'ថ្លៃ ទូរស័ព្ទ2គ្រឿង', NULL, '2020-02-05 10:17:00', '2020-02-05 10:17:00', 'Y', 2, 2, 18, 0, 1, 1, 0, 0, '2019-02-01', 0, 0, 0, '', 1, NULL, NULL),
(51, 26.5, '2019-02-01', 'ទិញ កាំបិត ពូថៅ', NULL, '2020-02-05 10:17:00', '2020-02-05 10:17:00', 'Y', 2, 2, 18, 0, 1, 1, 0, 0, '2019-02-01', 0, 0, 0, '', 1, NULL, NULL),
(52, 100, '2019-02-01', 'ឈ្នួលកាត់ដើមឈើ', NULL, '2020-02-05 10:17:00', '2020-02-05 10:17:00', 'Y', 2, 2, 18, 0, 1, 1, 0, 0, '2019-02-01', 0, 0, 0, '', 1, NULL, NULL),
(53, 108000, '2019-02-01', 'ចាក់ដី', NULL, '2020-02-05 10:17:00', '2020-02-05 10:17:00', 'Y', 2, 2, 18, 0, 1, 1, 0, 0, '2019-02-01', 0, 0, 0, '', 1, NULL, NULL),
(54, 1552, '2019-02-15', 'ទិញខ្សែភ្លើង 600m', NULL, '2020-02-05 10:17:00', '2020-02-05 10:17:00', 'Y', 2, 2, 18, 0, 1, 1, 0, 0, '2019-02-15', 0, 0, 0, '', 1, NULL, NULL),
(55, 250, '2019-02-26', 'ខ្សែភ្លើងចូលបុរី', NULL, '2020-02-05 10:17:00', '2020-02-05 10:17:00', 'Y', 2, 2, 18, 0, 1, 1, 1, 250, '2019-02-26', 0, 0, 0, '', 1, NULL, NULL),
(56, 80, '2019-02-23', 'កាប់ព្រៃ', NULL, '2020-02-05 10:17:00', '2020-02-05 10:17:00', 'Y', 2, 2, 18, 16, 1, 1, 0, 0, '2019-02-23', 0, 0, 0, '2325', 1, NULL, NULL),
(57, 7.5, '2019-02-24', 'ទិញ អាសី', NULL, '2020-02-05 10:17:00', '2020-02-05 10:17:00', 'Y', 2, 2, 18, 16, 1, 1, 0, 0, '2019-02-24', 0, 0, 0, '2325', 1, NULL, NULL),
(58, 1000, '2019-02-01', 'អោយសូរិយាដីវាស់ដី', NULL, '2020-02-05 10:17:00', '2020-02-05 10:17:00', 'Y', 2, 2, 18, 0, 1, 1, 0, 0, '2019-02-01', 0, 0, 0, '', 1, NULL, NULL),
(59, 3200, '2019-02-01', 'កាត់ប្លង់ដីពូហុង 2ប្លង់', NULL, '2020-02-05 10:17:00', '2020-02-05 10:17:00', 'Y', 2, 2, 18, 0, 1, 1, 0, 0, '2019-02-01', 0, 0, 0, '', 1, NULL, NULL),
(60, 16.1, '2019-03-14', 'ខ្សែពួរ', NULL, '2020-02-05 10:17:00', '2020-02-05 10:17:00', 'Y', 2, 2, 18, 19, 1, 1, 4.6, 3.5, '2019-03-14', 0, 0, 0, 'A00003', 1, NULL, NULL),
(61, 192.25, '2019-03-15', 'ទុយោទឹក', NULL, '2020-02-05 10:17:00', '2020-02-05 10:17:00', 'Y', 2, 2, 18, 0, 1, 1, 0, 0, '2019-03-15', 0, 0, 0, '', 1, NULL, NULL),
(62, 25, '2019-03-18', 'អោយថ្លៃសាំង(អ្នកវាស់ព្រំដី មន្រ្ដីសូរិយាដី)', NULL, '2020-02-05 10:17:00', '2020-02-05 10:17:00', 'Y', 2, 2, 18, 16, 1, 1, 0, 0, '2019-03-18', 0, 0, 0, '2337', 1, NULL, NULL),
(63, 3000, '2019-03-18', 'អេស្កាកាវដី(ខ្ចីលុយមុន)', NULL, '2020-02-05 10:17:00', '2020-02-05 10:17:00', 'Y', 2, 2, 18, 18, 1, 1, 0, 0, '2019-03-18', 0, 0, 0, '287', 1, NULL, NULL),
(64, 35, '2019-03-18', 'ឈ្នួលដាក់ទុយយោ', NULL, '2020-02-05 10:17:00', '2020-02-21 15:44:12', 'N', 2, 3, 18, 0, 1, 1, 1, 25, '2019-03-18', 0, 0, 0, '', 1, NULL, NULL),
(65, 35, '2019-03-19', 'ទិញប្រេងម៉ាស៊ូត', NULL, '2020-02-05 10:17:00', '2020-02-21 15:41:51', 'N', 2, 3, 18, 0, 1, 1, 10, 1, '2019-03-19', 0, 0, 0, '', 1, NULL, NULL),
(66, 25, '2019-03-19', 'មួកសំណង់', NULL, '2020-02-05 10:17:00', '2020-02-05 10:17:00', 'Y', 2, 2, 18, 0, 1, 1, 5, 5, '2019-03-19', 0, 0, 0, '', 1, NULL, NULL),
(67, 900, '2019-03-01', 'ចុះឈ្មោះក្រសួង', NULL, '2020-02-05 10:17:00', '2020-02-05 10:17:00', 'Y', 2, 2, 18, 0, 1, 1, 0, 0, '2019-03-01', 0, 0, 0, '', 1, NULL, NULL),
(68, 3500, '2019-03-01', 'ដែនដីចុះបញ្ចី', NULL, '2020-02-05 10:17:00', '2020-02-05 10:17:00', 'Y', 2, 2, 18, 0, 1, 1, 0, 0, '2019-03-01', 0, 0, 0, '', 1, NULL, NULL),
(69, 750, '2019-03-01', 'បាតង់', NULL, '2020-02-05 10:17:00', '2020-02-05 10:17:00', 'Y', 2, 2, 18, 0, 1, 1, 0, 0, '2019-03-01', 0, 0, 0, '', 1, NULL, NULL),
(70, 250, '2019-03-01', 'ពន្ធប្រថាប់ត្រា', NULL, '2020-02-05 10:17:00', '2020-02-05 10:17:00', 'Y', 2, 2, 18, 0, 1, 1, 0, 0, '2019-03-01', 0, 0, 0, '', 1, NULL, NULL),
(71, 100, '2019-03-01', 'ចុះបញ្ចី', NULL, '2020-02-05 10:17:00', '2020-02-05 10:17:00', 'Y', 2, 2, 18, 0, 1, 1, 0, 0, '2019-03-01', 0, 0, 0, '', 1, NULL, NULL),
(72, 100, '2019-03-01', 'ពន្ធដា', NULL, '2020-02-05 10:17:00', '2020-02-05 10:17:00', 'Y', 2, 2, 18, 0, 1, 1, 0, 0, '2019-03-01', 0, 0, 0, '', 1, NULL, NULL),
(73, 5000, '2019-03-01', 'តំកល់បើកក្រុមហ៊ុន', NULL, '2020-02-05 10:17:00', '2020-02-05 10:17:00', 'Y', 2, 2, 18, 0, 1, 1, 0, 0, '2019-03-01', 0, 0, 0, '', 1, NULL, NULL),
(74, 4475, '2019-03-26', 'សរុបថ្លៃជួលគ្រឿងចក្រ', NULL, '2020-02-05 10:17:00', '2020-02-05 10:17:00', 'Y', 2, 2, 18, 18, 1, 1, 0, 0, '2019-03-26', 0, 0, 0, '290', 1, NULL, NULL),
(75, 8, '2019-03-26', 'ប្រេងម៉ាស៊ូត', NULL, '2020-02-05 10:17:00', '2020-02-05 10:17:00', 'Y', 2, 2, 18, 0, 1, 1, 0, 0, '2019-03-26', 0, 0, 0, '', 1, NULL, NULL),
(76, 32, '2019-03-26', 'ប្រេងម៉ាស៊ូត', NULL, '2020-02-05 10:17:00', '2020-02-05 10:17:00', 'Y', 2, 2, 18, 0, 1, 1, 0, 0, '2019-03-26', 0, 0, 0, '', 1, NULL, NULL),
(77, 8, '2019-03-26', 'ប្រេងម៉ាស៊ូត', NULL, '2020-02-05 10:17:00', '2020-02-05 10:17:00', 'Y', 2, 2, 18, 17, 1, 1, 0, 0, '2019-03-26', 0, 0, 0, '1296', 1, NULL, NULL),
(78, 500, '2019-03-31', 'ប្រាក់ខែ ពូរឿន (2ខែ​ Feb-March)', NULL, '2020-02-05 10:17:00', '2020-02-05 10:17:00', 'Y', 2, 2, 18, 0, 1, 1, 0, 0, '2019-03-31', 0, 0, 0, '', 1, NULL, NULL),
(79, 60, '2019-04-01', 'ធ្វើម៉ាស៊ីនប៉ូមទឹក', NULL, '2020-02-05 10:17:00', '2020-02-05 10:17:00', 'Y', 2, 2, 18, 0, 1, 1, 0, 0, '2019-04-01', 0, 0, 0, '1', 1, NULL, NULL),
(80, 16, '2019-04-01', 'ម៉ាស៊ូត', NULL, '2020-02-05 10:17:00', '2020-02-05 10:17:00', 'Y', 2, 2, 18, 0, 1, 1, 0, 0, '2019-04-01', 0, 0, 0, '', 1, NULL, NULL),
(81, 480, '2019-04-01', 'ថ្លៃគូសប្លង់ផ្ទះវីឡា30%', NULL, '2020-02-05 10:17:00', '2020-02-05 10:17:00', 'Y', 2, 2, 18, 0, 1, 1, 0, 0, '2019-04-01', 0, 0, 0, '', 1, NULL, NULL),
(82, 1868, '2019-04-01', 'បង់ពន្ធផ្ទេរសិទ្ធដីពូហុង(2ឡូ)', NULL, '2020-02-05 10:17:00', '2020-02-05 10:17:00', 'Y', 2, 2, 18, 0, 1, 1, 0, 0, '2019-04-01', 0, 0, 0, '', 1, NULL, NULL),
(83, 1800, '2019-04-27', 'ថ្លៃគូសប្លង់​ ផ្ទះល្វែង បង្គ្រប់100%', NULL, '2020-02-05 10:17:00', '2020-02-05 10:17:00', 'Y', 2, 2, 18, 0, 1, 1, 0, 0, '2019-04-27', 0, 0, 0, '', 1, NULL, NULL),
(84, 300, '2019-04-27', 'ថ្លៃវាស់ដីធ្វើផ្លូវ', NULL, '2020-02-05 10:17:00', '2020-02-05 10:17:00', 'Y', 2, 2, 18, 0, 1, 1, 0, 0, '2019-04-27', 0, 0, 0, '', 1, NULL, NULL),
(85, 250, '2019-05-01', 'ប្រាក់ខែពូរឿន ខែ04', NULL, '2020-02-05 10:17:00', '2020-02-05 10:17:00', 'Y', 2, 2, 18, 0, 1, 1, 0, 0, '2019-05-01', 0, 0, 0, '', 1, NULL, NULL),
(86, 1300, '2019-05-02', 'ជួលឡានដឹកដី06ថ្ងៃ កន្លះ', NULL, '2020-02-05 10:17:00', '2020-02-05 10:17:00', 'Y', 2, 2, 18, 16, 1, 1, 0, 0, '2019-05-02', 0, 0, 0, '51', 1, NULL, NULL),
(87, 2100, '2019-05-04', 'ខ្សាច់ទន្លេ 60ឡាន', NULL, '2020-02-05 10:17:00', '2020-02-05 10:17:00', 'Y', 2, 2, 18, 16, 1, 1, 0, 0, '2019-05-04', 0, 0, 0, '201', 1, NULL, NULL),
(88, 2100, '2019-05-03', 'ខ្សាច់ទន្លេ 60ឡាន', NULL, '2020-02-05 10:17:00', '2020-02-05 10:17:00', 'Y', 2, 2, 18, 16, 1, 1, 0, 0, '2019-05-03', 0, 0, 0, '53', 1, NULL, NULL),
(89, 670, '2019-05-04', 'រត់ការដីពូហុង 2450ម', NULL, '2020-02-05 10:17:00', '2020-02-05 10:17:00', 'Y', 2, 2, 18, 0, 1, 1, 0, 0, '2019-05-04', 0, 0, 0, '', 1, NULL, NULL),
(90, 1060, '2019-05-23', 'ទិញ តុ កៅអី ការិយាល័យ', NULL, '2020-02-05 10:17:00', '2020-02-05 10:17:00', 'Y', 2, 2, 18, 0, 1, 1, 0, 0, '2019-05-23', 0, 0, 0, '', 1, NULL, NULL),
(91, 3200, '2019-05-24', 'ប្លង់បើក (ផ្ទះល្វែង និង​វីឡា)', NULL, '2020-02-05 10:17:00', '2020-02-05 10:17:00', 'Y', 2, 2, 18, 0, 1, 1, 0, 0, '2019-05-24', 0, 0, 0, '', 1, NULL, NULL),
(92, 640, '2019-05-24', 'គូសប្លង់ ផ្ទះ វីឡា 40%', NULL, '2020-02-05 10:17:00', '2020-02-05 10:17:00', 'Y', 2, 2, 18, 0, 1, 1, 0, 0, '2019-05-24', 0, 0, 0, '', 1, NULL, NULL),
(93, 4958, '2019-05-21', 'ថ្មពុក', NULL, '2020-02-05 10:17:00', '2020-02-05 10:17:00', 'Y', 2, 2, 18, 16, 1, 1, 134, 37, '2019-05-21', 0, 0, 0, '505', 1, NULL, NULL),
(94, 1680, '2019-05-22', 'ខ្សាច់ដី', NULL, '2020-02-05 10:17:00', '2020-02-05 10:17:00', 'Y', 2, 2, 18, 16, 1, 1, 48, 35, '2019-05-22', 0, 0, 0, '505', 1, NULL, NULL),
(95, 25, '2019-05-23', 'ដី', NULL, '2020-02-05 10:17:00', '2020-02-05 10:17:00', 'Y', 2, 2, 18, 16, 1, 1, 1, 25, '2019-05-23', 0, 0, 0, '505', 1, NULL, NULL),
(96, 1039, '2019-05-23', 'ថ្ម', NULL, '2020-02-05 10:17:00', '2020-02-05 10:17:00', 'Y', 2, 2, 18, 16, 1, 1, 189, 5.5, '2019-05-23', 0, 0, 0, '814', 1, NULL, NULL),
(97, 300, '2019-06-16', 'ថ្លៃរត់ការ+ការខាតពន្ធ(តាទ្រី)', NULL, '2020-02-05 10:17:00', '2020-02-05 10:17:00', 'Y', 2, 2, 18, 0, 1, 1, 0, 0, '2019-06-16', 0, 0, 0, '', 1, NULL, NULL),
(98, 15000, '2019-06-13', 'កក់ថ្លៃធ្វើផ្លូវ', NULL, '2020-02-05 10:17:00', '2020-02-05 10:17:00', 'Y', 2, 2, 18, 0, 1, 1, 0, 0, '2019-06-13', 0, 0, 0, '', 1, NULL, NULL),
(99, 2596, '2019-05-28', 'ថ្ម', NULL, '2020-02-05 10:17:00', '2020-02-05 10:17:00', 'Y', 2, 2, 18, 21, 1, 1, 472, 5.5, '2019-05-28', 0, 0, 0, '', 1, NULL, NULL),
(100, 690, '2019-05-25', 'ទិញតុ កៅអី ហ៊ាសិទ្ធិ', NULL, '2020-02-05 10:17:00', '2020-02-05 10:17:00', 'Y', 2, 2, 18, 0, 1, 1, 0, 0, '2019-05-25', 0, 0, 0, '', 1, NULL, NULL),
(101, 126, '2019-05-25', 'ទិញតុមូល', NULL, '2020-02-05 10:17:00', '2020-02-05 10:17:00', 'Y', 2, 2, 18, 0, 1, 1, 0, 0, '2019-05-25', 0, 0, 0, '', 1, NULL, NULL),
(102, 45, '2019-05-25', 'បញ្ចូលហ្គាស', NULL, '2020-02-05 10:17:00', '2020-02-05 10:17:00', 'Y', 2, 2, 18, 0, 1, 1, 0, 0, '2019-05-25', 0, 0, 0, '', 1, NULL, NULL),
(103, 15, '2019-05-25', 'ទិញតេលេ ម៉ាស៊ីនត្រជាក់', NULL, '2020-02-05 10:17:00', '2020-02-05 10:17:00', 'Y', 2, 2, 18, 0, 1, 1, 0, 0, '2019-05-25', 0, 0, 0, '', 1, NULL, NULL),
(104, 2415, '2019-05-28', 'ខ្សាច់ដី', NULL, '2020-02-05 10:17:00', '2020-02-05 10:17:00', 'Y', 2, 2, 18, 16, 1, 1, 69, 35, '2019-05-28', 0, 0, 0, '', 1, NULL, NULL),
(105, 1848, '2019-05-28', 'ដីអំបិល', NULL, '2020-02-05 10:17:00', '2020-02-05 10:17:00', 'Y', 2, 2, 18, 15, 1, 1, 385, 4.8, '2019-05-28', 0, 0, 0, '321', 1, NULL, NULL),
(106, 253, '2019-05-28', 'ថ្ម', NULL, '2020-02-05 10:17:00', '2020-02-05 10:17:00', 'Y', 2, 2, 18, 15, 1, 1, 46, 5.5, '2019-05-28', 0, 0, 0, '', 1, NULL, NULL),
(107, 20, '2019-05-27', 'ទិញសោ', NULL, '2020-02-05 10:17:00', '2020-02-05 10:17:00', 'Y', 2, 2, 18, 14, 1, 1, 2, 10, '2019-05-27', 0, 0, 0, '', 1, NULL, NULL),
(108, 26, '2019-05-28', 'ការ៉ូជ័រ', NULL, '2020-02-05 10:17:00', '2020-02-05 10:17:00', 'Y', 2, 2, 18, 14, 1, 1, 2, 13, '2019-05-28', 0, 0, 0, '', 1, NULL, NULL),
(109, 48, '2019-05-29', 'Sti10er បិទកញ្ចក់', NULL, '2020-02-05 10:17:00', '2020-02-05 10:17:00', 'Y', 2, 2, 18, 14, 1, 1, 16, 3, '2019-05-29', 0, 0, 0, '', 1, NULL, NULL),
(110, 50, '2019-05-30', 'ឈ្នួលចាប់កៅស៊ូរូបភាព', NULL, '2020-02-05 10:17:00', '2020-02-05 10:17:00', 'Y', 2, 2, 18, 14, 1, 1, 2, 25, '2019-05-30', 0, 0, 0, '', 1, NULL, NULL),
(111, 250, '2019-06-13', 'ប្រាក់ខែពូរឿន ខែ05', NULL, '2020-02-05 10:17:00', '2020-02-05 10:17:00', 'Y', 2, 2, 18, 0, 1, 1, 1, 250, '2019-06-13', 0, 0, 0, '', 1, NULL, NULL),
(112, 885.5, '2019-05-31', 'ថ្មដី', NULL, '2020-02-05 10:17:00', '2020-02-05 10:17:00', 'Y', 2, 2, 18, 15, 1, 1, 161, 5.5, '2019-05-31', 0, 0, 0, '', 1, NULL, NULL),
(113, 2491.2, '2019-06-01', 'ដីអំបិល', NULL, '2020-02-05 10:17:00', '2020-02-05 10:17:00', 'Y', 2, 2, 18, 15, 1, 1, 519, 4.8, '2019-06-01', 0, 0, 0, '', 1, NULL, NULL),
(114, 759, '2019-06-02', 'ថ្មដី', NULL, '2020-02-05 10:17:00', '2020-02-05 10:17:00', 'Y', 2, 2, 18, 15, 1, 1, 138, 5.5, '2019-06-02', 0, 0, 0, '', 1, NULL, NULL),
(115, 3048, '2019-06-03', 'ដីអំបិល', NULL, '2020-02-05 10:17:00', '2020-02-05 10:17:00', 'Y', 2, 2, 18, 15, 1, 1, 635, 4.8, '2019-06-03', 0, 0, 0, '', 1, NULL, NULL),
(116, 13622.4, '2019-05-31', 'ដីអំបិល', NULL, '2020-02-05 10:17:00', '2020-02-05 10:17:00', 'Y', 2, 2, 18, 15, 1, 1, 2838, 4.8, '2019-05-31', 0, 0, 0, '', 1, NULL, NULL),
(117, 5904, '2019-06-08', 'អោយលុយថ្លៃដី ចំនួន៥៤ឡាន(04,05,06 -06-2019)', NULL, '2020-02-05 10:17:00', '2020-02-05 10:17:00', 'Y', 2, 2, 18, 10, 1, 1, 1230, 4.8, '2019-06-08', 0, 0, 0, '330', 1, NULL, NULL),
(118, 2300, '2019-06-06', 'ឈុតក្រុងពាលី', NULL, '2020-02-05 10:17:00', '2020-02-05 10:17:00', 'Y', 2, 2, 18, 20, 1, 1, 1, 2300, '2019-06-06', 0, 0, 0, '4733', 1, NULL, NULL),
(119, 500, '2019-06-07', 'ប្រគេនលោកសង្ឃ+លោកតាអាចារ្យ', NULL, '2020-02-05 10:17:00', '2020-02-05 10:17:00', 'Y', 2, 2, 18, 20, 1, 1, 1, 500, '2019-06-07', 0, 0, 0, '4733', 1, NULL, NULL),
(120, 190, '2019-06-08', 'បង្អែម+ទឹកសម្រង់', NULL, '2020-02-05 10:17:00', '2020-02-05 10:17:00', 'Y', 2, 2, 18, 20, 1, 1, 1, 190, '2019-06-08', 0, 0, 0, '4733', 1, NULL, NULL),
(121, 480, '2019-06-10', 'គូរប្លង់វីឡា​30%', NULL, '2020-02-05 10:17:00', '2020-02-05 10:17:00', 'Y', 2, 2, 18, 0, 1, 1, 1, 480, '2019-06-10', 0, 0, 0, '', 1, NULL, NULL),
(122, 500, '2019-06-11', 'ថែមអោយអ្នកគូរប្លង់', NULL, '2020-02-05 10:17:00', '2020-02-05 10:17:00', 'Y', 2, 2, 18, 0, 1, 1, 1, 500, '2019-06-11', 0, 0, 0, '', 1, NULL, NULL),
(123, 500, '2019-06-30', 'អោយទៅលោកគ្រូ​ កុសល', NULL, '2020-02-05 10:17:00', '2020-02-05 10:17:00', 'Y', 2, 2, 18, 0, 1, 1, 0, 0, '2019-06-30', 0, 0, 0, '', 1, NULL, NULL),
(124, 350, '2019-06-30', 'ថតរូប', NULL, '2020-02-05 10:17:00', '2020-02-05 10:17:00', 'Y', 2, 2, 18, 0, 1, 1, 0, 0, '2019-06-30', 0, 0, 0, '', 1, NULL, NULL),
(125, 15000, '2019-06-30', 'ធ្វើផ្លូវ', NULL, '2020-02-05 10:17:00', '2020-02-05 10:17:00', 'Y', 2, 2, 18, 0, 1, 1, 0, 0, '2019-06-30', 0, 0, 0, '', 1, NULL, NULL),
(126, 5425, '2019-06-30', 'អោយឆេងគង់ ឡានដឹកដី', NULL, '2020-02-05 10:17:00', '2020-02-05 10:17:00', 'Y', 2, 2, 18, 0, 1, 1, 0, 0, '2019-06-30', 0, 0, 0, '', 1, NULL, NULL),
(127, 348, '2019-06-30', 'អាហារពេលល្ងាច បុគ្គលិក', NULL, '2020-02-05 10:17:00', '2020-02-05 10:17:00', 'Y', 2, 2, 18, 0, 1, 1, 0, 0, '2019-06-30', 0, 0, 0, '', 1, NULL, NULL),
(128, 1700, '2019-06-30', 'ប្ដូរបង្គោលភ្លើង 2ដើម', NULL, '2020-02-05 10:17:00', '2020-02-05 10:17:00', 'Y', 2, 2, 18, 0, 1, 1, 0, 0, '2019-06-30', 0, 0, 0, '', 1, NULL, NULL),
(129, 250, '2019-06-30', 'ប្រាក់ខែពូរឿន', NULL, '2020-02-05 10:17:00', '2020-02-05 10:17:00', 'Y', 2, 2, 18, 0, 1, 1, 1, 250, '2019-06-30', 0, 0, 0, '', 1, NULL, NULL),
(130, 400, '2019-07-01', 'ចំណាយផ្សេងៗរបស់ហ៊ាសិទ្ធ', NULL, '2020-02-05 10:17:00', '2020-02-05 10:17:00', 'Y', 2, 2, 18, 0, 1, 1, 1, 400, '2019-07-01', 0, 0, 0, '', 1, NULL, NULL),
(131, 80, '2019-07-01', 'កាប់ដើមឈើ', NULL, '2020-02-05 10:17:00', '2020-02-05 10:17:00', 'Y', 2, 2, 18, 0, 1, 1, 1, 80, '2019-07-01', 0, 0, 0, '', 1, NULL, NULL),
(132, 450, '2019-07-02', 'Buy Machine Hp Laserjet 500 color MFP M575', NULL, '2020-02-05 10:17:00', '2020-02-05 10:17:00', 'Y', 2, 2, 18, 4, 1, 1, 1, 450, '2019-07-02', 0, 0, 0, '3645', 1, NULL, NULL),
(133, 8000, '2019-07-02', 'បង្រូមនិង ប្តូរប្រភេទដី', NULL, '2020-02-05 10:17:00', '2020-02-05 10:17:00', 'Y', 2, 2, 18, 0, 1, 1, 1, 8000, '2019-07-02', 0, 0, 0, '', 1, NULL, NULL),
(134, 616, '2019-07-02', 'ថ្លៃគូរប្លង់វីឡាទោល30%', NULL, '2020-02-05 10:17:00', '2020-02-05 10:17:00', 'Y', 2, 2, 18, 0, 1, 1, 1, 616, '2019-07-02', 0, 0, 0, '', 1, NULL, NULL),
(135, 4200, '2019-07-02', 'ទិញOffice កុងទីនឺ', NULL, '2020-02-05 10:17:00', '2020-02-05 10:17:00', 'Y', 2, 2, 18, 0, 1, 1, 1, 4200, '2019-07-02', 0, 0, 0, '', 1, NULL, NULL),
(136, 840, '2019-07-02', 'ប្រថាប់ត្រាលើឯកសារ កិច្ចសន្យាទិញ-លក់ផ្ទះ', NULL, '2020-02-05 10:17:00', '2020-02-05 10:17:00', 'Y', 2, 2, 18, 13, 1, 1, 1, 840, '2019-07-02', 0, 0, 0, '', 1, NULL, NULL),
(137, 211, '2019-07-03', 'Boost Facebook page Galaxy 11', NULL, '2020-02-05 10:17:00', '2020-02-05 10:17:00', 'Y', 2, 2, 18, 0, 1, 1, 1, 211, '2019-07-03', 0, 0, 0, '', 1, NULL, NULL),
(138, 250, '2019-07-04', 'Boost Facebook page Galaxy 11', NULL, '2020-02-05 10:17:00', '2020-02-05 10:17:00', 'Y', 2, 2, 18, 0, 1, 1, 1, 250, '2019-07-04', 0, 0, 0, '', 1, NULL, NULL),
(139, 250, '2019-07-05', 'Boost Facebook page Galaxy 11', NULL, '2020-02-05 10:17:00', '2020-02-05 10:17:00', 'Y', 2, 2, 18, 0, 1, 1, 1, 250, '2019-07-05', 0, 0, 0, '', 1, NULL, NULL),
(140, 20840, '2019-07-06', 'ប្រាក់ខែហ៊ាសិទ្ធចំនួន៥ខែ(2-3-4-5-6)', NULL, '2020-02-05 10:17:00', '2020-02-05 10:17:00', 'Y', 2, 2, 18, 0, 1, 1, 5, 4168, '2019-07-06', 0, 0, 0, '', 1, NULL, NULL),
(141, 50, '2019-08-01', 'បាញ់ប្លង់ដីកូនចៅ', NULL, '2020-02-05 10:17:00', '2020-02-05 10:17:00', 'Y', 2, 2, 18, 0, 1, 1, 1, 50, '2019-08-01', 0, 0, 0, '', 1, NULL, NULL),
(142, 300, '2019-08-02', 'បាញ់ប្លង់ដីកូនមេ', NULL, '2020-02-05 10:17:00', '2020-02-05 10:17:00', 'Y', 2, 2, 18, 0, 1, 1, 1, 300, '2019-08-02', 0, 0, 0, '', 1, NULL, NULL),
(143, 195, '2019-08-03', 'ថ្មមិច 15ម៉ែត្រការ៉េ×13$', NULL, '2020-02-05 10:17:00', '2020-02-05 10:17:00', 'Y', 2, 2, 18, 0, 1, 1, 1, 195, '2019-08-03', 0, 0, 0, '', 1, NULL, NULL),
(144, 2713, '2019-08-04', 'ថ្ម+ដីឆេងតង់', NULL, '2020-02-05 10:17:00', '2020-02-05 10:17:00', 'Y', 2, 2, 18, 0, 1, 1, 1, 2713, '2019-08-04', 0, 0, 0, '', 1, NULL, NULL),
(145, 200, '2019-08-05', 'Boost Page', NULL, '2020-02-05 10:17:00', '2020-02-05 10:17:00', 'Y', 2, 2, 18, 0, 1, 1, 1, 200, '2019-08-05', 0, 0, 0, '', 1, NULL, NULL),
(146, 210, '2019-08-06', 'សេវាមេធាវី 6 ផ្ទះ', NULL, '2020-02-05 10:17:00', '2020-02-05 10:17:00', 'Y', 2, 2, 18, 0, 1, 1, 1, 210, '2019-08-06', 0, 0, 0, '', 1, NULL, NULL),
(147, 25, '2019-08-07', 'កាប់ព្រៃខាងមុខ', NULL, '2020-02-05 10:17:00', '2020-02-05 10:17:00', 'Y', 2, 2, 18, 0, 1, 1, 1, 25, '2019-08-07', 0, 0, 0, '', 1, NULL, NULL),
(148, 219, '2019-08-08', 'Boost Page', NULL, '2020-02-05 10:17:00', '2020-02-05 10:17:00', 'Y', 2, 2, 18, 0, 1, 1, 1, 219, '2019-08-08', 0, 0, 0, '', 1, NULL, NULL),
(149, 300, '2019-08-09', 'សេវាទំនាក់ទំនងខណ្ឌ័', NULL, '2020-02-05 10:17:00', '2020-02-05 10:17:00', 'Y', 2, 2, 18, 0, 1, 1, 1, 300, '2019-08-09', 0, 0, 0, '', 1, NULL, NULL),
(150, 200, '2019-08-09', 'ថ្លៃអេស្កាខាងផ្លូវជួល', NULL, '2020-02-05 10:17:00', '2020-02-05 10:17:00', 'Y', 2, 2, 18, 0, 1, 1, 1, 200, '2019-08-09', 0, 0, 0, '', 1, NULL, NULL),
(151, 350, '2019-09-01', 'អោយថ្លៃ ទំនាក់ទំនងសង់លូ', NULL, '2020-02-05 10:17:00', '2020-02-05 10:17:00', 'Y', 2, 2, 18, 0, 1, 1, 1, 350, '2019-09-01', 0, 0, 0, '', 1, NULL, NULL),
(152, 2030, '2019-09-01', 'ប្រាក់ខែ បុគ្គលិកខែ 08', NULL, '2020-02-05 10:17:00', '2020-02-05 10:17:00', 'Y', 2, 2, 18, 0, 1, 1, 1, 2030, '2019-09-01', 0, 0, 0, '', 1, NULL, NULL),
(153, 2000, '2019-09-03', 'ដកបង្គោលភ្លើង', NULL, '2020-02-05 10:17:00', '2020-02-05 10:17:00', 'Y', 2, 2, 18, 0, 1, 1, 1, 2000, '2019-09-03', 0, 0, 0, '', 1, NULL, NULL),
(154, 1000, '2019-09-04', 'គូរប្លង់ Villa Prince', NULL, '2020-02-05 10:17:00', '2020-02-05 10:17:00', 'Y', 2, 2, 18, 0, 1, 1, 1, 1000, '2019-09-04', 0, 0, 0, '', 1, NULL, NULL),
(155, 1000, '2019-09-05', 'កែប្លង់រួម', NULL, '2020-02-05 10:17:00', '2020-02-05 10:17:00', 'Y', 2, 2, 18, 0, 1, 1, 1, 1000, '2019-09-05', 0, 0, 0, '', 1, NULL, NULL),
(156, 660, '2019-09-06', 'ញាំអាហារពេលល្ងាចបុគ្គលិក', NULL, '2020-02-05 10:17:00', '2020-02-05 10:17:00', 'Y', 2, 2, 18, 0, 1, 1, 1, 660, '2019-09-06', 0, 0, 0, '', 1, NULL, NULL),
(157, 860, '2019-09-06', 'គូសប្លង់អាងហែលទឹក ក្លិបហាត់ប្រាណ40%', NULL, '2020-02-05 10:17:00', '2020-02-05 10:17:00', 'Y', 2, 2, 18, 0, 1, 1, 1, 860, '2019-09-06', 0, 0, 0, '', 1, NULL, NULL),
(158, 3976, '2019-09-06', 'ថ្លៃថ្មមិច ចាក់ធ្វើផ្លូវ', NULL, '2020-02-05 10:17:00', '2020-02-05 10:17:00', 'Y', 2, 2, 18, 0, 1, 1, 1, 3976, '2019-09-06', 0, 0, 0, '', 1, NULL, NULL),
(159, 2000, '2019-09-06', 'គ្រឿងចាក់ធ្វើផ្លូវ 50%', NULL, '2020-02-05 10:17:00', '2020-02-05 10:17:00', 'Y', 2, 2, 18, 0, 1, 1, 1, 2000, '2019-09-06', 0, 0, 0, '', 1, NULL, NULL),
(160, 1000, '2019-09-25', 'គ្រឿងចាក់ធ្វើផ្លូវ 25%', NULL, '2020-02-05 10:17:00', '2020-02-05 10:17:00', 'Y', 2, 2, 18, 0, 1, 1, 1, 1000, '2019-09-25', 0, 0, 0, '', 1, NULL, NULL),
(161, 927, '2019-09-25', 'មិចធ្វើផ្លូវ', NULL, '2020-02-05 10:17:00', '2020-02-05 10:17:00', 'Y', 2, 2, 18, 0, 1, 1, 1, 927, '2019-09-25', 0, 0, 0, '', 1, NULL, NULL),
(162, 100, '2019-10-01', 'កក់ថ្លៃដើមឈើ', NULL, '2020-02-05 10:17:00', '2020-02-05 10:17:00', 'Y', 2, 2, 18, 0, 1, 1, 1, 100, '2019-10-01', 0, 0, 0, '', 1, NULL, NULL),
(163, 115, '2019-10-02', 'Boot Page Facebook', NULL, '2020-02-05 10:17:00', '2020-02-05 10:17:00', 'Y', 2, 2, 18, 0, 1, 1, 1, 115, '2019-10-02', 0, 0, 0, '', 1, NULL, NULL),
(164, 35, '2019-10-02', 'ទិញស្ព្រាយបាញ់', NULL, '2020-02-05 10:17:00', '2020-02-05 10:17:00', 'Y', 2, 2, 18, 0, 1, 1, 1, 35, '2019-10-02', 0, 0, 0, '', 1, NULL, NULL),
(165, 860, '2019-10-02', 'គូសប្លង់អាគារស្ទីមហាត់ប្រាណ (2nd)', NULL, '2020-02-05 10:17:00', '2020-02-05 10:17:00', 'Y', 2, 2, 18, 0, 1, 1, 1, 860, '2019-10-02', 0, 0, 0, '', 1, NULL, NULL),
(166, 1400, '2019-10-05', 'វីឌីអូ រូបភាព ', NULL, '2020-02-05 10:17:00', '2020-02-05 10:17:00', 'Y', 2, 2, 18, 0, 1, 1, 1, 1400, '2019-10-05', 0, 0, 0, '', 1, NULL, NULL),
(167, 665, '2019-10-16', 'សេវា​មេធាវី 11ច្បាប់', NULL, '2020-02-05 10:17:00', '2020-02-05 10:17:00', 'Y', 2, 2, 18, 0, 1, 1, 19, 35, '2019-10-16', 0, 0, 0, '', 1, NULL, NULL),
(168, 250, '2019-10-18', 'Boot Page Facebook', NULL, '2020-02-05 10:17:00', '2020-02-05 10:17:00', 'Y', 2, 2, 18, 0, 1, 1, 1, 250, '2019-10-18', 0, 0, 0, '', 1, NULL, NULL),
(169, 390, '2019-10-22', 'ទិញComputer 01sets (Puthea Sokdom)', NULL, '2020-02-05 10:17:00', '2020-02-05 10:17:00', 'Y', 2, 2, 18, 11, 1, 1, 1, 390, '2019-10-22', 0, 0, 0, '2272', 1, NULL, NULL),
(170, 1400, '2019-11-02', 'ទិញ Icom', NULL, '2020-02-05 10:17:00', '2020-02-05 10:17:00', 'Y', 2, 2, 18, 0, 1, 1, 14, 100, '2019-11-02', 0, 0, 0, '', 1, NULL, NULL),
(171, 510, '2019-11-03', 'បើកកុង GALAXY 11  COLTD', NULL, '2020-02-05 10:17:00', '2020-02-05 10:17:00', 'Y', 2, 2, 18, 0, 1, 1, 1, 510, '2019-11-03', 0, 0, 0, '', 1, NULL, NULL),
(172, 2700, '2019-11-04', 'បង្គោលភ្លើង', NULL, '2020-02-05 10:17:00', '2020-02-05 10:17:00', 'Y', 2, 2, 18, 0, 1, 1, 1, 2700, '2019-11-04', 0, 0, 0, '', 1, NULL, NULL),
(173, 214, '2019-11-05', 'Facebook boost page', NULL, '2020-02-05 10:17:00', '2020-02-05 10:17:00', 'Y', 2, 2, 18, 0, 1, 1, 1, 214, '2019-11-05', 0, 0, 0, '', 1, NULL, NULL),
(174, 1200, '2019-11-06', 'សេវាផ្ទេរសិទ្ធលឿនដីថ្មី', NULL, '2020-02-05 10:17:00', '2020-02-05 10:17:00', 'Y', 2, 2, 18, 0, 1, 1, 1, 1200, '2019-11-06', 0, 0, 0, '', 1, NULL, NULL),
(175, 4030, '2019-11-07', 'ប្រាក់ខែបុរី ខែតុលា', NULL, '2020-02-05 10:17:00', '2020-02-05 10:17:00', 'Y', 2, 2, 18, 0, 1, 1, 1, 4030, '2019-11-07', 0, 0, 0, '', 1, NULL, NULL),
(176, 4800, '2019-11-08', 'ស្នើរសុំសាងសង់ខណ្ឌ័', NULL, '2020-02-05 10:17:00', '2020-02-05 10:17:00', 'Y', 2, 2, 18, 0, 1, 1, 1, 4800, '2019-11-08', 0, 0, 0, '', 1, NULL, NULL),
(177, 200, '2019-11-09', 'ស្នើរសុំសាងសង់សង្កាត់', NULL, '2020-02-05 10:17:00', '2020-02-05 10:17:00', 'Y', 2, 2, 18, 0, 1, 1, 1, 200, '2019-11-09', 0, 0, 0, '', 1, NULL, NULL),
(178, 9000, '2019-11-10', 'អោយបងរ៉ុង ថ្លៃបន្ថែមប្លង់', NULL, '2020-02-05 10:17:00', '2020-02-05 10:17:00', 'Y', 2, 2, 18, 0, 1, 1, 1, 9000, '2019-11-10', 0, 0, 0, '', 1, NULL, NULL),
(179, 3000, '2019-11-11', 'អំពូលសូឡា', NULL, '2020-02-05 10:17:00', '2020-02-05 10:17:00', 'Y', 2, 2, 18, 0, 1, 1, 1, 3000, '2019-11-11', 0, 0, 0, '', 1, NULL, NULL),
(180, 3000, '2019-11-12', 'អោយមន្ទីរធនធានទឹក', NULL, '2020-02-05 10:17:00', '2020-02-05 10:17:00', 'Y', 2, 2, 18, 0, 1, 1, 1, 3000, '2019-11-12', 0, 0, 0, '', 1, NULL, NULL),
(181, 3195, '2019-11-27', 'ទិញទូរស័ព្ទអោយអតិថិជន', NULL, '2020-02-05 10:17:00', '2020-02-05 10:17:00', 'Y', 2, 2, 18, 0, 1, 1, 3, 1065, '2019-11-27', 0, 0, 0, '', 1, NULL, NULL),
(182, 800, '2019-11-30', 'បង់ពន្ធឡាន', NULL, '2020-02-05 10:17:00', '2020-02-05 10:17:00', 'Y', 2, 2, 18, 0, 1, 1, 1, 800, '2019-11-30', 0, 0, 0, '', 1, NULL, NULL),
(183, 250, '2019-11-30', 'Boost Face Book', NULL, '2020-02-05 10:17:00', '2020-02-05 10:17:00', 'Y', 2, 2, 18, 0, 1, 1, 1, 250, '2019-11-30', 0, 0, 0, '', 1, NULL, NULL),
(184, 4030, '2019-11-30', 'ប្រាក់ខែបុគ្គលិកបុរី ខែ វិច្ឆិកា', NULL, '2020-02-05 10:17:00', '2020-02-05 10:17:00', 'Y', 2, 2, 18, 0, 1, 1, 1, 4030, '2019-11-30', 0, 0, 0, '', 1, NULL, NULL),
(185, 23, '2019-11-30', 'Boost Face Book', NULL, '2020-02-05 10:17:00', '2020-02-05 10:17:00', 'Y', 2, 2, 18, 0, 1, 1, 1, 23, '2019-11-30', 0, 0, 0, '', 1, NULL, NULL),
(186, 400, '2019-11-30', 'ប្លង់ វីឡា 20%', NULL, '2020-02-05 10:17:00', '2020-02-05 10:17:00', 'Y', 2, 2, 18, 0, 1, 1, 1, 400, '2019-11-30', 0, 0, 0, '', 1, NULL, NULL),
(187, 550, '2019-11-30', 'ប្លង់ វីឡា Prince 20%', NULL, '2020-02-05 10:17:00', '2020-02-05 10:17:00', 'Y', 2, 2, 18, 0, 1, 1, 1, 550, '2019-11-30', 0, 0, 0, '', 1, NULL, NULL),
(188, 500, '2019-11-30', 'ថែមឲ្យអ្នកគូរប្លង់', NULL, '2020-02-05 10:17:00', '2020-02-05 10:17:00', 'Y', 2, 2, 18, 0, 1, 1, 1, 500, '2019-11-30', 0, 0, 0, '', 1, NULL, NULL),
(189, 250, '2019-12-13', 'Facebook Boost', NULL, '2020-02-05 10:17:00', '2020-02-05 10:17:00', 'Y', 2, 2, 18, 0, 1, 1, 1, 250, '2019-12-13', 0, 0, 0, '', 1, NULL, NULL),
(190, 250, '2019-12-23', 'Facebook Boost', NULL, '2020-02-05 10:17:00', '2020-02-05 10:17:00', 'Y', 2, 2, 18, 0, 1, 1, 1, 250, '2019-12-23', 0, 0, 0, '', 1, NULL, NULL),
(191, 1065, '2019-12-25', 'ទិញទូរសព្ទ័អោយអតិថិជន', NULL, '2020-02-05 10:17:00', '2020-02-05 10:17:00', 'Y', 2, 2, 18, 0, 1, 1, 1, 1065, '2019-12-25', 0, 0, 0, '', 1, NULL, NULL),
(192, 108, '2020-01-03', 'Facebook Boost', NULL, '2020-02-05 10:17:00', '2020-02-05 10:17:00', 'Y', 2, 2, 18, 0, 1, 1, 1, 108, '2020-01-03', 0, 0, 0, '', 1, NULL, NULL),
(193, 3680, '2020-01-03', 'ប្រាក់បុគ្គលិកខែ12', NULL, '2020-02-05 10:17:00', '2020-02-05 10:17:00', 'Y', 2, 2, 18, 0, 1, 1, 1, 3680, '2020-01-03', 0, 0, 0, '', 1, NULL, NULL),
(194, 16, '2019-04-05', 'ទិញម៉ាស៊ូត', NULL, '2020-02-05 10:17:00', '2020-02-05 10:17:00', 'Y', 2, 2, 5, 38, 1, 1, 20, 0.8, '2019-04-05', 0, 0, 0, '1329', 1, NULL, NULL),
(195, 8, '2019-04-08', 'ទិញម៉ាស៊ូត', NULL, '2020-02-05 10:17:00', '2020-02-05 10:17:00', 'Y', 2, 2, 5, 38, 1, 1, 10, 0.8, '2019-04-04', 0, 0, 0, '304', 1, NULL, NULL),
(196, 16, '2019-04-08', 'ទិញម៉ាស៊ូត', NULL, '2020-02-05 10:17:00', '2020-02-05 10:17:00', 'Y', 2, 2, 5, 38, 1, 1, 20, 0.8, '2019-04-08', 0, 0, 0, '1726', 1, NULL, NULL),
(197, 91.63, '2019-04-11', 'ទិញដែក វីស កន្ត្រៃ កាំបិត ឡាម', NULL, '2020-02-05 10:17:00', '2020-02-05 10:17:00', 'Y', 2, 2, 5, 53, 1, 1, 0, 0, '2019-04-11', 0, 0, 0, '95', 1, NULL, NULL),
(198, 20, '2019-04-25', 'ឈ្នូលជាង ដាក់វាំងនួន', NULL, '2020-02-05 10:17:00', '2020-02-05 10:17:00', 'Y', 2, 2, 5, 49, 1, 1, 0, 0, '2019-04-25', 0, 0, 0, '395', 1, NULL, NULL),
(199, 10, '2019-05-06', 'លើកម៉ាស៊ីនបូមទឹក', NULL, '2020-02-05 10:17:00', '2020-02-05 10:17:00', 'Y', 2, 2, 5, 0, 1, 1, 1, 10, '2019-06-05', 0, 0, 0, '96', 1, NULL, NULL),
(200, 5, '2019-05-07', 'ឈ្នួលដឹក', NULL, '2020-02-05 10:17:00', '2020-02-05 10:17:00', 'Y', 2, 2, 5, 0, 1, 1, 0, 0, '2019-06-06', 0, 0, 0, '96', 1, NULL, NULL),
(201, 0, '2019-05-08', 'បូមទឹកចេញពីផ្លូវ', NULL, '2020-02-05 10:17:00', '2020-02-05 10:17:00', 'Y', 2, 2, 5, 0, 1, 1, 0, 0, '2019-06-07', 1, 30000, 30000, '96', 1, NULL, NULL),
(202, 0, '2019-05-06', 'Copy ប្លង់ផ្ទះបុរី', NULL, '2020-02-05 10:17:00', '2020-02-05 10:17:00', 'Y', 2, 2, 5, 29, 1, 1, 0, 0, '2019-04-29', 0, 0, 99400, '97', 1, NULL, NULL),
(203, 10, '2019-05-07', 'ឲ្យមេការធ្វើផ្លូវ', NULL, '2020-02-05 10:17:00', '2020-02-05 10:17:00', 'Y', 2, 2, 5, 0, 1, 1, 1, 10, '2019-05-07', 0, 0, 0, '98', 1, NULL, NULL),
(204, 0, '2019-05-12', 'ទិញម៉ាស៊ូត', NULL, '2020-02-05 10:17:00', '2020-02-05 10:17:00', 'Y', 2, 2, 5, 38, 1, 1, 0, 0, '2019-05-12', 0, 0, 18500, '99', 1, NULL, NULL),
(205, 0, '2019-05-15', 'ទិញសាំងដាក់ម៉ាស៊ីនបូមទឹក', NULL, '2020-02-05 10:17:00', '2020-02-05 10:17:00', 'Y', 2, 2, 5, 0, 1, 1, 0, 0, '2019-05-15', 0, 0, 7400, '100', 1, NULL, NULL),
(206, 0, '2019-05-15', 'ទិញម៉ាស៊ូត', NULL, '2020-02-05 10:17:00', '2020-02-05 10:17:00', 'Y', 2, 2, 5, 0, 1, 1, 0, 0, '2019-05-15', 0, 0, 18500, '101', 1, NULL, NULL),
(207, 100, '2019-05-16', 'ឲ្យពូប្រធានភូមិ', NULL, '2020-02-05 10:17:00', '2020-02-05 10:17:00', 'Y', 2, 2, 5, 0, 1, 1, 1, 100, '2019-05-16', 0, 0, 0, '', 1, NULL, NULL),
(208, 0, '2019-05-17', 'ទិញធូបផ្សារ វីស', NULL, '2020-02-05 10:17:00', '2020-02-05 10:17:00', 'Y', 2, 2, 5, 53, 1, 1, 0, 0, '2019-05-17', 0, 0, 22000, '102', 1, NULL, NULL),
(209, 0, '2019-05-17', 'ទិញស៊ីម៉ង់', NULL, '2020-02-05 10:17:00', '2020-02-05 10:17:00', 'Y', 2, 2, 5, 51, 1, 1, 0, 0, '2019-05-17', 1, 21000, 21000, '2847', 1, NULL, NULL),
(210, 0, '2019-05-20', 'ទិញស៊ីម៉ង់', NULL, '2020-02-05 10:17:00', '2020-02-05 10:17:00', 'Y', 2, 2, 5, 51, 1, 1, 0, 0, '2019-05-20', 1, 21000, 21000, '8724', 1, NULL, NULL),
(211, 0, '2019-05-23', 'ទិញម៉ាស៊ូត', NULL, '2020-02-05 10:17:00', '2020-02-05 10:17:00', 'Y', 2, 2, 5, 38, 1, 1, 0, 0, '2019-05-23', 0, 0, 18500, '103', 1, NULL, NULL),
(212, 20, '2019-05-29', 'ជួលម៉ាស៊ីនបូមទឹក', NULL, '2020-02-05 10:17:00', '2020-02-05 10:17:00', 'Y', 2, 2, 5, 0, 1, 1, 1, 20, '2019-05-29', 0, 0, 0, '', 1, NULL, NULL),
(213, 350, '2019-05-31', 'ឈ្នួលធ្វើផ្លាកបុរី Galaxy', NULL, '2020-02-05 10:17:00', '2020-02-05 10:17:00', 'Y', 2, 2, 5, 39, 1, 1, 1, 350, '2019-05-31', 0, 0, 0, '96', 1, NULL, NULL),
(214, 300, '2019-05-31', 'ទិញទូទឹកកក', NULL, '2020-02-05 10:17:00', '2020-02-05 10:17:00', 'Y', 2, 2, 5, 44, 1, 1, 1, 300, '2019-05-31', 0, 0, 0, '95', 1, NULL, NULL),
(215, 200, '2019-06-03', 'ឲ្យតាអាចារ្យ និង លោក', NULL, '2020-02-05 10:17:00', '2020-02-05 10:17:00', 'Y', 2, 2, 5, 0, 1, 1, 1, 200, '2019-06-03', 0, 0, 0, '', 1, NULL, NULL),
(216, 150, '2019-06-03', 'ឈ្នួលឈូសដី បុរី', NULL, '2020-02-05 10:17:00', '2020-02-05 10:17:00', 'Y', 2, 2, 5, 0, 1, 1, 1, 150, '2019-06-03', 0, 0, 0, '', 1, NULL, NULL),
(217, 0, '2019-06-03', 'ជួលឡានដឹកទឹកស្រោចបុរី', NULL, '2020-02-05 10:17:00', '2020-02-05 10:17:00', 'Y', 2, 2, 5, 0, 1, 1, 0, 0, '2019-06-03', 1, 60000, 60000, '', 1, NULL, NULL),
(218, 60, '2019-06-05', 'ប្ដូទីតាំង ម៉ាស៊ីនត្រជាក់', NULL, '2020-02-05 10:17:00', '2020-02-05 10:17:00', 'Y', 2, 2, 5, 0, 1, 1, 2, 30, '2019-06-05', 0, 0, 0, '', 1, NULL, NULL),
(219, 10, '2019-06-05', 'ថ្លៃ សេវ៉ា ជុសជុល Internet', NULL, '2020-02-05 10:17:00', '2020-02-05 10:17:00', 'Y', 2, 2, 5, 34, 1, 1, 1, 10, '2019-06-05', 0, 0, 0, '104', 1, NULL, NULL),
(220, 15, '2019-05-06', 'ថ្លៃ ស្លាយខ្សែរអុបទិច', NULL, '2020-02-05 10:17:00', '2020-02-05 10:17:00', 'Y', 2, 2, 5, 0, 1, 1, 1, 15, '2019-06-05', 0, 0, 0, '', 1, NULL, NULL),
(221, 865, '2019-06-06', 'បង់កក់ថ្លៃទិញឆត្រ័50%មុន', NULL, '2020-02-05 10:17:00', '2020-02-05 10:17:00', 'Y', 2, 2, 5, 46, 1, 1, 0, 0, '2019-06-06', 0, 0, 0, '1269', 1, NULL, NULL),
(222, 450, '2019-06-06', 'ថ្លៃបបរ', NULL, '2020-02-05 10:17:00', '2020-02-05 10:17:00', 'Y', 2, 2, 5, 0, 1, 1, 0, 0, '2019-06-06', 0, 0, 0, '', 1, NULL, NULL),
(223, 5, '2019-06-07', 'ថ្លៃទឹកកក', NULL, '2020-02-05 10:17:00', '2020-02-05 10:17:00', 'Y', 2, 2, 5, 0, 1, 1, 0, 0, '2019-06-07', 0, 0, 0, '', 1, NULL, NULL),
(224, 32, '2019-06-06', 'Vital', NULL, '2020-02-05 10:17:00', '2020-02-05 10:17:00', 'Y', 2, 2, 5, 33, 1, 1, 10, 3.2, '2019-06-06', 0, 0, 0, '', 1, NULL, NULL),
(225, 0, '2019-06-07', 'ប៉ូការីសស្វេត', NULL, '2020-02-05 10:17:00', '2020-02-05 10:17:00', 'Y', 2, 2, 5, 33, 1, 1, 0, 0, '2019-06-07', 1, 50000, 50000, '', 1, NULL, NULL),
(226, 0, '2019-06-08', 'បាកាស', NULL, '2020-02-05 10:17:00', '2020-02-05 10:17:00', 'Y', 2, 2, 5, 33, 1, 1, 0, 0, '2019-06-08', 1, 50000, 50000, '', 1, NULL, NULL),
(227, 0, '2019-06-09', 'កូកា', NULL, '2020-02-05 10:17:00', '2020-02-05 10:17:00', 'Y', 2, 2, 5, 33, 1, 1, 0, 0, '2019-06-09', 1, 34000, 34000, '', 1, NULL, NULL),
(228, 90, '2019-06-09', 'ទិញឯកសណ្ឋាន (Lim heng)', NULL, '2020-02-05 10:17:00', '2020-02-05 10:17:00', 'Y', 2, 2, 5, 40, 1, 1, 0, 0, '2019-06-09', 0, 0, 0, '367', 1, NULL, NULL),
(229, 0, '2019-06-11', 'ឈ្នួលដឹកទូដាក់ Office Borey', NULL, '2020-02-05 10:17:00', '2020-02-05 10:17:00', 'Y', 2, 2, 5, 0, 1, 1, 0, 0, '2019-06-11', 0, 0, 70000, '', 1, NULL, NULL),
(230, 300, '2019-06-11', 'អាអ៊ិច កាយដី', NULL, '2020-02-05 10:17:00', '2020-02-05 10:17:00', 'Y', 2, 2, 5, 18, 1, 1, 2, 150, '2019-06-11', 0, 0, 0, '301', 1, NULL, NULL),
(231, 28, '2019-06-11', 'ទិញស៊ុមរូបថត', NULL, '2020-02-05 10:17:00', '2020-02-05 10:17:00', 'Y', 2, 2, 5, 0, 1, 1, 4, 7, '2019-06-11', 0, 0, 0, '', 1, NULL, NULL),
(232, 25, '2019-06-11', 'អោយខាង ពន្ធដា', NULL, '2020-02-05 10:17:00', '2020-02-05 10:17:00', 'Y', 2, 2, 5, 0, 1, 1, 0, 0, '2019-06-11', 0, 0, 0, '', 1, NULL, NULL),
(233, 10, '2019-06-11', 'កាសែត', NULL, '2020-02-05 10:17:00', '2020-02-05 10:17:00', 'Y', 2, 2, 5, 0, 1, 1, 1, 10, '2019-06-11', 0, 0, 0, '', 1, NULL, NULL),
(234, 200, '2019-06-11', 'ចំណាយទិញឯកសណ្ឋាន(Vannary&Nakry)', NULL, '2020-02-05 10:17:00', '2020-02-05 10:17:00', 'Y', 2, 2, 5, 0, 1, 1, 2, 100, '2019-06-11', 0, 0, 0, '', 1, NULL, NULL),
(235, 5, '2019-06-13', 'ទិញជែលក្រអូប', NULL, '2020-02-05 10:17:00', '2020-02-05 10:17:00', 'Y', 2, 2, 5, 0, 1, 1, 1, 5, '2019-06-13', 0, 0, 0, '', 1, NULL, NULL),
(236, 10, '2019-06-15', 'ចំណាយបង់ពន្ធ + សេវា', NULL, '2020-02-05 10:17:00', '2020-02-05 10:17:00', 'Y', 2, 2, 5, 0, 1, 1, 1, 10, '2019-06-15', 0, 0, 405500, '', 1, NULL, NULL),
(237, 248.24, '2019-06-15', 'ចំណាយ Boosted post page 2លើក', NULL, '2020-02-05 10:17:00', '2020-02-05 10:17:00', 'Y', 2, 2, 5, 0, 1, 1, 0, 0, '2019-06-15', 0, 0, 0, '', 1, NULL, NULL),
(238, 400, '2019-06-17', 'លើកឈើចេញពីផ្លូវ', NULL, '2020-02-05 10:17:00', '2020-02-05 10:17:00', 'Y', 2, 2, 5, 0, 1, 1, 0, 0, '2019-06-17', 0, 0, 0, '', 1, NULL, NULL),
(239, 14.01, '2019-06-17', 'សម្ភារះការិយាល័យ Office Borey ( Color Paper,Envelop…)', NULL, '2020-02-05 10:17:00', '2020-02-05 10:17:00', 'Y', 2, 2, 5, 25, 1, 1, 0, 0, '2019-06-17', 0, 0, 0, '16893', 1, NULL, NULL),
(240, 150, '2019-06-17', 'ការដំឡើង អក្សរអ៊ីណុកទឹកមាសភ្លឺ (ការិយាល័យលក់ផ្ទះ)', NULL, '2020-02-05 10:17:00', '2020-02-05 10:17:00', 'Y', 2, 2, 5, 39, 1, 1, 1, 150, '2019-06-17', 0, 0, 0, '', 1, NULL, NULL),
(241, 50, '2019-06-21', 'ជួសជុលម៉ាស៊ីនព្រីន', NULL, '2020-02-05 10:17:00', '2020-02-05 10:17:00', 'Y', 2, 2, 5, 0, 1, 1, 1, 50, '2019-06-21', 0, 0, 0, '', 1, NULL, NULL),
(242, 6, '2019-06-25', 'ឫស្សី', NULL, '2020-02-05 10:17:00', '2020-02-05 10:17:00', 'Y', 2, 2, 5, 41, 1, 1, 2, 3, '2019-06-25', 0, 0, 0, '', 1, NULL, NULL),
(243, 0, '2019-06-25', 'ឈ្នួលដឹក', NULL, '2020-02-05 10:17:00', '2020-02-05 10:17:00', 'Y', 2, 2, 5, 41, 1, 1, 0, 0, '2020-06-25', 1, 10000, 10000, '', 1, NULL, NULL),
(244, 40, '2019-06-26', 'កាប់ព្រៃ', NULL, '2020-02-05 10:17:00', '2020-02-05 10:17:00', 'Y', 2, 2, 5, 0, 1, 1, 1, 40, '2019-06-26', 0, 0, 0, '', 1, NULL, NULL),
(245, 10.38, '2019-06-30', 'ក្រដាស​Cellox', NULL, '2020-02-05 10:17:00', '2020-02-05 10:17:00', 'Y', 2, 2, 5, 0, 1, 1, 2, 5.19, '2019-06-30', 0, 0, 0, '', 1, NULL, NULL),
(246, 6.16, '2019-06-30', 'ស្ករគ្រាប់ចំរុះ', NULL, '2020-02-05 10:17:00', '2020-02-05 10:17:00', 'Y', 2, 2, 5, 0, 1, 1, 8, 0.77, '2019-06-30', 0, 0, 0, '', 1, NULL, NULL),
(247, 0, '2019-07-02', 'កាយគល់ឈើចេញពីផ្លូវ', NULL, '2020-02-05 10:17:00', '2020-02-05 10:17:00', 'Y', 2, 2, 5, 0, 1, 1, 0, 0, '2019-07-02', 1, 50000, 50000, '', 1, NULL, NULL),
(248, 360, '2019-07-05', 'ឈួសផ្លូវរដ្ឋចូលបុរី16ម៉ែត្រ', NULL, '2020-02-05 10:17:00', '2020-02-05 10:17:00', 'Y', 2, 2, 5, 6, 1, 1, 1, 360, '2019-07-05', 0, 0, 0, '324', 1, NULL, NULL),
(249, 121, '2019-07-05', 'មួក​TW 7,អាវពន្លឺត្រួយចេក5,ស្បែកជើង7\n ,អាវពន្លឺLH,V024,អាវប្រផេះ4 (Engineer)', NULL, '2020-02-05 10:17:00', '2020-02-05 10:17:00', 'Y', 2, 2, 5, 7, 1, 1, 0, 121, '2019-07-05', 0, 0, 0, '286', 1, NULL, NULL),
(250, 80, '2019-07-08', 'ដឹកទូកកុងតាណឺពីផ្សារព្រែកជ្រៃទៅដាក់នៅដីបុរី', NULL, '2020-02-05 10:17:00', '2020-02-05 10:17:00', 'Y', 2, 2, 5, 8, 1, 1, 1, 80, '2019-07-08', 0, 0, 0, '', 1, NULL, NULL),
(251, 40, '2019-07-09', 'អាបុលឈួសផ្លូវ', NULL, '2020-02-05 10:17:00', '2020-02-05 10:17:00', 'Y', 2, 2, 5, 0, 1, 1, 1, 40, '2019-07-09', 0, 0, 0, '', 1, NULL, NULL),
(252, 6.5, '2019-07-10', 'P5ថៃ(អាឡូ)', NULL, '2020-02-05 10:17:00', '2020-02-05 10:17:00', 'Y', 2, 2, 5, 0, 1, 1, 1, 6.5, '2019-07-10', 0, 0, 0, '', 1, NULL, NULL),
(253, 370, '2019-07-10', 'ម៉ាស៊ីនវាស់កំពស់', NULL, '2020-02-05 10:17:00', '2020-02-05 10:17:00', 'Y', 2, 2, 5, 9, 1, 1, 1, 370, '2019-07-10', 0, 0, 0, '', 1, NULL, NULL),
(254, 20, '2019-07-15', 'លេប្លង់', NULL, '2020-02-05 10:17:00', '2020-02-05 10:17:00', 'Y', 2, 2, 5, 0, 1, 1, 1, 20, '2019-07-15', 0, 0, 0, '', 1, NULL, NULL),
(255, 1442, '2019-07-15', 'ម៉ាស៊ីន laser50m,ម៉ាស៊ីន laser កែងនិង កម្ពស់,ម៉ាស៊ីន Test Concrele', NULL, '2020-02-05 10:17:00', '2020-02-05 10:17:00', 'Y', 2, 2, 5, 0, 1, 1, 1, 1442, '2019-07-15', 0, 0, 0, '', 1, NULL, NULL),
(256, 88, '2019-07-15', 'ទឹកសុទ្ធ Vita 350ml ចំនួន២០កេស និង កាហ្វេចំនួន២កេស', NULL, '2020-02-05 10:17:00', '2020-02-05 10:17:00', 'Y', 2, 2, 5, 0, 1, 1, 1, 88, '2019-07-15', 0, 0, 0, '', 1, NULL, NULL),
(257, 150, '2019-07-15', 'កាប់ព្រៃនៅដីបុរីGalaxy 11', NULL, '2020-02-05 10:17:00', '2020-02-05 10:17:00', 'Y', 2, 2, 5, 0, 1, 1, 1, 150, '2019-07-15', 0, 0, 0, '', 1, NULL, NULL),
(258, 120, '2019-07-15', 'ថ្លៃកាតទូរសព្ទ័និងឯកសណ្ឋានបុគ្គលិក (Narong)', NULL, '2020-02-05 10:17:00', '2020-02-05 10:17:00', 'Y', 2, 2, 5, 0, 1, 1, 1, 120, '2019-07-15', 0, 0, 0, '', 1, NULL, NULL),
(259, 20, '2019-07-15', 'ថ្លៃកាតទូរសព្ទ័បុគ្គលិក (Limheng)', NULL, '2020-02-05 10:17:00', '2020-02-05 10:17:00', 'Y', 2, 2, 5, 0, 1, 1, 1, 20, '2019-07-15', 0, 0, 0, '', 1, NULL, NULL),
(260, 20, '2019-07-15', 'ថ្លៃកាតទូរសព្ទ័បុគ្គលិក (Nakry)', NULL, '2020-02-05 10:17:00', '2020-02-05 10:17:00', 'Y', 2, 2, 5, 0, 1, 1, 1, 20, '2019-07-15', 0, 0, 0, '', 1, NULL, NULL),
(261, 865, '2019-07-17', 'ទិញឆត្រ័ (Final Payment)', NULL, '2020-02-05 10:17:00', '2020-02-05 10:17:00', 'Y', 2, 2, 5, 23, 1, 1, 1, 865, '2019-07-17', 0, 0, 0, 'P00056', 1, NULL, NULL),
(262, 1000, '2019-07-17', 'ស្នើរសុំធ្វើផ្លូវចូលបុរី', NULL, '2020-02-05 10:17:00', '2020-02-05 10:17:00', 'Y', 2, 2, 5, 0, 1, 1, 1, 1000, '2019-07-17', 0, 0, 0, '', 1, NULL, NULL),
(263, 25.4, '2019-07-18', 'សម្ភារៈការិយាលយ័', NULL, '2020-02-05 10:17:00', '2020-02-05 10:17:00', 'Y', 2, 2, 5, 0, 1, 1, 1, 25.4, '2019-07-18', 0, 0, 0, '', 1, NULL, NULL),
(264, 10, '2019-07-18', 'បង់ពន្ធWT 10% &Service ', NULL, '2020-02-05 10:17:00', '2020-02-05 10:17:00', 'Y', 2, 2, 5, 52, 1, 1, 1, 10, '2019-07-18', 1, 81500, 81500, 'P 101', 1, NULL, NULL),
(265, 30, '2019-07-19', 'ទិញ I com ចំនួនពីរ', NULL, '2020-02-05 10:17:00', '2020-02-05 10:17:00', 'Y', 2, 2, 5, 0, 1, 1, 2, 15, '2019-07-19', 0, 0, 0, '', 1, NULL, NULL),
(266, 32, '2019-07-23', 'ស្នើរសុំទិញញ៉ូម20ដើម', NULL, '2020-02-05 10:17:00', '2020-02-05 10:17:00', 'Y', 2, 2, 5, 0, 1, 1, 20, 1.6, '2019-07-23', 0, 0, 0, '', 1, NULL, NULL),
(267, 9, '2019-07-23', 'ចំលងប្លង់ A3', NULL, '2020-02-05 10:17:00', '2020-02-05 10:17:00', 'Y', 2, 2, 5, 0, 1, 1, 1, 9, '2019-07-23', 0, 0, 0, '', 1, NULL, NULL),
(268, 150, '2019-07-23', 'ថ្លៃអាអ៊ិចឈូសដីចំនួន១ថ្ងៃ', NULL, '2020-02-05 10:17:00', '2020-02-05 10:17:00', 'Y', 2, 2, 5, 0, 1, 1, 1, 150, '2019-07-23', 0, 0, 0, '', 1, NULL, NULL),
(269, 0, '2019-07-23', 'ទិញសាំងចាក់ដុតព្រៃនៅបុរី', NULL, '2020-02-05 10:17:00', '2020-02-05 10:17:00', 'Y', 2, 2, 5, 0, 1, 1, 0, 0, '2019-07-23', 5, 3600, 17500, '', 1, NULL, NULL),
(270, 0, '2019-07-25', 'ទិញសៀវភៅធំ2ក្បាល', NULL, '2020-02-05 10:17:00', '2020-02-05 10:17:00', 'Y', 2, 2, 5, 0, 1, 1, 0, 0, '2019-07-24', 2, 3000, 6000, '', 1, NULL, NULL),
(271, 0, '2019-07-26', 'ថ្លៃបាយរបស់ហ៊ាតុង&ហ៊ាសិទ្ធ(៤ថ្ងៃ)', NULL, '2020-02-05 10:17:00', '2020-02-05 10:17:00', 'Y', 2, 2, 5, 0, 1, 1, 0, 0, '2019-07-26', 1, 271000, 271000, '', 1, NULL, NULL),
(272, 150, '2019-07-26', 'ដូរ Banner បុរី Galaxy 11 Office', NULL, '2020-02-05 10:17:00', '2020-02-05 10:17:00', 'Y', 2, 2, 5, 0, 1, 1, 1, 150, '2019-07-26', 0, 0, 0, '', 1, NULL, NULL),
(273, 5, '2019-07-26', 'វីសដែក', NULL, '2020-02-05 10:17:00', '2020-02-05 10:17:00', 'Y', 2, 2, 5, 48, 1, 1, 1, 5, '2019-07-26', 0, 0, 0, '', 1, NULL, NULL),
(274, 15.15, '2019-07-28', 'ទិញស្ករគ្រាប់ចំរុះ,ក្រដាសអនាម័យ និង សឺមីមានបិទបើ', NULL, '2020-02-05 10:17:00', '2020-02-05 10:17:00', 'Y', 2, 2, 5, 28, 1, 1, 1, 15.15, '2019-07-29', 0, 0, 0, '4.06E+14', 1, NULL, NULL),
(275, 0, '2019-07-30', 'ទិញទុយោសំរាប់ផ្លូវបេតុង', NULL, '2020-02-05 10:17:00', '2020-02-05 10:17:00', 'Y', 2, 2, 5, 43, 1, 1, 0, 0, '2019-07-30', 1, 140000, 140000, '215', 1, NULL, NULL),
(276, 96, '2019-07-31', 'ចំណាយទិកសុទ្ធ ៣០ កេស', NULL, '2020-02-05 10:17:00', '2020-02-05 10:17:00', 'Y', 2, 2, 5, 0, 1, 1, 30, 3.2, '2019-07-31', 0, 0, 0, '', 1, NULL, NULL),
(277, 1800, '2019-07-31', 'ចំណាយប្រាក់ខែ បុគ្គលិក ខែ កក្កដា ឆ្នាំ ២០១៩', NULL, '2020-02-05 10:17:00', '2020-02-05 10:17:00', 'Y', 2, 2, 5, 0, 1, 1, 1, 1800, '2019-07-31', 0, 0, 0, '', 1, NULL, NULL),
(278, 100, '2019-07-31', 'ថ្លៃចង​ Banner​ នៅរបងបុរី', NULL, '2020-02-05 10:17:00', '2020-02-05 10:17:00', 'Y', 2, 2, 5, 0, 1, 1, 1, 100, '2019-07-31', 0, 0, 0, '', 1, NULL, NULL),
(279, 0, '2019-07-31', 'វាស់ម៉ែត្រធ្វើផ្លូវ ដីថ្មី', NULL, '2020-02-05 10:17:00', '2020-02-05 10:17:00', 'Y', 2, 2, 5, 0, 1, 1, 0, 0, '2019-07-31', 1, 150000, 150000, '', 1, NULL, NULL),
(280, 0, '2019-07-31', 'GPS ', NULL, '2020-02-05 10:17:00', '2020-02-05 10:17:00', 'Y', 2, 2, 5, 0, 1, 1, 0, 0, '2019-07-31', 1, 80000, 80000, '', 1, NULL, NULL),
(281, 60, '2019-07-31', 'ថ្លៃអោយពូមឹក ធ្វើផ្លូវ', NULL, '2020-02-05 10:17:00', '2020-02-05 10:17:00', 'Y', 2, 2, 5, 0, 1, 1, 1, 60, '2019-07-31', 0, 0, 0, '', 1, NULL, NULL),
(282, 181.75, '2019-08-02', 'ទិញកៅស៊ូគ្រប់ផ្លូវក្នុងបុរី', NULL, '2020-02-05 10:17:00', '2020-02-05 10:17:00', 'Y', 2, 2, 5, 0, 1, 1, 1, 181.75, '2019-08-02', 0, 0, 0, '', 1, NULL, NULL),
(283, 40, '2019-08-12', 'ធ្វើកាំជណ្តើរកុងគីនី័របុរី', NULL, '2020-02-05 10:17:00', '2020-02-05 10:17:00', 'Y', 2, 2, 5, 0, 1, 1, 1, 40, '2019-08-12', 0, 0, 0, '', 1, NULL, NULL),
(284, 20, '2019-08-12', 'គាស់ដើមត្នោតបុរី', NULL, '2020-02-05 10:17:00', '2020-02-05 10:17:00', 'Y', 2, 2, 5, 0, 1, 1, 1, 20, '2019-08-12', 0, 0, 0, '', 1, NULL, NULL),
(285, 55, '2019-08-14', 'អាហារសំរាប់បុគ្គលិក', NULL, '2020-02-05 10:17:00', '2020-02-05 10:17:00', 'Y', 2, 2, 5, 0, 1, 1, 1, 55, '2019-08-14', 0, 0, 0, '', 1, NULL, NULL),
(286, 0, '2019-08-15', 'បង់ពន្ធកាត់ទុក10%', NULL, '2020-02-05 10:17:00', '2020-02-05 10:17:00', 'Y', 2, 2, 5, 36, 1, 1, 0, 0, '2019-08-15', 1, 81600, 81600, '', 1, NULL, NULL),
(287, 10, '2019-08-15', 'សេវាប្រកាសពន្ធគ្រូកុសល', NULL, '2020-02-05 10:17:00', '2020-02-05 10:17:00', 'Y', 2, 2, 5, 0, 1, 1, 1, 10, '2019-08-15', 0, 0, 0, '', 1, NULL, NULL),
(288, 850, '2019-08-19', 'ថ្លៃសិក្សាភូគព្ភសាស្រ្តដីបុរី​Galaxy 11 បង់កក់មុន', NULL, '2020-02-05 10:17:00', '2020-02-05 10:17:00', 'Y', 2, 2, 5, 0, 1, 1, 1, 850, '2019-08-16', 0, 0, 0, '', 1, NULL, NULL),
(289, 152, '2019-08-16', 'កាមេរ៉ា40m,ខែ្ស 230m ,ឈ្មួល', NULL, '2020-02-05 10:17:00', '2020-02-05 10:17:00', 'Y', 2, 2, 5, 0, 1, 1, 1, 152, '2019-08-16', 0, 0, 0, '', 1, NULL, NULL),
(290, 296, '2019-08-16', 'ថ្មរពុក 8 ឡាន×370$', NULL, '2020-02-05 10:17:00', '2020-02-05 10:17:00', 'Y', 2, 2, 5, 16, 1, 1, 1, 296, '2019-08-16', 0, 0, 0, '', 1, NULL, NULL),
(291, 150, '2019-08-16', 'កាយច្រមុះជ្រូកការាស់សាំង', NULL, '2020-02-05 10:17:00', '2020-02-05 10:17:00', 'Y', 2, 2, 5, 0, 1, 1, 1, 150, '2019-08-16', 0, 0, 0, '', 1, NULL, NULL),
(292, 200, '2019-08-20', 'កាត់បេតុងសួនច្បា​រ .បុរី​ Galaxy 11', NULL, '2020-02-05 10:17:00', '2020-02-05 10:17:00', 'Y', 2, 2, 5, 0, 1, 1, 1, 200, '2019-08-20', 0, 0, 0, '', 1, NULL, NULL),
(293, 64, '2019-08-22', 'ទិញទឹកសុទ្ធ​20កេស', NULL, '2020-02-05 10:17:00', '2020-02-05 10:17:00', 'Y', 2, 2, 5, 0, 1, 1, 1, 64, '2019-08-22', 1, 7500, 7500, '', 1, NULL, NULL),
(294, 0, '2019-08-23', 'ដឹក តុ កៅអី មកពី​ Vanda 271', NULL, '2020-02-05 10:17:00', '2020-02-05 10:17:00', 'Y', 2, 2, 5, 0, 1, 1, 0, 0, '2019-08-23', 1, 30000, 30000, '', 1, NULL, NULL),
(295, 0, '2019-08-26', 'ទិញសាំង០២លីត្រដើម្បីដុតព្រៃនៅបុរីហ្គាឡាក់ស៊ី១១', NULL, '2020-02-05 10:17:00', '2020-02-05 10:17:00', 'Y', 2, 2, 5, 22, 1, 1, 0, 0, '2019-08-26', 1, 7000, 7000, '7329', 1, NULL, NULL),
(296, 700, '2019-08-26', 'ស្នើរសុំសាងសង់(នៅសង្កាត់)', NULL, '2020-02-05 10:17:00', '2020-02-05 10:17:00', 'Y', 2, 2, 5, 0, 1, 1, 1, 700, '2019-08-26', 0, 0, 0, '', 1, NULL, NULL),
(297, 130, '2019-08-28', 'ធ្វើតេស្តដែក', NULL, '2020-02-05 10:17:00', '2020-02-05 10:17:00', 'Y', 2, 2, 5, 0, 1, 1, 1, 130, '2019-08-28', 0, 0, 0, '', 1, NULL, NULL),
(298, 15, '2019-08-28', 'ទិញឫស្សី 5បាច់ និង​ឈ្នួលដឹក', NULL, '2020-02-05 10:17:00', '2020-02-05 10:17:00', 'Y', 2, 2, 5, 0, 1, 1, 5, 3, '2019-08-28', 1, 10000, 10000, '', 1, NULL, NULL),
(299, 40, '2019-08-30', 'ទិញសង្ក័សីលាត​ ធ្វើផ្លាកបុរី', NULL, '2020-02-05 10:17:00', '2020-02-05 10:17:00', 'Y', 2, 2, 5, 0, 1, 1, 1, 40, '2019-08-30', 0, 0, 0, '', 1, NULL, NULL),
(300, 81.75, '2019-08-30', 'ទិញញ៉ូម វី30 ធ្វើផ្លាកបុរី', NULL, '2020-02-05 10:17:00', '2020-02-05 10:17:00', 'Y', 2, 2, 5, 0, 1, 1, 1, 81.75, '2019-08-30', 0, 0, 0, '', 1, NULL, NULL),
(301, 800, '2019-09-02', 'ថ្លៃតេស្ដដី (Final Payment)', NULL, '2020-02-05 10:17:00', '2020-02-05 10:17:00', 'Y', 2, 2, 5, 0, 1, 1, 1, 800, '2019-09-02', 0, 0, 0, '', 1, NULL, NULL),
(302, 137, '2019-08-31', 'គ្រែដែក ពួក ខ្នើយ កំរាលឈុត', NULL, '2020-02-05 10:17:00', '2020-02-05 10:17:00', 'Y', 2, 2, 5, 50, 1, 1, 1, 137, '2019-08-31', 0, 0, 0, '', 1, NULL, NULL),
(303, 200, '2019-09-04', 'រង្វិលលុយឲ្យឈ្មោះ ស្រ៊ូ គឺមនី', NULL, '2020-02-05 10:17:00', '2020-02-05 10:17:00', 'Y', 2, 2, 5, 0, 1, 1, 1, 200, '2019-09-04', 0, 0, 0, '', 1, NULL, NULL),
(304, 200, '2019-09-03', 'ទិញ computer 1set', NULL, '2020-02-05 10:17:00', '2020-02-05 10:17:00', 'Y', 2, 2, 5, 0, 1, 1, 1, 200, '2019-09-03', 1, 10000, 10000, '', 1, NULL, NULL),
(305, 98, '2019-09-02', 'ទិញហ្វា3គ្រាប់,ខែ្សភ្លើង25 ១ដុំ,ហ្គែន ១ដុំ', NULL, '2020-02-05 10:17:00', '2020-02-05 10:17:00', 'Y', 2, 2, 5, 0, 1, 1, 1, 98, '2019-09-03', 0, 0, 0, '', 1, NULL, NULL),
(306, 0, '2019-09-01', 'អាហារថ្ងៃត្រង់បុគ្គលិក', NULL, '2020-02-05 10:17:00', '2020-02-05 10:17:00', 'Y', 2, 2, 5, 0, 1, 1, 0, 0, '2019-09-01', 1, 90000, 90000, '', 1, NULL, NULL),
(307, 80, '2019-09-04', 'ទិញទឺកសុទ្ធ25កេស', NULL, '2020-02-05 10:17:00', '2020-02-05 10:17:00', 'Y', 2, 2, 5, 0, 1, 1, 1, 80, '2019-09-04', 0, 0, 0, '', 1, NULL, NULL),
(308, 140, '2019-09-04', 'ប្តូរ1Toner (Black) and refill 2 Toner', NULL, '2020-02-05 10:17:00', '2020-02-05 10:17:00', 'Y', 2, 2, 5, 31, 1, 1, 1, 140, '2019-09-04', 0, 0, 0, '2642', 1, NULL, NULL),
(309, 6, '2019-09-04', 'ទិញរូឡូដាក់Computer office បុរី', NULL, '2020-02-05 10:17:00', '2020-02-05 10:17:00', 'Y', 2, 2, 5, 0, 1, 1, 1, 6, '2019-09-04', 0, 0, 0, '', 1, NULL, NULL),
(310, 0, '2019-09-03', 'ទិញសំភារៈអនាម័យ', NULL, '2020-02-05 10:17:00', '2020-02-05 10:17:00', 'Y', 2, 2, 5, 0, 1, 1, 0, 0, '2019-09-28', 1, 87000, 87000, '', 1, NULL, NULL),
(311, 90, '2019-09-05', 'ដីទន្លេ', NULL, '2020-02-05 10:17:00', '2020-02-05 10:17:00', 'Y', 2, 2, 5, 0, 1, 1, 1, 90, '2019-09-04', 0, 0, 0, '', 1, NULL, NULL),
(312, 95, '2019-09-05', 'ដីទន្លេ', NULL, '2020-02-05 10:17:00', '2020-02-05 10:17:00', 'Y', 2, 2, 5, 0, 1, 1, 1, 95, '2019-09-04', 0, 0, 0, '', 1, NULL, NULL),
(313, 200, '2019-09-05', 'ប្រាក់លើកទឹកចិត្ត Rose Queen', NULL, '2020-02-05 10:17:00', '2020-02-05 10:17:00', 'Y', 2, 2, 5, 0, 1, 1, 1, 200, '2019-09-05', 0, 0, 0, '', 1, NULL, NULL),
(314, 612.5, '2019-09-06', 'ទង់ក្រណាត់(First Payment)', NULL, '2020-02-05 10:17:00', '2020-02-05 10:17:00', 'Y', 2, 2, 5, 0, 1, 1, 1, 612.5, '2019-09-06', 0, 0, 0, '', 1, NULL, NULL),
(315, 55, '2019-09-05', 'ស្តង់ 2*2 (ឆត្រ័)', NULL, '2020-02-05 10:17:00', '2020-02-05 10:17:00', 'Y', 2, 2, 5, 0, 1, 1, 1, 55, '2019-09-05', 0, 0, 0, '', 1, NULL, NULL),
(316, 20, '2019-09-05', 'សាំង ឡាន បងហេង', NULL, '2020-02-05 10:17:00', '2020-02-05 10:17:00', 'Y', 2, 2, 5, 35, 1, 1, 1, 20, '2019-09-04', 0, 0, 0, '', 1, NULL, NULL),
(317, 305, '2019-09-06', 'តុក(210$),កៅអី(80$),ថ្លៃដឹក (15$)', NULL, '2020-02-05 10:17:00', '2020-02-05 10:17:00', 'Y', 2, 2, 5, 0, 1, 1, 1, 305, '2019-09-06', 0, 0, 0, '', 1, NULL, NULL),
(318, 50, '2019-09-10', 'អោយចៅសង្កាត់ថ្លៃស្នើរថ្ម', NULL, '2020-02-05 10:17:00', '2020-02-05 10:17:00', 'Y', 2, 2, 5, 0, 1, 1, 1, 50, '2019-09-10', 0, 0, 0, '', 1, NULL, NULL),
(319, 890, '2019-09-03', 'សំភារៈការិយាល័យយកពី271', NULL, '2020-02-05 10:17:00', '2020-02-05 10:17:00', 'Y', 2, 2, 5, 0, 1, 1, 1, 890, '2019-09-03', 0, 0, 0, '', 1, NULL, NULL),
(320, 18, '2019-09-05', 'ទិញខ្សែឡេន(Internet)តម៉ាស៊ីនព្រីន', NULL, '2020-02-05 10:17:00', '2020-02-05 10:17:00', 'Y', 2, 2, 5, 0, 1, 1, 1, 18, '2019-09-05', 0, 0, 0, '', 1, NULL, NULL),
(321, 10, '2019-09-05', 'សាំង ឡាន បងហេង', NULL, '2020-02-05 10:17:00', '2020-02-05 10:17:00', 'Y', 2, 2, 5, 35, 1, 1, 1, 10, '2019-09-05', 0, 0, 0, '', 1, NULL, NULL),
(322, 500, '2019-09-10', 'ដកPetty cash អោយ Mr.Chea Chan heng', NULL, '2020-02-05 10:17:00', '2020-02-05 10:17:00', 'Y', 2, 2, 5, 0, 1, 1, 1, 500, '2019-09-10', 0, 0, 0, '', 1, NULL, NULL),
(323, 1186, '2019-09-11', 'Reflective PVC Printing(0130)', NULL, '2020-02-05 10:17:00', '2020-02-05 10:17:00', 'Y', 2, 2, 5, 30, 1, 1, 1, 1186, '2019-09-11', 0, 0, 0, 'MR-0619-0130', 1, NULL, NULL),
(324, 100, '2019-09-11', 'រៀបឃឿនសួនច្បារបុរី', NULL, '2020-02-05 10:17:00', '2020-02-05 10:17:00', 'Y', 2, 2, 5, 0, 1, 1, 1, 100, '2019-09-11', 0, 0, 0, '', 1, NULL, NULL),
(325, 10, '2019-09-11', 'បង់ពន្ធប្រចាំខែ', NULL, '2020-02-05 10:17:00', '2020-02-05 10:17:00', 'Y', 2, 2, 5, 0, 1, 1, 1, 10, '2019-09-11', 1, 81700, 81700, '', 1, NULL, NULL),
(326, 100, '2019-09-11', 'ស្នើរសុំប្រាក់បន្ថែមម៉ោងឈ្មោះសុខ សុភ្ភស័', NULL, '2020-02-05 10:17:00', '2020-02-05 10:17:00', 'Y', 2, 2, 5, 0, 1, 1, 1, 100, '2019-09-11', 0, 0, 0, '', 1, NULL, NULL),
(327, 35, '2019-09-12', 'ទិញសង្ក័សីធ្វើផ្លកបុរី(ច្រមុះជ្រូក)', NULL, '2020-02-05 10:17:00', '2020-02-05 10:17:00', 'Y', 2, 2, 5, 0, 1, 1, 1, 35, '2019-09-12', 0, 0, 0, '', 1, NULL, NULL),
(328, 458, '2019-09-12', 'Buy Printer (L1300)', NULL, '2020-02-05 10:17:00', '2020-02-05 10:17:00', 'Y', 2, 2, 5, 26, 1, 1, 1, 458, '2019-09-12', 0, 0, 0, '1128', 1, NULL, NULL),
(329, 13, '2019-09-15', 'ទិញសម្ភារៈធ្វើoffice បុរី(កាវបៀកដែក១ធុង)', NULL, '2020-02-05 10:17:00', '2020-02-05 10:17:00', 'Y', 2, 2, 5, 0, 1, 1, 1, 13, '2019-09-14', 0, 0, 0, '', 1, NULL, NULL),
(330, 100, '2019-09-16', 'រៀបឃឿនសួនច្បារបុរី(លើកទី២)', NULL, '2020-02-05 10:17:00', '2020-02-05 10:17:00', 'Y', 2, 2, 5, 0, 1, 1, 1, 100, '2019-09-16', 0, 0, 0, '', 1, NULL, NULL);
INSERT INTO `tbl_expend` (`exp_id`, `exp_total_price`, `exp_date`, `exp_des`, `exp_image`, `regDt`, `upDt`, `useYn`, `regUsr`, `upUsr`, `sta_id`, `sup_id`, `com_id`, `bra_id`, `exp_qty`, `exp_unit_price`, `exp_req_date`, `exp_qty_khr`, `exp_unit_price_khr`, `exp_total_price_khr`, `exp_inv_no`, `exp_item_no`, `exp_req_staff_id`, `exp_voucher_no`) VALUES
(331, 500, '2019-09-17', 'កក់ថ្លៃធ្វើ System', NULL, '2020-02-05 10:17:00', '2020-02-05 10:17:00', 'Y', 2, 2, 5, 0, 1, 1, 1, 500, '2019-09-17', 0, 0, 0, '', 1, NULL, NULL),
(332, 2450, '2019-09-18', 'ថ្លៃដើមឈើ', NULL, '2020-02-05 10:17:00', '2020-02-05 10:17:00', 'Y', 2, 2, 5, 0, 1, 1, 1, 2450, '2019-09-18', 0, 0, 0, '', 1, NULL, NULL),
(333, 200, '2019-09-19', 'ស្នើរថវិកាទៅវត្ត', NULL, '2020-02-05 10:17:00', '2020-02-05 10:17:00', 'Y', 2, 2, 5, 0, 1, 1, 1, 200, '2019-09-19', 0, 0, 0, '', 1, NULL, NULL),
(334, 7.13, '2019-09-19', 'ទិញខ្សែរឹតស្តកភ្លើងធ្វើ Banner', NULL, '2020-02-05 10:17:00', '2020-02-05 10:17:00', 'Y', 2, 2, 5, 48, 1, 1, 1, 7.13, '2019-09-19', 0, 0, 0, '617', 1, NULL, NULL),
(335, 655, '2019-09-21', 'រៀបខឿនបុរី ទិញខឿន(ទិញសំភារៈខឿន)', NULL, '2020-02-05 10:17:00', '2020-02-05 10:17:00', 'Y', 2, 2, 5, 0, 1, 1, 1, 655, '2019-09-21', 0, 0, 0, '', 1, NULL, NULL),
(336, 300.85, '2019-09-26', 'ទិញសំភារៈការិយាល័យ(Office Supply)', NULL, '2020-02-05 10:17:00', '2020-02-05 10:17:00', 'Y', 2, 2, 5, 24, 1, 1, 1, 300.85, '2019-09-26', 0, 0, 0, 'MTT-19-051990', 1, NULL, NULL),
(337, 69, '2019-09-16', 'ទិញហ្វាLED 30W (2),50w(1) ថែមម័រ និងសេវា', NULL, '2020-02-05 10:17:00', '2020-02-05 10:17:00', 'Y', 2, 2, 5, 0, 1, 1, 1, 69, '2019-09-16', 0, 0, 0, '', 1, NULL, NULL),
(338, 30, '2019-09-24', 'អោយទៅចៅសង្កាត់(ជូនភ្ជុំចៅសង្កាត់)', NULL, '2020-02-05 10:17:00', '2020-02-05 10:17:00', 'Y', 2, 2, 5, 0, 1, 1, 1, 30, '2019-09-24', 0, 0, 0, '', 1, NULL, NULL),
(339, 195, '2019-09-30', 'អ៊ុតស្គុតឡាន', NULL, '2020-02-05 10:17:00', '2020-02-05 10:17:00', 'Y', 2, 2, 5, 0, 1, 1, 1, 195, '2019-09-30', 0, 0, 0, '', 1, NULL, NULL),
(340, 612.5, '2019-09-30', 'ទង់ក្រណាត់(Final Payment)', NULL, '2020-02-05 10:17:00', '2020-02-05 10:17:00', 'Y', 2, 2, 5, 0, 1, 1, 1, 612.5, '2019-09-30', 0, 0, 0, '', 1, NULL, NULL),
(341, 168, '2019-09-30', 'ធ្វើ Name Card', NULL, '2020-02-05 10:17:00', '2020-02-05 10:17:00', 'Y', 2, 2, 5, 0, 1, 1, 1, 168, '2019-09-30', 0, 0, 0, '', 1, NULL, NULL),
(342, 322.68, '2019-09-30', 'Petty Cash in Sep-19 (Chea Chanheng)', NULL, '2020-02-05 10:17:00', '2020-02-05 10:17:00', 'Y', 2, 2, 5, 0, 1, 1, 1, 322.68, '2019-09-30', 0, 0, 0, '', 1, NULL, NULL),
(343, 100, '2019-10-02', 'Top up Telephone  (for staffs)Oct .19', NULL, '2020-02-05 10:17:00', '2020-02-05 10:17:00', 'Y', 2, 2, 5, 0, 1, 1, 1, 100, '2019-10-02', 0, 0, 0, ' ', 1, NULL, NULL),
(344, 39, '2019-10-04', 'បៀកកាវកាពារជ្រាបទឹកofficeបុរី', NULL, '2020-02-05 10:17:00', '2020-02-05 10:17:00', 'Y', 2, 2, 5, 0, 1, 1, 1, 39, '2019-10-04', 0, 0, 0, ' ', 1, NULL, NULL),
(345, 50, '2019-10-04', 'តភ្លើងហ្វាOfficeបុរី', NULL, '2020-02-05 10:17:00', '2020-02-05 10:17:00', 'Y', 2, 2, 5, 0, 1, 1, 1, 50, '2019-10-04', 0, 0, 0, ' ', 1, NULL, NULL),
(346, 22, '2019-10-04', 'ទិញញ៉ូម និង​ ជុសជុលកុងទ័រនៅបុរី', NULL, '2020-02-05 10:17:00', '2020-02-05 10:17:00', 'Y', 2, 2, 5, 0, 1, 1, 1, 22, '2019-10-04', 0, 0, 0, ' ', 1, NULL, NULL),
(347, 287, '2019-10-04', 'Print Banner Borey', NULL, '2020-02-05 10:17:00', '2020-02-05 10:17:00', 'Y', 2, 2, 5, 0, 1, 1, 1, 287, '2019-10-04', 0, 0, 0, ' ', 1, NULL, NULL),
(348, 400, '2019-10-09', 'អោយថ្លៃបាញ់ប្លង់ (1st)', NULL, '2020-02-05 10:17:00', '2020-02-05 10:17:00', 'Y', 2, 2, 5, 0, 1, 1, 1, 400, '2019-10-09', 0, 0, 0, ' ', 1, NULL, NULL),
(349, 80, '2019-10-10', 'ឈ្នួលផ្ទះ B Heng(sale Manager)', NULL, '2020-02-05 10:17:00', '2020-02-05 10:17:00', 'Y', 2, 2, 5, 0, 1, 1, 1, 80, '2019-10-10', 0, 0, 0, ' ', 1, NULL, NULL),
(350, 0, '2019-10-10', 'ទិញអំពូលLED 2 គ្រាប់ Officeបុរី', NULL, '2020-02-05 10:17:00', '2020-02-05 10:17:00', 'Y', 2, 2, 5, 0, 1, 1, 0, 0, '2019-10-10', 2, 19000, 38000, ' ', 1, NULL, NULL),
(351, 20, '2019-10-10', 'បង់ពន្ធប្រចាំខែ09 នឹងសេវា', NULL, '2020-02-05 10:17:00', '2020-02-05 10:17:00', 'Y', 2, 2, 5, 0, 1, 1, 1, 20, '2019-10-10', 0, 0, 82000, ' ', 1, NULL, NULL),
(352, 20, '2019-10-11', 'បញ្ជាក់ប្លង់រឹងនៅពន្ធដា នឹងសេវាគ្រូកុសល់', NULL, '2020-02-05 10:17:00', '2020-02-05 10:17:00', 'Y', 2, 2, 5, 0, 1, 1, 1, 20, '2019-10-11', 0, 0, 155000, ' ', 1, NULL, NULL),
(353, 60, '2019-10-11', 'ទិញញ៉ូម24ដើម ធ្វើប៉ាណូ របងបុរី', NULL, '2020-02-05 10:17:00', '2020-02-05 10:17:00', 'Y', 2, 2, 5, 0, 1, 1, 1, 60, '2019-10-11', 0, 0, 0, ' ', 1, NULL, NULL),
(354, 321.4, '2019-10-11', 'ឈ្នួលធ្វើផ្លាកបុរី និងទិញសំភារះ', NULL, '2020-02-05 10:17:00', '2020-02-05 10:17:00', 'Y', 2, 2, 5, 0, 1, 1, 1, 321.4, '2019-10-11', 0, 0, 0, ' ', 1, NULL, NULL),
(355, 0, '2019-10-14', 'ជំនួយចៅវាយខណ្ឌ័(ជំនួយអ៊ុំទូក)', NULL, '2020-02-05 10:17:00', '2020-02-05 10:17:00', 'Y', 2, 2, 5, 0, 1, 1, 0, 0, '2019-10-14', 1, 800000, 800000, ' ', 1, NULL, NULL),
(356, 1486, '2019-10-14', 'ធ្វើ Name Card and T. Shirt', NULL, '2020-02-05 10:17:00', '2020-02-05 10:17:00', 'Y', 2, 2, 5, 0, 1, 1, 1, 1486, '2019-10-14', 0, 0, 0, ' ', 1, NULL, NULL),
(357, 83, '2019-10-16', 'ទិញហ្វាដាក់របងបុរី និង​ ឈ្នួល', NULL, '2020-02-05 10:17:00', '2020-02-05 10:17:00', 'Y', 2, 2, 5, 0, 1, 1, 1, 83, '2019-10-16', 1, 20000, 20000, ' ', 1, NULL, NULL),
(358, 150, '2019-10-17', 'អោយខណ្ឌ័ និង​សង្កាត់ដាំផ្លាកបុរី', NULL, '2020-02-05 10:17:00', '2020-02-05 10:17:00', 'Y', 2, 2, 5, 0, 1, 1, 1, 150, '2019-10-17', 0, 0, 0, ' ', 1, NULL, NULL),
(359, 0, '2019-10-17', 'ទិញសំភារះតភ្លើង', NULL, '2020-02-05 10:17:00', '2020-02-05 10:17:00', 'Y', 2, 2, 5, 0, 1, 1, 0, 0, '2019-10-17', 1, 37500, 37500, ' ', 1, NULL, NULL),
(360, 64, '2019-10-17', 'ទិញទឹកសុទ្ធ', NULL, '2020-02-05 10:17:00', '2020-02-05 10:17:00', 'Y', 2, 2, 5, 0, 1, 1, 1, 64, '2019-10-17', 5, 2500, 12500, ' ', 1, NULL, NULL),
(361, 30, '2019-10-24', 'ទិញអាគុយ2', NULL, '2020-02-05 10:17:00', '2020-02-05 10:17:00', 'Y', 2, 2, 5, 0, 1, 1, 2, 15, '2019-10-24', 0, 0, 0, ' ', 1, NULL, NULL),
(362, 190, '2019-10-24', 'ទិញដីទន្លេ 2ឡាន', NULL, '2020-02-05 10:17:00', '2020-02-05 10:17:00', 'Y', 2, 2, 5, 0, 1, 1, 2, 95, '2019-10-24', 0, 0, 0, ' ', 1, NULL, NULL),
(363, 100, '2019-10-29', 'បើកលុយអោយខាងសឺវេដី (សរុប500$)', NULL, '2020-02-05 10:17:00', '2020-02-05 10:17:00', 'Y', 2, 2, 5, 0, 1, 1, 1, 100, '2019-10-29', 0, 0, 0, ' ', 1, NULL, NULL),
(364, 100, '2019-10-29', 'ថ្លៃបាញ់ផ្លាកបុរី', NULL, '2020-02-05 10:17:00', '2020-02-05 10:17:00', 'Y', 2, 2, 5, 0, 1, 1, 1, 100, '2019-10-29', 0, 0, 0, ' ', 1, NULL, NULL),
(365, 60, '2019-10-29', 'ប្ដូរទឹកថ្នាំ ម៉ាស៊ីនព្រីន Black (HP Color saser jet)', NULL, '2020-02-05 10:17:00', '2020-02-05 10:17:00', 'Y', 2, 2, 5, 0, 1, 1, 1, 60, '2019-10-29', 0, 0, 0, ' ', 1, NULL, NULL),
(366, 37, '2019-10-29', 'ថ្លៃថ្មពុក1ឡាន', NULL, '2020-02-05 10:17:00', '2020-02-05 10:17:00', 'Y', 2, 2, 5, 0, 1, 1, 1, 37, '2019-10-29', 0, 0, 0, ' ', 1, NULL, NULL),
(367, 180, '2019-11-03', 'បាឡុង២០លីចាប់បង្គោលភ្លើងបុរី៦០គ្រាប់', NULL, '2020-02-05 10:17:00', '2020-02-05 10:17:00', 'Y', 2, 2, 5, 3, 1, 1, 60, 3, '2019-11-03', 0, 0, 0, '', 1, NULL, NULL),
(368, 5, '2019-11-03', 'ផ្លែស្វាន២០លី', NULL, '2020-02-05 10:17:00', '2020-02-05 10:17:00', 'Y', 2, 2, 5, 3, 1, 1, 1, 5, '2019-11-03', 0, 0, 0, '', 1, NULL, NULL),
(369, 20, '2019-11-05', 'តភ្លើងហ្វារបងបុរី', NULL, '2020-02-05 10:17:00', '2020-02-05 10:17:00', 'Y', 2, 2, 5, 0, 1, 1, 1, 20, '2019-11-05', 0, 0, 0, '', 1, NULL, NULL),
(370, 10, '2019-11-05', 'ស្ទូចដើមត្នោតចេញ', NULL, '2020-02-05 10:17:00', '2020-02-05 10:17:00', 'Y', 2, 2, 5, 0, 1, 1, 1, 10, '2019-11-05', 0, 0, 0, '', 1, NULL, NULL),
(371, 122, '2019-11-06', 'ដូរកង់ឡាននិងដូរខ្ចៅឡាន', NULL, '2020-02-05 10:17:00', '2020-02-05 10:17:00', 'Y', 2, 2, 5, 0, 1, 1, 1, 122, '2019-11-06', 0, 0, 0, '', 1, NULL, NULL),
(372, 382, '2019-11-06', 'Petty Cash Mr. Chea Chanheng​​ in Oct-19', NULL, '2020-02-05 10:17:00', '2020-02-05 10:17:00', 'Y', 2, 2, 5, 0, 1, 1, 1, 382, '2019-11-06', 0, 0, 0, '', 1, NULL, NULL),
(373, 100, '2019-11-06', 'Top up Phone number Staff(Nov.19)', NULL, '2020-02-05 10:17:00', '2020-02-05 10:17:00', 'Y', 2, 2, 5, 0, 1, 1, 1, 100, '2019-11-06', 0, 0, 0, '', 1, NULL, NULL),
(374, 0, '2019-11-07', 'ក្បាលប៊ូឡុងធ្វើបង្គោលភ្លើង', NULL, '2020-02-05 10:17:00', '2020-02-05 10:17:00', 'Y', 2, 2, 5, 3, 1, 1, 0, 0, '2019-11-07', 60, 2000, 120000, '', 1, NULL, NULL),
(375, 156, '2019-11-07', 'រៀបស៊ុមសួនច្បារ', NULL, '2020-02-05 10:17:00', '2020-02-05 10:17:00', 'Y', 2, 2, 5, 0, 1, 1, 1, 156, '2019-11-07', 0, 0, 0, '', 1, NULL, NULL),
(376, 25, '2019-11-07', 'ជញ្ជូនដី', NULL, '2020-02-05 10:17:00', '2020-02-05 10:17:00', 'Y', 2, 2, 5, 0, 1, 1, 1, 25, '2019-11-07', 0, 0, 0, '', 1, NULL, NULL),
(377, 150, '2019-11-07', 'ធ្វើបង្គោលភ្លើង', NULL, '2020-02-05 10:17:00', '2020-02-05 10:17:00', 'Y', 2, 2, 5, 0, 1, 1, 1, 150, '2019-11-07', 0, 0, 0, '', 1, NULL, NULL),
(378, 480, '2019-11-08', 'ថ្លៃ Party បុគ្គលិក(07.11.19)', NULL, '2020-02-05 10:17:00', '2020-02-05 10:17:00', 'Y', 2, 2, 5, 47, 1, 1, 1, 480, '2019-11-08', 0, 0, 0, '', 1, NULL, NULL),
(379, 110, '2019-11-08', 'ថ្លៃឈ្នួលផ្ទះខែ10.2019', NULL, '2020-02-05 10:17:00', '2020-02-05 10:17:00', 'Y', 2, 2, 5, 0, 1, 1, 1, 110, '2019-11-08', 0, 0, 0, '', 1, NULL, NULL),
(380, 385, '2019-11-14', 'ចំណាយសេវាមេធាវី 11ច្បាប់', NULL, '2020-02-05 10:17:00', '2020-02-05 10:17:00', 'Y', 2, 2, 5, 0, 1, 1, 11, 35, '2019-11-14', 0, 0, 0, '', 1, NULL, NULL),
(381, 30, '2019-11-14', 'លេប្លង់ដីក្បាល760', NULL, '2020-02-05 10:17:00', '2020-02-05 10:17:00', 'Y', 2, 2, 5, 0, 1, 1, 1, 30, '2019-11-14', 0, 0, 0, '', 1, NULL, NULL),
(382, 140, '2019-11-14', 'បង់ពន្ធ+ សេវា ប្រចាំខែ 10-2019', NULL, '2020-02-05 10:17:00', '2020-02-05 10:17:00', 'Y', 2, 2, 5, 0, 1, 1, 1, 140, '2019-11-14', 1, 81400, 81400, '', 1, NULL, NULL),
(383, 100, '2019-11-15', 'ប្រាក់លើកទឹកចិត្ត ជាង និង សុខុដុម', NULL, '2020-02-05 10:17:00', '2020-02-05 10:17:00', 'Y', 2, 2, 5, 0, 1, 1, 1, 100, '2019-11-15', 1, 170000, 170000, '', 1, NULL, NULL),
(384, 300, '2019-11-21', 'សឺវេដី ', NULL, '2020-02-05 10:17:00', '2020-02-05 10:17:00', 'Y', 2, 2, 5, 0, 1, 1, 1, 300, '2019-11-21', 0, 0, 0, '', 1, NULL, NULL),
(385, 245, '2019-12-03', 'ចំណាយសេវាមេធាវី 7ច្បាប់', NULL, '2020-02-05 10:17:00', '2020-02-05 10:17:00', 'Y', 2, 2, 5, 0, 1, 1, 7, 35, '2019-12-03', 0, 0, 0, '', 1, NULL, NULL),
(386, 140, '2019-12-03', 'បង់ពន្ធ+ សេវា ប្រចាំខែ 11-2019', NULL, '2020-02-05 10:17:00', '2020-02-05 10:17:00', 'Y', 2, 2, 5, 0, 1, 1, 1, 140, '2019-12-03', 1, 81200, 81200, '', 1, NULL, NULL),
(387, 50.75, '2019-12-04', 'ទិញសំភារះប្រើប្រាស់ក្នុងការិយាល័យ', NULL, '2020-02-05 10:17:00', '2020-02-05 10:17:00', 'Y', 2, 2, 5, 24, 1, 1, 1, 50.75, '2019-12-04', 0, 0, 0, '', 1, NULL, NULL),
(388, 110, '2019-12-04', 'ឈ្មួលផ្ទះ បង​ ជា ចាន់ ហេង​ប្រចាំខែ វិច្ឆិកា-2019', NULL, '2020-02-05 10:17:00', '2020-02-05 10:17:00', 'Y', 2, 2, 5, 0, 1, 1, 1, 110, '2019-12-04', 0, 0, 0, '', 1, NULL, NULL),
(389, 100, '2019-12-04', 'Top up Phone number Staff(Dec.19)', NULL, '2020-02-05 10:17:00', '2020-02-05 10:17:00', 'Y', 2, 2, 5, 0, 1, 1, 1, 100, '2019-12-04', 0, 0, 0, '', 1, NULL, NULL),
(390, 332.88, '2019-12-04', 'Petty Cash Mr. Chea Chanheng​​ in November-2019', NULL, '2020-02-05 10:17:00', '2020-02-05 10:17:00', 'Y', 2, 2, 5, 0, 1, 1, 1, 332.88, '2019-12-04', 0, 0, 0, '', 1, NULL, NULL),
(391, 2250, '2019-12-12', 'ផ្សព្វផ្សាយ32', NULL, '2020-02-05 10:17:00', '2020-02-05 10:17:00', 'Y', 2, 2, 5, 32, 1, 1, 1, 2250, '2019-12-12', 0, 0, 0, '', 1, NULL, NULL),
(392, 100, '2019-12-12', 'ជុសជុលម៉ាស៊ីនត្រជាក់', NULL, '2020-02-05 10:17:00', '2020-02-05 10:17:00', 'Y', 2, 2, 5, 0, 1, 1, 1, 100, '2019-12-12', 0, 0, 0, '', 1, NULL, NULL),
(393, 0, '2019-12-14', 'ចូលបុណ្យនៅខណ្ឌ', NULL, '2020-02-05 10:17:00', '2020-02-05 10:17:00', 'Y', 2, 2, 5, 0, 1, 1, 0, 0, '2019-12-14', 1, 400000, 400000, '', 1, NULL, NULL),
(394, 400, '2019-12-23', 'ជូនទៅខាងក្រសួង(ដែនដី)', NULL, '2020-02-05 10:17:00', '2020-02-05 10:17:00', 'Y', 2, 2, 5, 0, 1, 1, 1, 400, '2019-12-23', 0, 0, 0, '', 1, NULL, NULL),
(395, 2200, '2019-12-23', 'Marketing on Page Realestate .Com.kh', NULL, '2020-02-05 10:17:00', '2020-02-05 10:17:00', 'Y', 2, 2, 5, 0, 1, 1, 1, 2200, '2019-12-23', 0, 0, 0, '', 1, NULL, NULL),
(396, 500, '2019-12-24', 'ធ្វើ System (Fianalpayment)', NULL, '2020-02-05 10:17:00', '2020-02-05 10:17:00', 'Y', 2, 2, 5, 0, 1, 1, 1, 500, '2019-12-24', 0, 0, 0, '', 1, NULL, NULL),
(397, 56, '2019-12-24', 'កាត់វាំងនន ដាក់Office', NULL, '2020-02-05 10:17:00', '2020-02-05 10:17:00', 'Y', 2, 2, 5, 0, 1, 1, 1, 56, '2019-12-24', 0, 0, 0, '', 1, NULL, NULL),
(398, 66.5, '2019-12-27', 'ទិញបាឡុងធ្វើបង្គោលភ្លើង', NULL, '2020-02-05 10:17:00', '2020-02-05 10:17:00', 'Y', 2, 2, 5, 0, 1, 1, 1, 66.5, '2019-12-27', 0, 0, 0, '', 1, NULL, NULL),
(399, 616, '2019-12-27', 'ថ្លៃចាក់ដីថែម (សួនច្បារ)', NULL, '2020-02-05 10:17:00', '2020-02-05 10:17:00', 'Y', 2, 2, 5, 0, 1, 1, 1, 616, '2019-12-27', 0, 0, 0, '', 1, NULL, NULL),
(400, 654, '2019-12-28', 'ទិញ Speaker and TV', NULL, '2020-02-05 10:17:00', '2020-02-05 10:17:00', 'Y', 2, 2, 5, 0, 1, 1, 1, 654, '2019-12-28', 0, 0, 0, '', 1, NULL, NULL),
(401, 100, '2019-12-29', 'ឲ្យខាងអ្នកវា់សដីបុរី', NULL, '2020-02-05 10:17:00', '2020-02-05 10:17:00', 'Y', 2, 2, 5, 0, 1, 1, 1, 100, '2019-12-29', 0, 0, 0, '', 1, NULL, NULL),
(402, 123.25, '2019-12-30', 'ទិញ បង្គោលដាក់ព្រំដី+ឈ្នួល', NULL, '2020-02-05 10:17:00', '2020-02-05 10:17:00', 'Y', 2, 2, 5, 0, 1, 1, 1, 123.25, '2019-12-30', 0, 0, 0, '', 1, NULL, NULL),
(403, 280, '2019-12-30', 'សេវាមេធាវី8ច្បាប់', NULL, '2020-02-05 10:17:00', '2020-02-05 10:17:00', 'Y', 2, 2, 5, 0, 1, 1, 8, 35, '2019-12-30', 0, 0, 0, '', 1, NULL, NULL),
(404, 340, '2019-12-30', 'Staffs Party on 30-12-2019', NULL, '2020-02-05 10:17:00', '2020-02-05 10:17:00', 'Y', 2, 2, 5, 0, 1, 1, 1, 340, '2019-12-30', 0, 0, 0, '', 1, NULL, NULL),
(405, 0, '2019-12-30', 'ទិញកាវ បិទធុងទឹក', NULL, '2020-02-05 10:17:00', '2020-02-05 10:17:00', 'Y', 2, 2, 5, 0, 1, 1, 0, 0, '2019-12-30', 1, 6000, 6000, '', 1, NULL, NULL),
(406, 0, '2020-01-03', 'បង់ពន្ធអចលទ្រព្យ', NULL, '2020-02-05 10:17:00', '2020-02-05 10:17:00', 'Y', 2, 2, 5, 0, 1, 1, 0, 0, '2020-01-03', 1, 531500, 531500, '', 1, NULL, NULL),
(407, 0, '2020-01-03', 'ថ្លៃសេវ៉ា', NULL, '2020-02-05 10:17:00', '2020-02-05 10:17:00', 'Y', 2, 2, 5, 0, 1, 1, 0, 0, '2020-01-03', 1, 300000, 300000, '', 1, NULL, NULL),
(408, 140, '2020-01-03', 'បង់ពន្ធប្រចាំខែ​និង សេវ៉ា', NULL, '2020-02-05 10:17:00', '2020-02-05 10:17:00', 'Y', 2, 2, 5, 0, 1, 1, 1, 140, '2020-01-03', 1, 81300, 81300, '', 1, NULL, NULL),
(409, 90, '2020-01-03', 'Top Up Phone in January-2020', NULL, '2020-02-05 10:17:00', '2020-02-05 10:17:00', 'Y', 2, 2, 5, 0, 1, 1, 1, 90, '2020-01-03', 0, 0, 0, '', 1, NULL, NULL),
(410, 38.25, '2020-01-03', 'ទិញសំភារះ សំរាប់ដាក់Boost មុខផ្សារស្ទឹងមានជ័យ', NULL, '2020-02-05 10:17:00', '2020-02-05 10:17:00', 'Y', 2, 2, 5, 0, 1, 1, 1, 38.25, '2020-01-03', 0, 0, 0, '', 1, NULL, NULL),
(411, 300, '2020-01-03', 'ដាក់ស្តង់មុខផ្សារស្ទឹងមានជ័យថ្មី​03ថ្ងៃ', NULL, '2020-02-05 10:17:00', '2020-02-05 10:17:00', 'Y', 2, 2, 5, 0, 1, 1, 3, 100, '2020-01-03', 0, 0, 0, '', 1, NULL, NULL),
(412, 0, '2020-01-03', 'ទិញបង្គោលព្រំដីបន្ថែម', NULL, '2020-02-05 10:17:00', '2020-02-05 10:17:00', 'Y', 2, 2, 5, 0, 1, 1, 0, 0, '2020-01-03', 1, 116000, 116000, '', 1, NULL, NULL),
(413, 50, '2020-01-03', 'អោយខាង Surveyដី', NULL, '2020-02-05 10:17:00', '2020-02-05 10:17:00', 'Y', 2, 2, 5, 0, 1, 1, 1, 50, '2020-01-03', 0, 0, 0, '', 1, NULL, NULL),
(414, 100, '2020-01-03', 'ផ្សព្វផ្សាយPage Fresh News (PR)', NULL, '2020-02-05 10:17:00', '2020-02-05 10:17:00', 'Y', 2, 2, 5, 0, 1, 1, 1, 100, '2020-01-03', 0, 0, 0, '', 1, NULL, NULL),
(415, 220, '2020-01-03', 'ផ្សព្វផ្សាយPage Sabay Digital', NULL, '2020-02-05 10:17:00', '2020-02-05 10:17:00', 'Y', 2, 2, 5, 0, 1, 1, 1, 220, '2020-01-03', 0, 0, 0, '', 1, NULL, NULL),
(416, 370.15, '2020-01-03', 'Petty Cash in December-2019', NULL, '2020-02-05 10:17:00', '2020-02-05 10:17:00', 'Y', 2, 2, 5, 0, 1, 1, 1, 370.15, '2020-01-03', 0, 0, 0, '', 1, NULL, NULL),
(417, 50000, '2020-02-06', 'អោយខាងសាងសង់', '', '2020-02-20 14:47:31', NULL, 'Y', 4, 0, 5, 54, 1, 1, 1, 50000, '2020-01-05', 0, 0, 0, 'N/A', 1, 5, 'N/A'),
(418, 4480, '2020-01-15', 'ទិញម៉ូតូ', '', '2020-02-20 14:51:38', NULL, 'Y', 4, 0, 5, 55, 1, 1, 2, 2240, '2020-01-15', 0, 0, 0, '', 1, 5, ''),
(419, 500, '2020-01-15', 'Petty Cash', '', '2020-02-20 14:53:35', NULL, 'Y', 4, 0, 5, 56, 1, 1, 1, 500, '2020-01-15', 0, 0, 0, '', 1, 5, ''),
(420, 150000, '2020-01-15', 'អោយខាងសាងសង់', '', '2020-02-20 14:54:23', NULL, 'Y', 4, 0, 5, 54, 1, 1, 1, 150000, '2020-01-15', 0, 0, 0, '', 1, 5, ''),
(421, 81094, '2020-01-15', 'Clear ចំណាយហ៊ាតុង', '', '2020-02-20 14:55:48', NULL, 'Y', 4, 0, 5, 57, 1, 1, 1, 81094, '2020-01-15', 0, 0, 0, '', 1, 5, ''),
(422, 10, '2019-03-19', 'ទិញប្រេងម៉ាស៊ូត', '', '2020-02-21 15:43:08', NULL, 'Y', 3, 0, 5, 0, 1, 1, 10, 1, '2019-03-19', 0, 0, 0, '', 1, 0, ''),
(423, 25, '2019-03-18', 'ឈ្នួលដាក់ទុយយោ', '', '2020-02-21 15:44:42', NULL, 'Y', 3, 0, 5, 0, 1, 1, 1, 25, '2019-03-18', 0, 0, 0, '', 1, 0, ''),
(424, 50000, '2020-01-06', 'ចំណាយអោយខាងសាងសង់', '', '2020-02-25 14:56:40', NULL, 'Y', 3, 0, 5, 54, 1, 1, 1, 50000, '2020-01-06', 0, 0, 0, '', 1, 5, 'Cheque'),
(425, 440, '2020-01-15', 'ប្រាក់ខែ ជា ចាន់ហេង', '', '2020-02-25 15:02:29', NULL, 'Y', 3, 0, 5, 0, 1, 1, 1, 440, '2020-01-12', 0, 0, 0, '', 1, 5, 'Working(01-12days)'),
(426, 100, '2020-01-15', 'ប្រាក់ខែ ជា ចាន់ស្រីនាង', '', '2020-02-25 15:03:49', NULL, 'Y', 3, 0, 5, 0, 1, 1, 1, 100, '2020-01-12', 0, 0, 0, '', 1, 5, 'Working(01-12days)'),
(427, 9400, '2020-01-20', 'Commission Expense', '', '2020-02-25 15:05:52', NULL, 'Y', 3, 0, 5, 0, 1, 1, 1, 9400, '2020-01-20', 0, 0, 0, '', 1, 5, '10 Houses'),
(428, 800, '2020-02-05', 'បង់ពន្ធប៉ាតង់ឆ្នាំ2020 និងសេវា', '', '2020-02-26 14:57:40', NULL, 'Y', 3, 0, 5, 52, 1, 1, 1, 800, '2020-02-05', 0, 0, 0, '', 1, 0, ''),
(429, 1600, '2020-02-14', 'ធានារ៉ាប់រង និងសេវ៉ា', '', '2020-02-26 15:18:06', NULL, 'Y', 3, 0, 5, 58, 1, 1, 1, 1600, '2020-02-14', 0, 0, 0, '001142', 1, 5, '(1500$ ,Service100$)'),
(430, 2200, '2020-02-26', 'Digital Marketing', '', '2020-02-26 15:22:37', NULL, 'Y', 3, 0, 5, 59, 1, 1, 1, 2200, '2020-02-26', 0, 0, 0, '2000051', 1, 5, ''),
(431, 255, '2020-02-17', 'ជប់លៀងបុគ្គលិក', '', '2020-02-26 15:24:33', NULL, 'Y', 3, 0, 5, 60, 1, 1, 1, 255, '2020-02-17', 0, 0, 0, '00021118', 1, 5, '');

-- --------------------------------------------------------

--
-- Table structure for table `tbl_installment`
--

DROP TABLE IF EXISTS `tbl_installment`;
CREATE TABLE IF NOT EXISTS `tbl_installment` (
  `inst_id` int(11) NOT NULL AUTO_INCREMENT,
  `inst_loan_amount` double DEFAULT NULL,
  `inst_interest_rate` double DEFAULT NULL,
  `inst_period_month` int(11) DEFAULT NULL,
  `inst_first_installment_date` date DEFAULT NULL,
  `inst_date` date DEFAULT NULL,
  `inst_num` int(11) DEFAULT NULL,
  `inst_amt_pay` double DEFAULT NULL,
  `inst_amt_principle` double DEFAULT NULL,
  `inst_amt_interest` double DEFAULT NULL,
  `inst_amt_balance` double DEFAULT NULL,
  `inst_amt_penalty` double DEFAULT NULL,
  `inst_cancel_yn` varchar(1) DEFAULT NULL,
  `sell_id` int(11) DEFAULT NULL,
  `regDt` datetime DEFAULT NULL,
  `upDt` datetime DEFAULT NULL,
  `useYn` varchar(1) DEFAULT NULL,
  `regUsr` int(11) DEFAULT NULL,
  `upUsr` int(11) DEFAULT NULL,
  `com_id` int(11) DEFAULT NULL,
  `inst_type` varchar(5) DEFAULT NULL,
  `inst_pay_per` double DEFAULT NULL,
  `inst_dis_amt` double DEFAULT NULL,
  `inst_dis_per` double DEFAULT NULL,
  `inst_loan_amount_per` double DEFAULT NULL,
  `inst_paid_yn` varchar(1) DEFAULT NULL,
  PRIMARY KEY (`inst_id`)
) ENGINE=MyISAM AUTO_INCREMENT=1392 DEFAULT CHARSET=utf8;

--
-- Dumping data for table `tbl_installment`
--

INSERT INTO `tbl_installment` (`inst_id`, `inst_loan_amount`, `inst_interest_rate`, `inst_period_month`, `inst_first_installment_date`, `inst_date`, `inst_num`, `inst_amt_pay`, `inst_amt_principle`, `inst_amt_interest`, `inst_amt_balance`, `inst_amt_penalty`, `inst_cancel_yn`, `sell_id`, `regDt`, `upDt`, `useYn`, `regUsr`, `upUsr`, `com_id`, `inst_type`, `inst_pay_per`, `inst_dis_amt`, `inst_dis_per`, `inst_loan_amount_per`, `inst_paid_yn`) VALUES
(1, 2000, 0, 1, '2019-09-01', '2019-07-31', 1, 2000, 2000, 0, 157000, NULL, NULL, 1, '2019-10-22 16:38:03', NULL, 'Y', 2, NULL, 1, 'BOOK', 0, 0, 0, NULL, 'Y'),
(2, 47700, 0, 3, '2019-09-01', '2019-08-06', 2, 13900, 13900, 0, 143100, NULL, NULL, 1, '2019-10-22 16:38:04', '2019-10-28 15:18:08', 'Y', 2, 3, 1, 'ADV', 10, 0, 0, NULL, 'Y'),
(3, 47700, 0, 3, '2019-09-01', '2019-09-01', 3, 15900, 15900, 0, 127200, NULL, NULL, 1, '2019-10-22 16:38:04', '2019-10-28 15:18:58', 'Y', 2, 3, 1, 'ADV', 10, 0, 0, NULL, 'Y'),
(4, 47700, 0, 3, '2019-09-01', '2019-10-01', 4, 15900, 15900, 0, 111300, NULL, NULL, 1, '2019-10-22 16:38:04', '2019-10-28 15:19:28', 'Y', 2, 3, 1, 'ADV', 10, 0, 0, NULL, 'Y'),
(5, 111300, 0, 15, '2019-09-01', '2019-11-01', 5, 7420, 7420, 0, 103880, NULL, NULL, 1, '2019-10-22 16:38:04', '2019-12-17 15:07:45', 'Y', 2, 3, 1, 'LOAN', 0, 0, 0, NULL, 'Y'),
(6, 111300, 0, 15, '2019-09-01', '2019-12-01', 6, 7420, 7420, 0, 96460, NULL, NULL, 1, '2019-10-22 16:38:04', '2019-12-17 15:15:39', 'Y', 2, 3, 1, 'LOAN', 0, 0, 0, NULL, 'Y'),
(7, 111300, 0, 15, '2019-09-01', '2020-01-01', 7, 7420, 7420, 0, 89040, NULL, NULL, 1, '2019-10-22 16:38:04', '2020-01-08 16:59:16', 'Y', 2, 3, 1, 'LOAN', 0, 0, 0, NULL, 'Y'),
(8, 111300, 0, 15, '2019-09-01', '2020-02-01', 8, 7420, 7420, 0, 81620, NULL, NULL, 1, '2019-10-22 16:38:04', '2020-02-04 15:18:22', 'Y', 2, 3, 1, 'LOAN', 0, 0, 0, NULL, 'Y'),
(9, 111300, 0, 15, '2019-09-01', '2020-03-01', 9, 7420, 7420, 0, 74200, NULL, NULL, 1, '2019-10-22 16:38:04', NULL, 'Y', 2, NULL, 1, 'LOAN', 0, 0, 0, NULL, 'N'),
(10, 111300, 0, 15, '2019-09-01', '2020-04-01', 10, 7420, 7420, 0, 66780, NULL, NULL, 1, '2019-10-22 16:38:04', NULL, 'Y', 2, NULL, 1, 'LOAN', 0, 0, 0, NULL, 'N'),
(11, 111300, 0, 15, '2019-09-01', '2020-05-01', 11, 7420, 7420, 0, 59360, NULL, NULL, 1, '2019-10-22 16:38:04', NULL, 'Y', 2, NULL, 1, 'LOAN', 0, 0, 0, NULL, 'N'),
(12, 111300, 0, 15, '2019-09-01', '2020-06-01', 12, 7420, 7420, 0, 51940, NULL, NULL, 1, '2019-10-22 16:38:04', NULL, 'Y', 2, NULL, 1, 'LOAN', 0, 0, 0, NULL, 'N'),
(13, 111300, 0, 15, '2019-09-01', '2020-07-01', 13, 7420, 7420, 0, 44520, NULL, NULL, 1, '2019-10-22 16:38:04', NULL, 'Y', 2, NULL, 1, 'LOAN', 0, 0, 0, NULL, 'N'),
(14, 111300, 0, 15, '2019-09-01', '2020-08-01', 14, 7420, 7420, 0, 37100, NULL, NULL, 1, '2019-10-22 16:38:04', NULL, 'Y', 2, NULL, 1, 'LOAN', 0, 0, 0, NULL, 'N'),
(15, 111300, 0, 15, '2019-09-01', '2020-09-01', 15, 7420, 7420, 0, 29680, NULL, NULL, 1, '2019-10-22 16:38:04', NULL, 'Y', 2, NULL, 1, 'LOAN', 0, 0, 0, NULL, 'N'),
(16, 111300, 0, 15, '2019-09-01', '2020-10-01', 16, 7420, 7420, 0, 22260, NULL, NULL, 1, '2019-10-22 16:38:04', NULL, 'Y', 2, NULL, 1, 'LOAN', 0, 0, 0, NULL, 'N'),
(17, 111300, 0, 15, '2019-09-01', '2020-11-01', 17, 7420, 7420, 0, 14840, NULL, NULL, 1, '2019-10-22 16:38:04', NULL, 'Y', 2, NULL, 1, 'LOAN', 0, 0, 0, NULL, 'N'),
(18, 111300, 0, 15, '2019-09-01', '2020-12-01', 18, 7420, 7420, 0, 7420, NULL, NULL, 1, '2019-10-22 16:38:04', NULL, 'Y', 2, NULL, 1, 'LOAN', 0, 0, 0, NULL, 'N'),
(19, 111300, 0, 15, '2019-09-01', '2021-01-01', 19, 7420, 7420, 0, 0, NULL, NULL, 1, '2019-10-22 16:38:04', NULL, 'Y', 2, NULL, 1, 'LOAN', 0, 0, 0, NULL, 'N'),
(20, 29700, 0, 1, '2019-08-01', '2019-06-17', 1, 29106, 29106, 0, 69300, NULL, NULL, 2, '2019-10-23 14:21:16', '2019-10-23 14:41:10', 'Y', 3, 3, 1, 'ADV', 30, 594, 2, NULL, 'Y'),
(21, 69300, 0, 18, '2019-08-01', '2019-08-01', 2, 3850, 3850, 0, 65450, NULL, NULL, 2, '2019-10-23 14:21:16', '2019-10-23 14:48:56', 'Y', 3, 3, 1, 'LOAN', 0, 0, 0, NULL, 'Y'),
(22, 69300, 0, 18, '2019-08-01', '2019-09-01', 3, 3850, 3850, 0, 61600, NULL, NULL, 2, '2019-10-23 14:21:16', '2019-10-23 14:50:31', 'Y', 3, 3, 1, 'LOAN', 0, 0, 0, NULL, 'Y'),
(23, 69300, 0, 18, '2019-08-01', '2019-10-01', 4, 3850, 3850, 0, 57750, NULL, NULL, 2, '2019-10-23 14:21:16', '2019-10-23 14:51:26', 'Y', 3, 3, 1, 'LOAN', 0, 0, 0, NULL, 'Y'),
(24, 69300, 0, 18, '2019-08-01', '2019-11-01', 5, 3850, 3850, 0, 53900, NULL, NULL, 2, '2019-10-23 14:21:16', '2019-11-02 11:10:42', 'Y', 3, 3, 1, 'LOAN', 0, 0, 0, NULL, 'Y'),
(25, 69300, 0, 18, '2019-08-01', '2019-12-01', 6, 3850, 3850, 0, 50050, NULL, NULL, 2, '2019-10-23 14:21:16', '2019-12-03 09:26:33', 'Y', 3, 3, 1, 'LOAN', 0, 0, 0, NULL, 'Y'),
(26, 69300, 0, 18, '2019-08-01', '2020-01-01', 7, 3850, 3850, 0, 46200, NULL, NULL, 2, '2019-10-23 14:21:16', '2020-01-04 09:01:46', 'Y', 3, 3, 1, 'LOAN', 0, 0, 0, NULL, 'Y'),
(27, 69300, 0, 18, '2019-08-01', '2020-02-01', 8, 3850, 3850, 0, 42350, NULL, NULL, 2, '2019-10-23 14:21:16', '2020-02-08 15:03:00', 'Y', 3, 3, 1, 'LOAN', 0, 0, 0, NULL, 'Y'),
(28, 69300, 0, 18, '2019-08-01', '2020-03-01', 9, 3850, 3850, 0, 38500, NULL, NULL, 2, '2019-10-23 14:21:16', NULL, 'Y', 3, NULL, 1, 'LOAN', 0, 0, 0, NULL, 'N'),
(29, 69300, 0, 18, '2019-08-01', '2020-04-01', 10, 3850, 3850, 0, 34650, NULL, NULL, 2, '2019-10-23 14:21:16', NULL, 'Y', 3, NULL, 1, 'LOAN', 0, 0, 0, NULL, 'N'),
(30, 69300, 0, 18, '2019-08-01', '2020-05-01', 11, 3850, 3850, 0, 30800, NULL, NULL, 2, '2019-10-23 14:21:16', NULL, 'Y', 3, NULL, 1, 'LOAN', 0, 0, 0, NULL, 'N'),
(31, 69300, 0, 18, '2019-08-01', '2020-06-01', 12, 3850, 3850, 0, 26950, NULL, NULL, 2, '2019-10-23 14:21:16', NULL, 'Y', 3, NULL, 1, 'LOAN', 0, 0, 0, NULL, 'N'),
(32, 69300, 0, 18, '2019-08-01', '2020-07-01', 13, 3850, 3850, 0, 23100, NULL, NULL, 2, '2019-10-23 14:21:16', NULL, 'Y', 3, NULL, 1, 'LOAN', 0, 0, 0, NULL, 'N'),
(33, 69300, 0, 18, '2019-08-01', '2020-08-01', 14, 3850, 3850, 0, 19250, NULL, NULL, 2, '2019-10-23 14:21:16', NULL, 'Y', 3, NULL, 1, 'LOAN', 0, 0, 0, NULL, 'N'),
(34, 69300, 0, 18, '2019-08-01', '2020-09-01', 15, 3850, 3850, 0, 15400, NULL, NULL, 2, '2019-10-23 14:21:16', NULL, 'Y', 3, NULL, 1, 'LOAN', 0, 0, 0, NULL, 'N'),
(35, 69300, 0, 18, '2019-08-01', '2020-10-01', 16, 3850, 3850, 0, 11550, NULL, NULL, 2, '2019-10-23 14:21:16', NULL, 'Y', 3, NULL, 1, 'LOAN', 0, 0, 0, NULL, 'N'),
(36, 69300, 0, 18, '2019-08-01', '2020-11-01', 17, 3850, 3850, 0, 7700, NULL, NULL, 2, '2019-10-23 14:21:16', NULL, 'Y', 3, NULL, 1, 'LOAN', 0, 0, 0, NULL, 'N'),
(37, 69300, 0, 18, '2019-08-01', '2020-12-01', 18, 3850, 3850, 0, 3850, NULL, NULL, 2, '2019-10-23 14:21:16', NULL, 'Y', 3, NULL, 1, 'LOAN', 0, 0, 0, NULL, 'N'),
(38, 69300, 0, 18, '2019-08-01', '2021-01-01', 19, 3850, 3850, 0, 0, NULL, NULL, 2, '2019-10-23 14:21:16', NULL, 'Y', 3, NULL, 1, 'LOAN', 0, 0, 0, NULL, 'N'),
(39, 29700, 0, 3, '2019-08-01', '2019-06-17', 1, 9900, 9900, 0, 89100, NULL, NULL, 3, '2019-10-23 14:58:37', '2019-10-23 15:02:51', 'Y', 3, 3, 1, 'ADV', 10, 0, 0, NULL, 'Y'),
(40, 29700, 0, 3, '2019-08-01', '2019-08-01', 2, 9900, 9900, 0, 79200, NULL, NULL, 3, '2019-10-23 14:58:37', '2019-10-23 15:05:28', 'Y', 3, 3, 1, 'ADV', 10, 0, 0, NULL, 'Y'),
(41, 29700, 0, 3, '2019-08-01', '2019-09-01', 3, 9900, 9900, 0, 69300, NULL, NULL, 3, '2019-10-23 14:58:37', '2019-10-23 15:06:18', 'Y', 3, 3, 1, 'ADV', 10, 0, 0, NULL, 'Y'),
(42, 69300, 0, 18, '2019-08-01', '2019-10-01', 4, 3850, 3850, 0, 65450, NULL, NULL, 3, '2019-10-23 14:58:37', '2019-10-23 15:07:10', 'Y', 3, 3, 1, 'LOAN', 0, 0, 0, NULL, 'Y'),
(43, 69300, 0, 18, '2019-08-01', '2019-11-01', 5, 3850, 3850, 0, 61600, NULL, NULL, 3, '2019-10-23 14:58:37', '2019-11-01 12:49:41', 'Y', 3, 3, 1, 'LOAN', 0, 0, 0, NULL, 'Y'),
(44, 69300, 0, 18, '2019-08-01', '2019-12-01', 6, 3850, 3850, 0, 57750, NULL, NULL, 3, '2019-10-23 14:58:37', '2019-12-02 12:29:44', 'Y', 3, 3, 1, 'LOAN', 0, 0, 0, NULL, 'Y'),
(45, 69300, 0, 18, '2019-08-01', '2020-01-01', 7, 3850, 3850, 0, 53900, NULL, NULL, 3, '2019-10-23 14:58:37', '2020-01-03 14:46:08', 'Y', 3, 3, 1, 'LOAN', 0, 0, 0, NULL, 'Y'),
(46, 69300, 0, 18, '2019-08-01', '2020-02-01', 8, 3850, 3850, 0, 50050, NULL, NULL, 3, '2019-10-23 14:58:37', '2020-02-04 10:38:41', 'Y', 3, 3, 1, 'LOAN', 0, 0, 0, NULL, 'Y'),
(47, 69300, 0, 18, '2019-08-01', '2020-03-01', 9, 3850, 3850, 0, 46200, NULL, NULL, 3, '2019-10-23 14:58:37', NULL, 'Y', 3, NULL, 1, 'LOAN', 0, 0, 0, NULL, 'N'),
(48, 69300, 0, 18, '2019-08-01', '2020-04-01', 10, 3850, 3850, 0, 42350, NULL, NULL, 3, '2019-10-23 14:58:37', NULL, 'Y', 3, NULL, 1, 'LOAN', 0, 0, 0, NULL, 'N'),
(49, 69300, 0, 18, '2019-08-01', '2020-05-01', 11, 3850, 3850, 0, 38500, NULL, NULL, 3, '2019-10-23 14:58:37', NULL, 'Y', 3, NULL, 1, 'LOAN', 0, 0, 0, NULL, 'N'),
(50, 69300, 0, 18, '2019-08-01', '2020-06-01', 12, 3850, 3850, 0, 34650, NULL, NULL, 3, '2019-10-23 14:58:37', NULL, 'Y', 3, NULL, 1, 'LOAN', 0, 0, 0, NULL, 'N'),
(51, 69300, 0, 18, '2019-08-01', '2020-07-01', 13, 3850, 3850, 0, 30800, NULL, NULL, 3, '2019-10-23 14:58:37', NULL, 'Y', 3, NULL, 1, 'LOAN', 0, 0, 0, NULL, 'N'),
(52, 69300, 0, 18, '2019-08-01', '2020-08-01', 14, 3850, 3850, 0, 26950, NULL, NULL, 3, '2019-10-23 14:58:37', NULL, 'Y', 3, NULL, 1, 'LOAN', 0, 0, 0, NULL, 'N'),
(53, 69300, 0, 18, '2019-08-01', '2020-09-01', 15, 3850, 3850, 0, 23100, NULL, NULL, 3, '2019-10-23 14:58:37', NULL, 'Y', 3, NULL, 1, 'LOAN', 0, 0, 0, NULL, 'N'),
(54, 69300, 0, 18, '2019-08-01', '2020-10-01', 16, 3850, 3850, 0, 19250, NULL, NULL, 3, '2019-10-23 14:58:37', NULL, 'Y', 3, NULL, 1, 'LOAN', 0, 0, 0, NULL, 'N'),
(55, 69300, 0, 18, '2019-08-01', '2020-11-01', 17, 3850, 3850, 0, 15400, NULL, NULL, 3, '2019-10-23 14:58:37', NULL, 'Y', 3, NULL, 1, 'LOAN', 0, 0, 0, NULL, 'N'),
(56, 69300, 0, 18, '2019-08-01', '2020-12-01', 18, 3850, 3850, 0, 11550, NULL, NULL, 3, '2019-10-23 14:58:37', NULL, 'Y', 3, NULL, 1, 'LOAN', 0, 0, 0, NULL, 'N'),
(57, 69300, 0, 18, '2019-08-01', '2021-01-01', 19, 3850, 3850, 0, 7700, NULL, NULL, 3, '2019-10-23 14:58:37', NULL, 'Y', 3, NULL, 1, 'LOAN', 0, 0, 0, NULL, 'N'),
(58, 69300, 0, 18, '2019-08-01', '2021-02-01', 20, 3850, 3850, 0, 3850, NULL, NULL, 3, '2019-10-23 14:58:37', NULL, 'Y', 3, NULL, 1, 'LOAN', 0, 0, 0, NULL, 'N'),
(59, 69300, 0, 18, '2019-08-01', '2021-03-01', 21, 3850, 3850, 0, 0, NULL, NULL, 3, '2019-10-23 14:58:37', NULL, 'Y', 3, NULL, 1, 'LOAN', 0, 0, 0, NULL, 'N'),
(60, 29700, 0, 3, '2019-08-01', '2019-06-17', 1, 9900, 9900, 0, 89100, NULL, NULL, 4, '2019-10-23 15:14:18', '2019-10-23 15:20:44', 'Y', 3, 3, 1, 'ADV', 10, 0, 0, NULL, 'Y'),
(61, 29700, 0, 3, '2019-08-01', '2019-08-01', 2, 9900, 9900, 0, 79200, NULL, NULL, 4, '2019-10-23 15:14:18', '2019-10-23 15:21:43', 'Y', 3, 3, 1, 'ADV', 10, 0, 0, NULL, 'Y'),
(62, 29700, 0, 3, '2019-08-01', '2019-09-01', 3, 9900, 9900, 0, 69300, NULL, NULL, 4, '2019-10-23 15:14:18', '2019-10-23 15:22:36', 'Y', 3, 3, 1, 'ADV', 10, 0, 0, NULL, 'Y'),
(63, 69300, 0, 18, '2019-08-01', '2019-10-01', 4, 3850, 3850, 0, 65450, NULL, NULL, 4, '2019-10-23 15:14:18', '2019-10-23 15:23:32', 'Y', 3, 3, 1, 'LOAN', 0, 0, 0, NULL, 'Y'),
(64, 69300, 0, 18, '2019-08-01', '2019-11-01', 5, 3850, 3850, 0, 61600, NULL, NULL, 4, '2019-10-23 15:14:18', '2019-11-02 11:24:36', 'Y', 3, 3, 1, 'LOAN', 0, 0, 0, NULL, 'Y'),
(65, 69300, 0, 18, '2019-08-01', '2019-12-01', 6, 3850, 3850, 0, 57750, NULL, NULL, 4, '2019-10-23 15:14:18', '2019-12-03 09:20:37', 'Y', 3, 3, 1, 'LOAN', 0, 0, 0, NULL, 'Y'),
(66, 69300, 0, 18, '2019-08-01', '2020-01-01', 7, 3850, 3850, 0, 53900, NULL, NULL, 4, '2019-10-23 15:14:18', '2020-01-04 09:00:54', 'Y', 3, 3, 1, 'LOAN', 0, 0, 0, NULL, 'Y'),
(67, 69300, 0, 18, '2019-08-01', '2020-02-01', 8, 3850, 3850, 0, 50050, NULL, NULL, 4, '2019-10-23 15:14:18', '2020-02-08 15:04:42', 'Y', 3, 3, 1, 'LOAN', 0, 0, 0, NULL, 'Y'),
(68, 69300, 0, 18, '2019-08-01', '2020-03-01', 9, 3850, 3850, 0, 46200, NULL, NULL, 4, '2019-10-23 15:14:18', NULL, 'Y', 3, NULL, 1, 'LOAN', 0, 0, 0, NULL, 'N'),
(69, 69300, 0, 18, '2019-08-01', '2020-04-01', 10, 3850, 3850, 0, 42350, NULL, NULL, 4, '2019-10-23 15:14:18', NULL, 'Y', 3, NULL, 1, 'LOAN', 0, 0, 0, NULL, 'N'),
(70, 69300, 0, 18, '2019-08-01', '2020-05-01', 11, 3850, 3850, 0, 38500, NULL, NULL, 4, '2019-10-23 15:14:18', NULL, 'Y', 3, NULL, 1, 'LOAN', 0, 0, 0, NULL, 'N'),
(71, 69300, 0, 18, '2019-08-01', '2020-06-01', 12, 3850, 3850, 0, 34650, NULL, NULL, 4, '2019-10-23 15:14:18', NULL, 'Y', 3, NULL, 1, 'LOAN', 0, 0, 0, NULL, 'N'),
(72, 69300, 0, 18, '2019-08-01', '2020-07-01', 13, 3850, 3850, 0, 30800, NULL, NULL, 4, '2019-10-23 15:14:18', NULL, 'Y', 3, NULL, 1, 'LOAN', 0, 0, 0, NULL, 'N'),
(73, 69300, 0, 18, '2019-08-01', '2020-08-01', 14, 3850, 3850, 0, 26950, NULL, NULL, 4, '2019-10-23 15:14:18', NULL, 'Y', 3, NULL, 1, 'LOAN', 0, 0, 0, NULL, 'N'),
(74, 69300, 0, 18, '2019-08-01', '2020-09-01', 15, 3850, 3850, 0, 23100, NULL, NULL, 4, '2019-10-23 15:14:18', NULL, 'Y', 3, NULL, 1, 'LOAN', 0, 0, 0, NULL, 'N'),
(75, 69300, 0, 18, '2019-08-01', '2020-10-01', 16, 3850, 3850, 0, 19250, NULL, NULL, 4, '2019-10-23 15:14:18', NULL, 'Y', 3, NULL, 1, 'LOAN', 0, 0, 0, NULL, 'N'),
(76, 69300, 0, 18, '2019-08-01', '2020-11-01', 17, 3850, 3850, 0, 15400, NULL, NULL, 4, '2019-10-23 15:14:18', NULL, 'Y', 3, NULL, 1, 'LOAN', 0, 0, 0, NULL, 'N'),
(77, 69300, 0, 18, '2019-08-01', '2020-12-01', 18, 3850, 3850, 0, 11550, NULL, NULL, 4, '2019-10-23 15:14:18', NULL, 'Y', 3, NULL, 1, 'LOAN', 0, 0, 0, NULL, 'N'),
(78, 69300, 0, 18, '2019-08-01', '2021-01-01', 19, 3850, 3850, 0, 7700, NULL, NULL, 4, '2019-10-23 15:14:18', NULL, 'Y', 3, NULL, 1, 'LOAN', 0, 0, 0, NULL, 'N'),
(79, 69300, 0, 18, '2019-08-01', '2021-02-01', 20, 3850, 3850, 0, 3850, NULL, NULL, 4, '2019-10-23 15:14:18', NULL, 'Y', 3, NULL, 1, 'LOAN', 0, 0, 0, NULL, 'N'),
(80, 69300, 0, 18, '2019-08-01', '2021-03-01', 21, 3850, 3850, 0, 0, NULL, NULL, 4, '2019-10-23 15:14:18', NULL, 'Y', 3, NULL, 1, 'LOAN', 0, 0, 0, NULL, 'N'),
(81, 2000, 0, 1, '2019-08-01', '2019-06-24', 1, 2000, 2000, 0, 97000, NULL, NULL, 5, '2019-10-23 15:35:16', NULL, 'Y', 3, NULL, 1, 'BOOK', 0, 0, 0, NULL, 'Y'),
(82, 29700, 0, 3, '2019-08-01', '2019-07-01', 2, 7900, 7900, 0, 89100, NULL, NULL, 5, '2019-10-23 15:35:16', NULL, 'Y', 3, NULL, 1, 'ADV', 10, 0, 0, NULL, 'N'),
(83, 29700, 0, 3, '2019-08-01', '2019-08-01', 3, 9900, 9900, 0, 79200, NULL, NULL, 5, '2019-10-23 15:35:16', NULL, 'Y', 3, NULL, 1, 'ADV', 10, 0, 0, NULL, 'N'),
(84, 29700, 0, 3, '2019-08-01', '2019-09-01', 4, 9900, 9900, 0, 69300, NULL, NULL, 5, '2019-10-23 15:35:16', NULL, 'Y', 3, NULL, 1, 'ADV', 10, 0, 0, NULL, 'N'),
(85, 69300, 0, 18, '2019-08-01', '2019-10-01', 5, 3850, 3850, 0, 65450, NULL, NULL, 5, '2019-10-23 15:35:16', NULL, 'Y', 3, NULL, 1, 'LOAN', 0, 0, 0, NULL, 'N'),
(86, 69300, 0, 18, '2019-08-01', '2019-11-01', 6, 3850, 3850, 0, 61600, NULL, NULL, 5, '2019-10-23 15:35:16', NULL, 'Y', 3, NULL, 1, 'LOAN', 0, 0, 0, NULL, 'N'),
(87, 69300, 0, 18, '2019-08-01', '2019-12-01', 7, 3850, 3850, 0, 57750, NULL, NULL, 5, '2019-10-23 15:35:16', NULL, 'Y', 3, NULL, 1, 'LOAN', 0, 0, 0, NULL, 'N'),
(88, 69300, 0, 18, '2019-08-01', '2020-01-01', 8, 3850, 3850, 0, 53900, NULL, NULL, 5, '2019-10-23 15:35:16', NULL, 'Y', 3, NULL, 1, 'LOAN', 0, 0, 0, NULL, 'N'),
(89, 69300, 0, 18, '2019-08-01', '2020-02-01', 9, 3850, 3850, 0, 50050, NULL, NULL, 5, '2019-10-23 15:35:16', NULL, 'Y', 3, NULL, 1, 'LOAN', 0, 0, 0, NULL, 'N'),
(90, 69300, 0, 18, '2019-08-01', '2020-03-01', 10, 3850, 3850, 0, 46200, NULL, NULL, 5, '2019-10-23 15:35:16', NULL, 'Y', 3, NULL, 1, 'LOAN', 0, 0, 0, NULL, 'N'),
(91, 69300, 0, 18, '2019-08-01', '2020-04-01', 11, 3850, 3850, 0, 42350, NULL, NULL, 5, '2019-10-23 15:35:16', NULL, 'Y', 3, NULL, 1, 'LOAN', 0, 0, 0, NULL, 'N'),
(92, 69300, 0, 18, '2019-08-01', '2020-05-01', 12, 3850, 3850, 0, 38500, NULL, NULL, 5, '2019-10-23 15:35:16', NULL, 'Y', 3, NULL, 1, 'LOAN', 0, 0, 0, NULL, 'N'),
(93, 69300, 0, 18, '2019-08-01', '2020-06-01', 13, 3850, 3850, 0, 34650, NULL, NULL, 5, '2019-10-23 15:35:16', NULL, 'Y', 3, NULL, 1, 'LOAN', 0, 0, 0, NULL, 'N'),
(94, 69300, 0, 18, '2019-08-01', '2020-07-01', 14, 3850, 3850, 0, 30800, NULL, NULL, 5, '2019-10-23 15:35:16', NULL, 'Y', 3, NULL, 1, 'LOAN', 0, 0, 0, NULL, 'N'),
(95, 69300, 0, 18, '2019-08-01', '2020-08-01', 15, 3850, 3850, 0, 26950, NULL, NULL, 5, '2019-10-23 15:35:16', NULL, 'Y', 3, NULL, 1, 'LOAN', 0, 0, 0, NULL, 'N'),
(96, 69300, 0, 18, '2019-08-01', '2020-09-01', 16, 3850, 3850, 0, 23100, NULL, NULL, 5, '2019-10-23 15:35:16', NULL, 'Y', 3, NULL, 1, 'LOAN', 0, 0, 0, NULL, 'N'),
(97, 69300, 0, 18, '2019-08-01', '2020-10-01', 17, 3850, 3850, 0, 19250, NULL, NULL, 5, '2019-10-23 15:35:16', NULL, 'Y', 3, NULL, 1, 'LOAN', 0, 0, 0, NULL, 'N'),
(98, 69300, 0, 18, '2019-08-01', '2020-11-01', 18, 3850, 3850, 0, 15400, NULL, NULL, 5, '2019-10-23 15:35:16', NULL, 'Y', 3, NULL, 1, 'LOAN', 0, 0, 0, NULL, 'N'),
(99, 69300, 0, 18, '2019-08-01', '2020-12-01', 19, 3850, 3850, 0, 11550, NULL, NULL, 5, '2019-10-23 15:35:16', NULL, 'Y', 3, NULL, 1, 'LOAN', 0, 0, 0, NULL, 'N'),
(100, 69300, 0, 18, '2019-08-01', '2021-01-01', 20, 3850, 3850, 0, 7700, NULL, NULL, 5, '2019-10-23 15:35:16', NULL, 'Y', 3, NULL, 1, 'LOAN', 0, 0, 0, NULL, 'N'),
(101, 69300, 0, 18, '2019-08-01', '2021-02-01', 21, 3850, 3850, 0, 3850, NULL, NULL, 5, '2019-10-23 15:35:16', NULL, 'Y', 3, NULL, 1, 'LOAN', 0, 0, 0, NULL, 'N'),
(102, 69300, 0, 18, '2019-08-01', '2021-03-01', 22, 3850, 3850, 0, 0, NULL, NULL, 5, '2019-10-23 15:35:16', NULL, 'Y', 3, NULL, 1, 'LOAN', 0, 0, 0, NULL, 'N'),
(103, 2000, 0, 1, '2019-08-01', '2019-06-24', 1, 2000, 2000, 0, 97000, NULL, NULL, 6, '2019-10-23 15:45:36', NULL, 'Y', 3, NULL, 1, 'BOOK', 0, 0, 0, NULL, 'Y'),
(104, 29700, 0, 3, '2019-08-01', '2019-07-01', 2, 7900, 7900, 0, 89100, NULL, NULL, 6, '2019-10-23 15:45:36', '2019-10-24 09:07:45', 'Y', 3, 3, 1, 'ADV', 10, 0, 0, NULL, 'Y'),
(105, 29700, 0, 3, '2019-08-01', '2019-08-01', 3, 9900, 9900, 0, 79200, NULL, NULL, 6, '2019-10-23 15:45:36', '2019-10-24 09:08:59', 'Y', 3, 3, 1, 'ADV', 10, 0, 0, NULL, 'Y'),
(106, 29700, 0, 3, '2019-08-01', '2019-09-01', 4, 9900, 9900, 0, 69300, NULL, NULL, 6, '2019-10-23 15:45:36', '2019-10-24 09:10:07', 'Y', 3, 3, 1, 'ADV', 10, 0, 0, NULL, 'Y'),
(107, 69300, 0, 18, '2019-08-01', '2019-10-01', 5, 3850, 3850, 0, 65450, NULL, NULL, 6, '2019-10-23 15:45:36', '2019-10-24 09:15:25', 'Y', 3, 3, 1, 'LOAN', 0, 0, 0, NULL, 'Y'),
(108, 69300, 0, 18, '2019-08-01', '2019-11-01', 6, 3850, 3850, 0, 61600, NULL, NULL, 6, '2019-10-23 15:45:36', '2019-11-05 14:43:03', 'Y', 3, 3, 1, 'LOAN', 0, 0, 0, NULL, 'Y'),
(109, 69300, 0, 18, '2019-08-01', '2019-12-01', 7, 3850, 3850, 0, 57750, NULL, NULL, 6, '2019-10-23 15:45:36', '2019-12-04 16:39:20', 'Y', 3, 3, 1, 'LOAN', 0, 0, 0, NULL, 'Y'),
(110, 69300, 0, 18, '2019-08-01', '2020-01-01', 8, 3850, 3850, 0, 53900, NULL, NULL, 6, '2019-10-23 15:45:36', '2020-01-04 14:37:58', 'Y', 3, 3, 1, 'LOAN', 0, 0, 0, NULL, 'Y'),
(111, 69300, 0, 18, '2019-08-01', '2020-02-01', 9, 3850, 3850, 0, 50050, NULL, NULL, 6, '2019-10-23 15:45:36', '2020-02-04 09:30:09', 'Y', 3, 3, 1, 'LOAN', 0, 0, 0, NULL, 'Y'),
(112, 69300, 0, 18, '2019-08-01', '2020-03-01', 10, 3850, 3850, 0, 46200, NULL, NULL, 6, '2019-10-23 15:45:36', NULL, 'Y', 3, NULL, 1, 'LOAN', 0, 0, 0, NULL, 'N'),
(113, 69300, 0, 18, '2019-08-01', '2020-04-01', 11, 3850, 3850, 0, 42350, NULL, NULL, 6, '2019-10-23 15:45:36', NULL, 'Y', 3, NULL, 1, 'LOAN', 0, 0, 0, NULL, 'N'),
(114, 69300, 0, 18, '2019-08-01', '2020-05-01', 12, 3850, 3850, 0, 38500, NULL, NULL, 6, '2019-10-23 15:45:36', NULL, 'Y', 3, NULL, 1, 'LOAN', 0, 0, 0, NULL, 'N'),
(115, 69300, 0, 18, '2019-08-01', '2020-06-01', 13, 3850, 3850, 0, 34650, NULL, NULL, 6, '2019-10-23 15:45:36', NULL, 'Y', 3, NULL, 1, 'LOAN', 0, 0, 0, NULL, 'N'),
(116, 69300, 0, 18, '2019-08-01', '2020-07-01', 14, 3850, 3850, 0, 30800, NULL, NULL, 6, '2019-10-23 15:45:36', NULL, 'Y', 3, NULL, 1, 'LOAN', 0, 0, 0, NULL, 'N'),
(117, 69300, 0, 18, '2019-08-01', '2020-08-01', 15, 3850, 3850, 0, 26950, NULL, NULL, 6, '2019-10-23 15:45:36', NULL, 'Y', 3, NULL, 1, 'LOAN', 0, 0, 0, NULL, 'N'),
(118, 69300, 0, 18, '2019-08-01', '2020-09-01', 16, 3850, 3850, 0, 23100, NULL, NULL, 6, '2019-10-23 15:45:36', NULL, 'Y', 3, NULL, 1, 'LOAN', 0, 0, 0, NULL, 'N'),
(119, 69300, 0, 18, '2019-08-01', '2020-10-01', 17, 3850, 3850, 0, 19250, NULL, NULL, 6, '2019-10-23 15:45:36', NULL, 'Y', 3, NULL, 1, 'LOAN', 0, 0, 0, NULL, 'N'),
(120, 69300, 0, 18, '2019-08-01', '2020-11-01', 18, 3850, 3850, 0, 15400, NULL, NULL, 6, '2019-10-23 15:45:36', NULL, 'Y', 3, NULL, 1, 'LOAN', 0, 0, 0, NULL, 'N'),
(121, 69300, 0, 18, '2019-08-01', '2020-12-01', 19, 3850, 3850, 0, 11550, NULL, NULL, 6, '2019-10-23 15:45:36', NULL, 'Y', 3, NULL, 1, 'LOAN', 0, 0, 0, NULL, 'N'),
(122, 69300, 0, 18, '2019-08-01', '2021-01-01', 20, 3850, 3850, 0, 7700, NULL, NULL, 6, '2019-10-23 15:45:36', NULL, 'Y', 3, NULL, 1, 'LOAN', 0, 0, 0, NULL, 'N'),
(123, 69300, 0, 18, '2019-08-01', '2021-02-01', 21, 3850, 3850, 0, 3850, NULL, NULL, 6, '2019-10-23 15:45:36', NULL, 'Y', 3, NULL, 1, 'LOAN', 0, 0, 0, NULL, 'N'),
(124, 69300, 0, 18, '2019-08-01', '2021-03-01', 22, 3850, 3850, 0, 0, NULL, NULL, 6, '2019-10-23 15:45:36', NULL, 'Y', 3, NULL, 1, 'LOAN', 0, 0, 0, NULL, 'N'),
(125, 2000, 0, 1, '2019-08-01', '2019-06-21', 1, 2000, 2000, 0, 97000, NULL, NULL, 7, '2019-10-24 09:35:08', NULL, 'Y', 3, NULL, 1, 'BOOK', 0, 0, 0, NULL, 'Y'),
(126, 49500, 0, 1, '2019-08-01', '2019-06-24', 2, 45520, 45520, 0, 49500, NULL, NULL, 7, '2019-10-24 09:35:08', '2019-10-24 09:38:15', 'Y', 3, 3, 1, 'ADV', 50, 1980, 4, NULL, 'Y'),
(127, 49500, 0, 10, '2019-08-01', '2019-08-01', 3, 4950, 4950, 0, 44550, NULL, NULL, 7, '2019-10-24 09:35:08', '2019-10-24 09:39:50', 'Y', 3, 3, 1, 'LOAN', 0, 0, 0, NULL, 'Y'),
(128, 49500, 0, 10, '2019-08-01', '2019-09-01', 4, 4950, 4950, 0, 39600, NULL, NULL, 7, '2019-10-24 09:35:08', '2019-10-24 09:41:10', 'Y', 3, 3, 1, 'LOAN', 0, 0, 0, NULL, 'Y'),
(129, 49500, 0, 10, '2019-08-01', '2019-10-01', 5, 4950, 4950, 0, 34650, NULL, NULL, 7, '2019-10-24 09:35:08', '2019-10-24 09:41:54', 'Y', 3, 3, 1, 'LOAN', 0, 0, 0, NULL, 'Y'),
(130, 49500, 0, 10, '2019-08-01', '2019-11-01', 6, 4950, 4950, 0, 29700, NULL, NULL, 7, '2019-10-24 09:35:08', '2019-11-04 15:38:48', 'Y', 3, 3, 1, 'LOAN', 0, 0, 0, NULL, 'Y'),
(131, 49500, 0, 10, '2019-08-01', '2019-12-01', 7, 4950, 4950, 0, 24750, NULL, NULL, 7, '2019-10-24 09:35:08', '2019-12-05 14:43:53', 'Y', 3, 3, 1, 'LOAN', 0, 0, 0, NULL, 'Y'),
(132, 49500, 0, 10, '2019-08-01', '2020-01-01', 8, 4950, 4950, 0, 19800, NULL, NULL, 7, '2019-10-24 09:35:08', '2020-01-06 11:34:01', 'Y', 3, 3, 1, 'LOAN', 0, 0, 0, NULL, 'Y'),
(133, 49500, 0, 10, '2019-08-01', '2020-02-01', 9, 4950, 4950, 0, 14850, NULL, NULL, 7, '2019-10-24 09:35:08', '2020-02-06 15:53:30', 'Y', 3, 3, 1, 'LOAN', 0, 0, 0, NULL, 'Y'),
(134, 49500, 0, 10, '2019-08-01', '2020-03-01', 10, 4950, 4950, 0, 9900, NULL, NULL, 7, '2019-10-24 09:35:08', NULL, 'Y', 3, NULL, 1, 'LOAN', 0, 0, 0, NULL, 'N'),
(135, 49500, 0, 10, '2019-08-01', '2020-04-01', 11, 4950, 4950, 0, 4950, NULL, NULL, 7, '2019-10-24 09:35:08', NULL, 'Y', 3, NULL, 1, 'LOAN', 0, 0, 0, NULL, 'N'),
(136, 49500, 0, 10, '2019-08-01', '2020-05-01', 12, 4950, 4950, 0, 0, NULL, NULL, 7, '2019-10-24 09:35:08', NULL, 'Y', 3, NULL, 1, 'LOAN', 0, 0, 0, NULL, 'N'),
(137, 2000, 0, 1, '2019-08-01', '2019-06-20', 1, 2000, 2000, 0, 120500, NULL, NULL, 8, '2019-10-24 09:56:48', NULL, 'Y', 3, NULL, 1, 'BOOK', 0, 0, 0, NULL, 'Y'),
(138, 36750, 0, 3, '2019-08-01', '2019-06-26', 2, 10250, 10250, 0, 110250, NULL, NULL, 8, '2019-10-24 09:56:48', '2019-10-24 09:59:57', 'Y', 3, 3, 1, 'ADV', 10, 0, 0, NULL, 'Y'),
(139, 36750, 0, 3, '2019-08-01', '2019-08-01', 3, 12250, 12250, 0, 98000, NULL, NULL, 8, '2019-10-24 09:56:48', '2019-10-24 10:00:38', 'Y', 3, 3, 1, 'ADV', 10, 0, 0, NULL, 'Y'),
(140, 36750, 0, 3, '2019-08-01', '2019-09-01', 4, 12250, 12250, 0, 85750, NULL, NULL, 8, '2019-10-24 09:56:48', '2019-10-24 10:01:29', 'Y', 3, 3, 1, 'ADV', 10, 0, 0, NULL, 'Y'),
(141, 85750, 0, 15, '2019-08-01', '2019-10-01', 5, 5716.67, 5716.67, 0, 80033.33, NULL, NULL, 8, '2019-10-24 09:56:48', '2019-10-24 10:02:08', 'Y', 3, 3, 1, 'LOAN', 0, 0, 0, NULL, 'Y'),
(142, 85750, 0, 15, '2019-08-01', '2019-11-01', 6, 5716.67, 5716.67, 0, 74316.66, NULL, NULL, 8, '2019-10-24 09:56:48', '2019-11-05 14:46:49', 'Y', 3, 3, 1, 'LOAN', 0, 0, 0, NULL, 'Y'),
(143, 85750, 0, 15, '2019-08-01', '2019-12-01', 7, 5716.67, 5716.67, 0, 68599.99, NULL, NULL, 8, '2019-10-24 09:56:48', '2019-12-17 14:15:06', 'Y', 3, 3, 1, 'LOAN', 0, 0, 0, NULL, 'Y'),
(144, 85750, 0, 15, '2019-08-01', '2020-01-01', 8, 5716.67, 5716.67, 0, 62883.32, NULL, NULL, 8, '2019-10-24 09:56:48', '2020-01-06 09:40:22', 'Y', 3, 3, 1, 'LOAN', 0, 0, 0, NULL, 'Y'),
(145, 85750, 0, 15, '2019-08-01', '2020-02-01', 9, 5716.67, 5716.67, 0, 57166.65, NULL, NULL, 8, '2019-10-24 09:56:48', '2020-02-03 13:37:13', 'Y', 3, 3, 1, 'LOAN', 0, 0, 0, NULL, 'Y'),
(146, 85750, 0, 15, '2019-08-01', '2020-03-01', 10, 5716.67, 5716.67, 0, 51449.98, NULL, NULL, 8, '2019-10-24 09:56:48', NULL, 'Y', 3, NULL, 1, 'LOAN', 0, 0, 0, NULL, 'N'),
(147, 85750, 0, 15, '2019-08-01', '2020-04-01', 11, 5716.67, 5716.67, 0, 45733.31, NULL, NULL, 8, '2019-10-24 09:56:48', NULL, 'Y', 3, NULL, 1, 'LOAN', 0, 0, 0, NULL, 'N'),
(148, 85750, 0, 15, '2019-08-01', '2020-05-01', 12, 5716.67, 5716.67, 0, 40016.64, NULL, NULL, 8, '2019-10-24 09:56:48', NULL, 'Y', 3, NULL, 1, 'LOAN', 0, 0, 0, NULL, 'N'),
(149, 85750, 0, 15, '2019-08-01', '2020-06-01', 13, 5716.67, 5716.67, 0, 34299.97, NULL, NULL, 8, '2019-10-24 09:56:48', NULL, 'Y', 3, NULL, 1, 'LOAN', 0, 0, 0, NULL, 'N'),
(150, 85750, 0, 15, '2019-08-01', '2020-07-01', 14, 5716.67, 5716.67, 0, 28583.3, NULL, NULL, 8, '2019-10-24 09:56:48', NULL, 'Y', 3, NULL, 1, 'LOAN', 0, 0, 0, NULL, 'N'),
(151, 85750, 0, 15, '2019-08-01', '2020-08-01', 15, 5716.67, 5716.67, 0, 22866.63, NULL, NULL, 8, '2019-10-24 09:56:48', NULL, 'Y', 3, NULL, 1, 'LOAN', 0, 0, 0, NULL, 'N'),
(152, 85750, 0, 15, '2019-08-01', '2020-09-01', 16, 5716.67, 5716.67, 0, 17149.96, NULL, NULL, 8, '2019-10-24 09:56:48', NULL, 'Y', 3, NULL, 1, 'LOAN', 0, 0, 0, NULL, 'N'),
(153, 85750, 0, 15, '2019-08-01', '2020-10-01', 17, 5716.67, 5716.67, 0, 11433.29, NULL, NULL, 8, '2019-10-24 09:56:48', NULL, 'Y', 3, NULL, 1, 'LOAN', 0, 0, 0, NULL, 'N'),
(154, 85750, 0, 15, '2019-08-01', '2020-11-01', 18, 5716.67, 5716.67, 0, 5716.62, NULL, NULL, 8, '2019-10-24 09:56:48', NULL, 'Y', 3, NULL, 1, 'LOAN', 0, 0, 0, NULL, 'N'),
(155, 85750, 0, 15, '2019-08-01', '2020-12-01', 19, 5716.67, 5716.67, 0, 0, NULL, NULL, 8, '2019-10-24 09:56:48', NULL, 'Y', 3, NULL, 1, 'LOAN', 0, 0, 0, NULL, 'N'),
(156, 2000, 0, 1, '2019-08-01', '2019-06-23', 1, 2000, 2000, 0, 97000, NULL, NULL, 9, '2019-10-24 10:08:19', NULL, 'Y', 3, NULL, 1, 'BOOK', 0, 0, 0, NULL, 'Y'),
(157, 29700, 0, 3, '2019-08-01', '2019-07-03', 2, 7900, 7900, 0, 89100, NULL, NULL, 9, '2019-10-24 10:08:19', '2019-10-24 10:09:22', 'Y', 3, 3, 1, 'ADV', 10, 0, 0, NULL, 'Y'),
(158, 29700, 0, 3, '2019-08-01', '2019-08-01', 3, 9900, 9900, 0, 79200, NULL, NULL, 9, '2019-10-24 10:08:19', '2019-10-24 10:10:10', 'Y', 3, 3, 1, 'ADV', 10, 0, 0, NULL, 'Y'),
(159, 29700, 0, 3, '2019-08-01', '2019-09-01', 4, 9900, 9900, 0, 69300, NULL, NULL, 9, '2019-10-24 10:08:19', '2019-10-24 10:11:35', 'Y', 3, 3, 1, 'ADV', 10, 0, 0, NULL, 'Y'),
(160, 69300, 0, 18, '2019-08-01', '2019-10-01', 5, 3850, 3850, 0, 65450, NULL, NULL, 9, '2019-10-24 10:08:19', '2019-10-24 10:13:02', 'Y', 3, 3, 1, 'LOAN', 0, 0, 0, NULL, 'Y'),
(161, 69300, 0, 18, '2019-08-01', '2019-11-01', 6, 3850, 3850, 0, 61600, NULL, NULL, 9, '2019-10-24 10:08:19', '2019-11-05 14:48:55', 'Y', 3, 3, 1, 'LOAN', 0, 0, 0, NULL, 'Y'),
(162, 69300, 0, 18, '2019-08-01', '2019-12-01', 7, 3850, 3850, 0, 57750, NULL, NULL, 9, '2019-10-24 10:08:19', '2019-12-02 11:08:18', 'Y', 3, 3, 1, 'LOAN', 0, 0, 0, NULL, 'Y'),
(163, 69300, 0, 18, '2019-08-01', '2020-01-01', 8, 3850, 3850, 0, 53900, NULL, NULL, 9, '2019-10-24 10:08:19', '2020-01-02 11:28:18', 'Y', 3, 3, 1, 'LOAN', 0, 0, 0, NULL, 'Y'),
(164, 69300, 0, 18, '2019-08-01', '2020-02-01', 9, 3850, 3850, 0, 50050, NULL, NULL, 9, '2019-10-24 10:08:19', '2020-02-01 15:09:41', 'Y', 3, 3, 1, 'LOAN', 0, 0, 0, NULL, 'Y'),
(165, 69300, 0, 18, '2019-08-01', '2020-03-01', 10, 3850, 3850, 0, 46200, NULL, NULL, 9, '2019-10-24 10:08:19', NULL, 'Y', 3, NULL, 1, 'LOAN', 0, 0, 0, NULL, 'N'),
(166, 69300, 0, 18, '2019-08-01', '2020-04-01', 11, 3850, 3850, 0, 42350, NULL, NULL, 9, '2019-10-24 10:08:19', NULL, 'Y', 3, NULL, 1, 'LOAN', 0, 0, 0, NULL, 'N'),
(167, 69300, 0, 18, '2019-08-01', '2020-05-01', 12, 3850, 3850, 0, 38500, NULL, NULL, 9, '2019-10-24 10:08:19', NULL, 'Y', 3, NULL, 1, 'LOAN', 0, 0, 0, NULL, 'N'),
(168, 69300, 0, 18, '2019-08-01', '2020-06-01', 13, 3850, 3850, 0, 34650, NULL, NULL, 9, '2019-10-24 10:08:19', NULL, 'Y', 3, NULL, 1, 'LOAN', 0, 0, 0, NULL, 'N'),
(169, 69300, 0, 18, '2019-08-01', '2020-07-01', 14, 3850, 3850, 0, 30800, NULL, NULL, 9, '2019-10-24 10:08:19', NULL, 'Y', 3, NULL, 1, 'LOAN', 0, 0, 0, NULL, 'N'),
(170, 69300, 0, 18, '2019-08-01', '2020-08-01', 15, 3850, 3850, 0, 26950, NULL, NULL, 9, '2019-10-24 10:08:19', NULL, 'Y', 3, NULL, 1, 'LOAN', 0, 0, 0, NULL, 'N'),
(171, 69300, 0, 18, '2019-08-01', '2020-09-01', 16, 3850, 3850, 0, 23100, NULL, NULL, 9, '2019-10-24 10:08:19', NULL, 'Y', 3, NULL, 1, 'LOAN', 0, 0, 0, NULL, 'N'),
(172, 69300, 0, 18, '2019-08-01', '2020-10-01', 17, 3850, 3850, 0, 19250, NULL, NULL, 9, '2019-10-24 10:08:19', NULL, 'Y', 3, NULL, 1, 'LOAN', 0, 0, 0, NULL, 'N'),
(173, 69300, 0, 18, '2019-08-01', '2020-11-01', 18, 3850, 3850, 0, 15400, NULL, NULL, 9, '2019-10-24 10:08:19', NULL, 'Y', 3, NULL, 1, 'LOAN', 0, 0, 0, NULL, 'N'),
(174, 69300, 0, 18, '2019-08-01', '2020-12-01', 19, 3850, 3850, 0, 11550, NULL, NULL, 9, '2019-10-24 10:08:19', NULL, 'Y', 3, NULL, 1, 'LOAN', 0, 0, 0, NULL, 'N'),
(175, 69300, 0, 18, '2019-08-01', '2021-01-01', 20, 3850, 3850, 0, 7700, NULL, NULL, 9, '2019-10-24 10:08:19', NULL, 'Y', 3, NULL, 1, 'LOAN', 0, 0, 0, NULL, 'N'),
(176, 69300, 0, 18, '2019-08-01', '2021-02-01', 21, 3850, 3850, 0, 3850, NULL, NULL, 9, '2019-10-24 10:08:19', NULL, 'Y', 3, NULL, 1, 'LOAN', 0, 0, 0, NULL, 'N'),
(177, 69300, 0, 18, '2019-08-01', '2021-03-01', 22, 3850, 3850, 0, 0, NULL, NULL, 9, '2019-10-24 10:08:19', NULL, 'Y', 3, NULL, 1, 'LOAN', 0, 0, 0, NULL, 'N'),
(178, 2000, 0, 1, '2019-08-01', '2019-06-26', 1, 2000, 2000, 0, 97000, NULL, NULL, 10, '2019-10-24 10:20:40', NULL, 'Y', 3, NULL, 1, 'BOOK', 0, 0, 0, NULL, 'Y'),
(179, 29700, 0, 3, '2019-08-01', '2019-07-01', 2, 7900, 7900, 0, 89100, NULL, NULL, 10, '2019-10-24 10:20:40', '2019-10-24 10:25:17', 'Y', 3, 3, 1, 'ADV', 10, 0, 0, NULL, 'Y'),
(180, 29700, 0, 3, '2019-08-01', '2019-08-01', 3, 9900, 9900, 0, 79200, NULL, NULL, 10, '2019-10-24 10:20:40', '2019-10-24 10:27:26', 'Y', 3, 3, 1, 'ADV', 10, 0, 0, NULL, 'Y'),
(181, 29700, 0, 3, '2019-08-01', '2019-09-01', 4, 9900, 9900, 0, 69300, NULL, NULL, 10, '2019-10-24 10:20:40', '2019-10-24 10:28:13', 'Y', 3, 3, 1, 'ADV', 10, 0, 0, NULL, 'Y'),
(182, 69300, 0, 15, '2019-08-01', '2019-10-01', 5, 4620, 4620, 0, 64680, NULL, NULL, 10, '2019-10-24 10:20:40', '2019-10-24 10:30:25', 'Y', 3, 3, 1, 'LOAN', 0, 0, 0, NULL, 'Y'),
(183, 69300, 0, 15, '2019-08-01', '2019-11-01', 6, 4620, 4620, 0, 60060, NULL, NULL, 10, '2019-10-24 10:20:40', '2019-11-04 10:41:11', 'Y', 3, 3, 1, 'LOAN', 0, 0, 0, NULL, 'Y'),
(184, 69300, 0, 15, '2019-08-01', '2019-12-01', 7, 4620, 4620, 0, 55440, NULL, NULL, 10, '2019-10-24 10:20:40', '2019-12-05 14:33:19', 'Y', 3, 3, 1, 'LOAN', 0, 0, 0, NULL, 'Y'),
(185, 69300, 0, 15, '2019-08-01', '2020-01-01', 8, 4620, 4620, 0, 50820, NULL, NULL, 10, '2019-10-24 10:20:40', '2020-01-05 15:58:53', 'Y', 3, 3, 1, 'LOAN', 0, 0, 0, NULL, 'Y'),
(186, 69300, 0, 15, '2019-08-01', '2020-02-01', 9, 4620, 4620, 0, 46200, NULL, NULL, 10, '2019-10-24 10:20:40', '2020-02-04 16:13:37', 'Y', 3, 3, 1, 'LOAN', 0, 0, 0, NULL, 'Y'),
(187, 69300, 0, 15, '2019-08-01', '2020-03-01', 10, 4620, 4620, 0, 41580, NULL, NULL, 10, '2019-10-24 10:20:40', NULL, 'Y', 3, NULL, 1, 'LOAN', 0, 0, 0, NULL, 'N'),
(188, 69300, 0, 15, '2019-08-01', '2020-04-01', 11, 4620, 4620, 0, 36960, NULL, NULL, 10, '2019-10-24 10:20:40', NULL, 'Y', 3, NULL, 1, 'LOAN', 0, 0, 0, NULL, 'N'),
(189, 69300, 0, 15, '2019-08-01', '2020-05-01', 12, 4620, 4620, 0, 32340, NULL, NULL, 10, '2019-10-24 10:20:40', NULL, 'Y', 3, NULL, 1, 'LOAN', 0, 0, 0, NULL, 'N'),
(190, 69300, 0, 15, '2019-08-01', '2020-06-01', 13, 4620, 4620, 0, 27720, NULL, NULL, 10, '2019-10-24 10:20:40', NULL, 'Y', 3, NULL, 1, 'LOAN', 0, 0, 0, NULL, 'N'),
(191, 69300, 0, 15, '2019-08-01', '2020-07-01', 14, 4620, 4620, 0, 23100, NULL, NULL, 10, '2019-10-24 10:20:40', NULL, 'Y', 3, NULL, 1, 'LOAN', 0, 0, 0, NULL, 'N'),
(192, 69300, 0, 15, '2019-08-01', '2020-08-01', 15, 4620, 4620, 0, 18480, NULL, NULL, 10, '2019-10-24 10:20:40', NULL, 'Y', 3, NULL, 1, 'LOAN', 0, 0, 0, NULL, 'N'),
(193, 69300, 0, 15, '2019-08-01', '2020-09-01', 16, 4620, 4620, 0, 13860, NULL, NULL, 10, '2019-10-24 10:20:40', NULL, 'Y', 3, NULL, 1, 'LOAN', 0, 0, 0, NULL, 'N'),
(194, 69300, 0, 15, '2019-08-01', '2020-10-01', 17, 4620, 4620, 0, 9240, NULL, NULL, 10, '2019-10-24 10:20:40', NULL, 'Y', 3, NULL, 1, 'LOAN', 0, 0, 0, NULL, 'N'),
(195, 69300, 0, 15, '2019-08-01', '2020-11-01', 18, 4620, 4620, 0, 4620, NULL, NULL, 10, '2019-10-24 10:20:40', NULL, 'Y', 3, NULL, 1, 'LOAN', 0, 0, 0, NULL, 'N'),
(196, 69300, 0, 15, '2019-08-01', '2020-12-01', 19, 4620, 4620, 0, 0, NULL, NULL, 10, '2019-10-24 10:20:40', NULL, 'Y', 3, NULL, 1, 'LOAN', 0, 0, 0, NULL, 'N'),
(197, 33300, 0, 3, '2019-08-01', '2019-06-24', 1, 11100, 11100, 0, 99900, NULL, NULL, 11, '2019-10-24 10:43:31', '2019-10-24 10:44:49', 'Y', 3, 3, 1, 'ADV', 10, 0, 0, NULL, 'Y'),
(198, 33300, 0, 3, '2019-08-01', '2019-08-01', 2, 11100, 11100, 0, 88800, NULL, NULL, 11, '2019-10-24 10:43:31', '2019-10-24 10:45:20', 'Y', 3, 3, 1, 'ADV', 10, 0, 0, NULL, 'Y'),
(199, 33300, 0, 3, '2019-08-01', '2019-09-01', 3, 11100, 11100, 0, 77700, NULL, NULL, 11, '2019-10-24 10:43:31', '2019-10-24 10:46:14', 'Y', 3, 3, 1, 'ADV', 10, 0, 0, NULL, 'Y'),
(200, 77700, 0, 15, '2019-08-01', '2019-10-01', 4, 5180, 5180, 0, 72520, NULL, NULL, 11, '2019-10-24 10:43:31', '2019-10-24 10:48:04', 'Y', 3, 3, 1, 'LOAN', 0, 0, 0, NULL, 'Y'),
(201, 77700, 0, 15, '2019-08-01', '2019-11-01', 5, 5180, 5180, 0, 67340, NULL, NULL, 11, '2019-10-24 10:43:31', '2019-11-04 15:40:19', 'Y', 3, 3, 1, 'LOAN', 0, 0, 0, NULL, 'Y'),
(202, 77700, 0, 15, '2019-08-01', '2019-12-01', 6, 5180, 5180, 0, 62160, NULL, NULL, 11, '2019-10-24 10:43:31', '2019-12-05 14:45:21', 'Y', 3, 3, 1, 'LOAN', 0, 0, 0, NULL, 'Y'),
(203, 77700, 0, 15, '2019-08-01', '2020-01-01', 7, 5180, 5180, 0, 56980, NULL, NULL, 11, '2019-10-24 10:43:31', '2020-01-06 11:33:28', 'Y', 3, 3, 1, 'LOAN', 0, 0, 0, NULL, 'Y'),
(204, 77700, 0, 15, '2019-08-01', '2020-02-01', 8, 5180, 5180, 0, 51800, NULL, NULL, 11, '2019-10-24 10:43:31', '2020-02-06 15:52:41', 'Y', 3, 3, 1, 'LOAN', 0, 0, 0, NULL, 'Y'),
(205, 77700, 0, 15, '2019-08-01', '2020-03-01', 9, 5180, 5180, 0, 46620, NULL, NULL, 11, '2019-10-24 10:43:31', NULL, 'Y', 3, NULL, 1, 'LOAN', 0, 0, 0, NULL, 'N'),
(206, 77700, 0, 15, '2019-08-01', '2020-04-01', 10, 5180, 5180, 0, 41440, NULL, NULL, 11, '2019-10-24 10:43:31', NULL, 'Y', 3, NULL, 1, 'LOAN', 0, 0, 0, NULL, 'N'),
(207, 77700, 0, 15, '2019-08-01', '2020-05-01', 11, 5180, 5180, 0, 36260, NULL, NULL, 11, '2019-10-24 10:43:31', NULL, 'Y', 3, NULL, 1, 'LOAN', 0, 0, 0, NULL, 'N'),
(208, 77700, 0, 15, '2019-08-01', '2020-06-01', 12, 5180, 5180, 0, 31080, NULL, NULL, 11, '2019-10-24 10:43:31', NULL, 'Y', 3, NULL, 1, 'LOAN', 0, 0, 0, NULL, 'N'),
(209, 77700, 0, 15, '2019-08-01', '2020-07-01', 13, 5180, 5180, 0, 25900, NULL, NULL, 11, '2019-10-24 10:43:31', NULL, 'Y', 3, NULL, 1, 'LOAN', 0, 0, 0, NULL, 'N'),
(210, 77700, 0, 15, '2019-08-01', '2020-08-01', 14, 5180, 5180, 0, 20720, NULL, NULL, 11, '2019-10-24 10:43:31', NULL, 'Y', 3, NULL, 1, 'LOAN', 0, 0, 0, NULL, 'N'),
(211, 77700, 0, 15, '2019-08-01', '2020-09-01', 15, 5180, 5180, 0, 15540, NULL, NULL, 11, '2019-10-24 10:43:31', NULL, 'Y', 3, NULL, 1, 'LOAN', 0, 0, 0, NULL, 'N'),
(212, 77700, 0, 15, '2019-08-01', '2020-10-01', 16, 5180, 5180, 0, 10360, NULL, NULL, 11, '2019-10-24 10:43:31', NULL, 'Y', 3, NULL, 1, 'LOAN', 0, 0, 0, NULL, 'N'),
(213, 77700, 0, 15, '2019-08-01', '2020-11-01', 17, 5180, 5180, 0, 5180, NULL, NULL, 11, '2019-10-24 10:43:31', NULL, 'Y', 3, NULL, 1, 'LOAN', 0, 0, 0, NULL, 'N'),
(214, 77700, 0, 15, '2019-08-01', '2020-12-01', 18, 5180, 5180, 0, 0, NULL, NULL, 11, '2019-10-24 10:43:31', NULL, 'Y', 3, NULL, 1, 'LOAN', 0, 0, 0, NULL, 'N'),
(215, 59400, 0, 3, '2019-08-01', '2019-06-26', 1, 19800, 19800, 0, 178200, NULL, NULL, 12, '2019-10-24 11:10:08', '2019-10-28 14:31:29', 'Y', 3, 3, 1, 'ADV', 10, 0, 0, NULL, 'Y'),
(216, 59400, 0, 3, '2019-08-01', '2019-08-01', 2, 19800, 19800, 0, 158400, NULL, NULL, 12, '2019-10-24 11:10:08', '2019-10-28 14:32:38', 'Y', 3, 3, 1, 'ADV', 10, 0, 0, NULL, 'Y'),
(217, 59400, 0, 3, '2019-08-01', '2019-09-01', 3, 19800, 19800, 0, 138600, NULL, NULL, 12, '2019-10-24 11:10:08', '2019-10-28 14:33:34', 'Y', 3, 3, 1, 'ADV', 10, 0, 0, NULL, 'Y'),
(218, 138600, 0, 18, '2019-08-01', '2019-10-01', 4, 7700, 7700, 0, 130900, NULL, NULL, 12, '2019-10-24 11:10:08', '2019-10-28 14:34:23', 'Y', 3, 3, 1, 'LOAN', 0, 0, 0, NULL, 'Y'),
(219, 138600, 0, 18, '2019-08-01', '2019-11-01', 5, 7700, 7700, 0, 123200, NULL, NULL, 12, '2019-10-24 11:10:08', '2019-11-04 14:18:01', 'Y', 3, 3, 1, 'LOAN', 0, 0, 0, NULL, 'Y'),
(220, 138600, 0, 18, '2019-08-01', '2019-12-01', 6, 7700, 7700, 0, 115500, NULL, NULL, 12, '2019-10-24 11:10:08', '2019-12-03 15:04:58', 'Y', 3, 3, 1, 'LOAN', 0, 0, 0, NULL, 'Y'),
(221, 138600, 0, 18, '2019-08-01', '2020-01-01', 7, 7700, 7700, 0, 107800, NULL, NULL, 12, '2019-10-24 11:10:08', '2020-01-03 14:31:18', 'Y', 3, 3, 1, 'LOAN', 0, 0, 0, NULL, 'Y'),
(222, 138600, 0, 18, '2019-08-01', '2020-02-01', 8, 7700, 7700, 0, 100100, NULL, NULL, 12, '2019-10-24 11:10:08', '2020-02-03 14:08:40', 'Y', 3, 3, 1, 'LOAN', 0, 0, 0, NULL, 'Y'),
(223, 138600, 0, 18, '2019-08-01', '2020-03-01', 9, 7700, 7700, 0, 92400, NULL, NULL, 12, '2019-10-24 11:10:08', NULL, 'Y', 3, NULL, 1, 'LOAN', 0, 0, 0, NULL, 'N'),
(224, 138600, 0, 18, '2019-08-01', '2020-04-01', 10, 7700, 7700, 0, 84700, NULL, NULL, 12, '2019-10-24 11:10:08', NULL, 'Y', 3, NULL, 1, 'LOAN', 0, 0, 0, NULL, 'N'),
(225, 138600, 0, 18, '2019-08-01', '2020-05-01', 11, 7700, 7700, 0, 77000, NULL, NULL, 12, '2019-10-24 11:10:08', NULL, 'Y', 3, NULL, 1, 'LOAN', 0, 0, 0, NULL, 'N'),
(226, 138600, 0, 18, '2019-08-01', '2020-06-01', 12, 7700, 7700, 0, 69300, NULL, NULL, 12, '2019-10-24 11:10:08', NULL, 'Y', 3, NULL, 1, 'LOAN', 0, 0, 0, NULL, 'N'),
(227, 138600, 0, 18, '2019-08-01', '2020-07-01', 13, 7700, 7700, 0, 61600, NULL, NULL, 12, '2019-10-24 11:10:08', NULL, 'Y', 3, NULL, 1, 'LOAN', 0, 0, 0, NULL, 'N'),
(228, 138600, 0, 18, '2019-08-01', '2020-08-01', 14, 7700, 7700, 0, 53900, NULL, NULL, 12, '2019-10-24 11:10:08', NULL, 'Y', 3, NULL, 1, 'LOAN', 0, 0, 0, NULL, 'N'),
(229, 138600, 0, 18, '2019-08-01', '2020-09-01', 15, 7700, 7700, 0, 46200, NULL, NULL, 12, '2019-10-24 11:10:08', NULL, 'Y', 3, NULL, 1, 'LOAN', 0, 0, 0, NULL, 'N'),
(230, 138600, 0, 18, '2019-08-01', '2020-10-01', 16, 7700, 7700, 0, 38500, NULL, NULL, 12, '2019-10-24 11:10:08', NULL, 'Y', 3, NULL, 1, 'LOAN', 0, 0, 0, NULL, 'N'),
(231, 138600, 0, 18, '2019-08-01', '2020-11-01', 17, 7700, 7700, 0, 30800, NULL, NULL, 12, '2019-10-24 11:10:08', NULL, 'Y', 3, NULL, 1, 'LOAN', 0, 0, 0, NULL, 'N'),
(232, 138600, 0, 18, '2019-08-01', '2020-12-01', 18, 7700, 7700, 0, 23100, NULL, NULL, 12, '2019-10-24 11:10:08', NULL, 'Y', 3, NULL, 1, 'LOAN', 0, 0, 0, NULL, 'N'),
(233, 138600, 0, 18, '2019-08-01', '2021-01-01', 19, 7700, 7700, 0, 15400, NULL, NULL, 12, '2019-10-24 11:10:08', NULL, 'Y', 3, NULL, 1, 'LOAN', 0, 0, 0, NULL, 'N'),
(234, 138600, 0, 18, '2019-08-01', '2021-02-01', 20, 7700, 7700, 0, 7700, NULL, NULL, 12, '2019-10-24 11:10:08', NULL, 'Y', 3, NULL, 1, 'LOAN', 0, 0, 0, NULL, 'N'),
(235, 138600, 0, 18, '2019-08-01', '2021-03-01', 21, 7700, 7700, 0, 0, NULL, NULL, 12, '2019-10-24 11:10:08', NULL, 'Y', 3, NULL, 1, 'LOAN', 0, 0, 0, NULL, 'N'),
(236, 65700, 0, 3, '2019-08-01', '2019-06-24', 1, 21900, 21900, 0, 197100, NULL, NULL, 13, '2019-10-24 11:20:33', '2019-10-24 11:22:11', 'Y', 3, 3, 1, 'ADV', 10, 0, 0, NULL, 'Y'),
(237, 65700, 0, 3, '2019-08-01', '2019-08-01', 2, 21900, 21900, 0, 175200, NULL, NULL, 13, '2019-10-24 11:20:33', '2019-10-24 11:22:43', 'Y', 3, 3, 1, 'ADV', 10, 0, 0, NULL, 'Y'),
(238, 65700, 0, 3, '2019-08-01', '2019-09-01', 3, 21900, 21900, 0, 153300, NULL, NULL, 13, '2019-10-24 11:20:33', '2019-10-24 11:23:29', 'Y', 3, 3, 1, 'ADV', 10, 0, 0, NULL, 'Y'),
(239, 153300, 0, 15, '2019-08-01', '2019-10-01', 4, 10220, 10220, 0, 143080, NULL, NULL, 13, '2019-10-24 11:20:33', '2019-10-24 11:24:49', 'Y', 3, 3, 1, 'LOAN', 0, 0, 0, NULL, 'Y'),
(240, 153300, 0, 15, '2019-08-01', '2019-11-01', 5, 10220, 10220, 0, 132860, NULL, NULL, 13, '2019-10-24 11:20:33', '2019-11-01 12:51:03', 'Y', 3, 3, 1, 'LOAN', 0, 0, 0, NULL, 'Y'),
(241, 153300, 0, 15, '2019-08-01', '2019-12-01', 6, 10220, 10220, 0, 122640, NULL, NULL, 13, '2019-10-24 11:20:33', '2019-12-02 16:41:11', 'Y', 3, 3, 1, 'LOAN', 0, 0, 0, NULL, 'Y'),
(242, 153300, 0, 15, '2019-08-01', '2020-01-01', 7, 10220, 10220, 0, 112420, NULL, NULL, 13, '2019-10-24 11:20:33', '2020-01-06 16:56:26', 'Y', 3, 3, 1, 'LOAN', 0, 0, 0, NULL, 'Y'),
(243, 153300, 0, 15, '2019-08-01', '2020-02-01', 8, 10220, 10220, 0, 102200, NULL, NULL, 13, '2019-10-24 11:20:33', NULL, 'Y', 3, NULL, 1, 'LOAN', 0, 0, 0, NULL, 'N'),
(244, 153300, 0, 15, '2019-08-01', '2020-03-01', 9, 10220, 10220, 0, 91980, NULL, NULL, 13, '2019-10-24 11:20:33', NULL, 'Y', 3, NULL, 1, 'LOAN', 0, 0, 0, NULL, 'N'),
(245, 153300, 0, 15, '2019-08-01', '2020-04-01', 10, 10220, 10220, 0, 81760, NULL, NULL, 13, '2019-10-24 11:20:33', NULL, 'Y', 3, NULL, 1, 'LOAN', 0, 0, 0, NULL, 'N'),
(246, 153300, 0, 15, '2019-08-01', '2020-05-01', 11, 10220, 10220, 0, 71540, NULL, NULL, 13, '2019-10-24 11:20:33', NULL, 'Y', 3, NULL, 1, 'LOAN', 0, 0, 0, NULL, 'N'),
(247, 153300, 0, 15, '2019-08-01', '2020-06-01', 12, 10220, 10220, 0, 61320, NULL, NULL, 13, '2019-10-24 11:20:33', NULL, 'Y', 3, NULL, 1, 'LOAN', 0, 0, 0, NULL, 'N'),
(248, 153300, 0, 15, '2019-08-01', '2020-07-01', 13, 10220, 10220, 0, 51100, NULL, NULL, 13, '2019-10-24 11:20:33', NULL, 'Y', 3, NULL, 1, 'LOAN', 0, 0, 0, NULL, 'N'),
(249, 153300, 0, 15, '2019-08-01', '2020-08-01', 14, 10220, 10220, 0, 40880, NULL, NULL, 13, '2019-10-24 11:20:33', NULL, 'Y', 3, NULL, 1, 'LOAN', 0, 0, 0, NULL, 'N'),
(250, 153300, 0, 15, '2019-08-01', '2020-09-01', 15, 10220, 10220, 0, 30660, NULL, NULL, 13, '2019-10-24 11:20:33', NULL, 'Y', 3, NULL, 1, 'LOAN', 0, 0, 0, NULL, 'N'),
(251, 153300, 0, 15, '2019-08-01', '2020-10-01', 16, 10220, 10220, 0, 20440, NULL, NULL, 13, '2019-10-24 11:20:33', NULL, 'Y', 3, NULL, 1, 'LOAN', 0, 0, 0, NULL, 'N'),
(252, 153300, 0, 15, '2019-08-01', '2020-11-01', 17, 10220, 10220, 0, 10220, NULL, NULL, 13, '2019-10-24 11:20:33', NULL, 'Y', 3, NULL, 1, 'LOAN', 0, 0, 0, NULL, 'N'),
(253, 153300, 0, 15, '2019-08-01', '2020-12-01', 18, 10220, 10220, 0, 0, NULL, NULL, 13, '2019-10-24 11:20:33', NULL, 'Y', 3, NULL, 1, 'LOAN', 0, 0, 0, NULL, 'N'),
(254, 2000, 0, 1, '2019-09-01', '2019-07-23', 1, 2000, 2000, 0, 123000, NULL, NULL, 14, '2019-10-24 11:43:01', NULL, 'Y', 3, NULL, 1, 'BOOK', 0, 0, 0, NULL, 'Y'),
(255, 37500, 0, 3, '2019-09-01', '2019-07-30', 2, 10500, 10500, 0, 112500, NULL, NULL, 14, '2019-10-24 11:43:01', '2019-10-24 11:47:08', 'Y', 3, 3, 1, 'ADV', 10, 0, 0, NULL, 'Y'),
(256, 37500, 0, 3, '2019-09-01', '2019-09-01', 3, 12500, 12500, 0, 100000, NULL, NULL, 14, '2019-10-24 11:43:01', '2019-10-24 11:47:45', 'Y', 3, 3, 1, 'ADV', 10, 0, 0, NULL, 'Y'),
(257, 37500, 0, 3, '2019-09-01', '2019-10-01', 4, 12500, 12500, 0, 87500, NULL, NULL, 14, '2019-10-24 11:43:01', '2019-10-24 11:48:33', 'Y', 3, 3, 1, 'ADV', 10, 0, 0, NULL, 'Y'),
(258, 87500, 0, 1, '2019-09-01', '2019-11-01', 5, 87500, 87500, 0, 0, NULL, NULL, 14, '2019-10-24 11:43:01', NULL, 'Y', 3, NULL, 1, 'LEFT', 70, 0, 0, NULL, 'N'),
(259, 135000, 0, 1, '2019-07-25', '2019-07-25', 1, 124200, 124200, 0, 0, NULL, NULL, 15, '2019-10-24 11:59:51', '2019-10-24 12:03:00', 'Y', 3, 3, 1, 'ADV', 100, 10800, 8, NULL, 'Y'),
(260, 2000, 0, 1, '2019-09-01', '2019-07-25', 1, 2000, 2000, 0, 113000, NULL, NULL, 16, '2019-10-24 12:12:49', NULL, 'Y', 3, NULL, 1, 'BOOK', 0, 0, 0, NULL, 'Y'),
(261, 34500, 0, 3, '2019-09-01', '2019-08-01', 2, 9500, 9500, 0, 103500, NULL, NULL, 16, '2019-10-24 12:12:49', '2019-10-24 12:14:45', 'Y', 3, 3, 1, 'ADV', 10, 0, 0, NULL, 'Y'),
(262, 34500, 0, 3, '2019-09-01', '2019-09-01', 3, 11500, 11500, 0, 92000, NULL, NULL, 16, '2019-10-24 12:12:49', '2019-10-24 12:15:47', 'Y', 3, 3, 1, 'ADV', 10, 0, 0, NULL, 'Y'),
(263, 34500, 0, 3, '2019-09-01', '2019-10-01', 4, 11500, 11500, 0, 80500, NULL, NULL, 16, '2019-10-24 12:12:49', '2019-10-24 12:17:41', 'Y', 3, 3, 1, 'ADV', 10, 0, 0, NULL, 'Y'),
(264, 80500, 0, 15, '2019-09-01', '2019-11-01', 5, 5366.67, 5366.67, 0, 75133.33, NULL, NULL, 16, '2019-10-24 12:12:49', '2019-11-05 14:53:36', 'Y', 3, 3, 1, 'LOAN', 0, 0, 0, NULL, 'Y'),
(265, 80500, 0, 15, '2019-09-01', '2019-12-01', 6, 5366.67, 5366.67, 0, 69766.66, NULL, NULL, 16, '2019-10-24 12:12:49', '2019-12-05 13:55:46', 'Y', 3, 3, 1, 'LOAN', 0, 0, 0, NULL, 'Y'),
(266, 80500, 0, 15, '2019-09-01', '2020-01-01', 7, 5366.67, 5366.67, 0, 64399.99, NULL, NULL, 16, '2019-10-24 12:12:49', '2020-01-05 15:37:08', 'Y', 3, 3, 1, 'LOAN', 0, 0, 0, NULL, 'Y'),
(267, 80500, 0, 15, '2019-09-01', '2020-02-01', 8, 5366.67, 5366.67, 0, 59033.32, NULL, NULL, 16, '2019-10-24 12:12:49', '2020-02-08 15:05:16', 'Y', 3, 3, 1, 'LOAN', 0, 0, 0, NULL, 'Y'),
(268, 80500, 0, 15, '2019-09-01', '2020-03-01', 9, 5366.67, 5366.67, 0, 53666.65, NULL, NULL, 16, '2019-10-24 12:12:49', NULL, 'Y', 3, NULL, 1, 'LOAN', 0, 0, 0, NULL, 'N'),
(269, 80500, 0, 15, '2019-09-01', '2020-04-01', 10, 5366.67, 5366.67, 0, 48299.98, NULL, NULL, 16, '2019-10-24 12:12:49', NULL, 'Y', 3, NULL, 1, 'LOAN', 0, 0, 0, NULL, 'N'),
(270, 80500, 0, 15, '2019-09-01', '2020-05-01', 11, 5366.67, 5366.67, 0, 42933.31, NULL, NULL, 16, '2019-10-24 12:12:49', NULL, 'Y', 3, NULL, 1, 'LOAN', 0, 0, 0, NULL, 'N'),
(271, 80500, 0, 15, '2019-09-01', '2020-06-01', 12, 5366.67, 5366.67, 0, 37566.64, NULL, NULL, 16, '2019-10-24 12:12:49', NULL, 'Y', 3, NULL, 1, 'LOAN', 0, 0, 0, NULL, 'N'),
(272, 80500, 0, 15, '2019-09-01', '2020-07-01', 13, 5366.67, 5366.67, 0, 32199.97, NULL, NULL, 16, '2019-10-24 12:12:49', NULL, 'Y', 3, NULL, 1, 'LOAN', 0, 0, 0, NULL, 'N'),
(273, 80500, 0, 15, '2019-09-01', '2020-08-01', 14, 5366.67, 5366.67, 0, 26833.3, NULL, NULL, 16, '2019-10-24 12:12:49', NULL, 'Y', 3, NULL, 1, 'LOAN', 0, 0, 0, NULL, 'N'),
(274, 80500, 0, 15, '2019-09-01', '2020-09-01', 15, 5366.67, 5366.67, 0, 21466.63, NULL, NULL, 16, '2019-10-24 12:12:49', NULL, 'Y', 3, NULL, 1, 'LOAN', 0, 0, 0, NULL, 'N'),
(275, 80500, 0, 15, '2019-09-01', '2020-10-01', 16, 5366.67, 5366.67, 0, 16099.96, NULL, NULL, 16, '2019-10-24 12:12:49', NULL, 'Y', 3, NULL, 1, 'LOAN', 0, 0, 0, NULL, 'N'),
(276, 80500, 0, 15, '2019-09-01', '2020-11-01', 17, 5366.67, 5366.67, 0, 10733.29, NULL, NULL, 16, '2019-10-24 12:12:49', NULL, 'Y', 3, NULL, 1, 'LOAN', 0, 0, 0, NULL, 'N'),
(277, 80500, 0, 15, '2019-09-01', '2020-12-01', 18, 5366.67, 5366.67, 0, 5366.62, NULL, NULL, 16, '2019-10-24 12:12:49', NULL, 'Y', 3, NULL, 1, 'LOAN', 0, 0, 0, NULL, 'N'),
(278, 80500, 0, 15, '2019-09-01', '2021-01-01', 19, 5366.67, 5366.67, 0, 0, NULL, NULL, 16, '2019-10-24 12:12:49', NULL, 'Y', 3, NULL, 1, 'LOAN', 0, 0, 0, NULL, 'N'),
(279, 2000, 0, 1, '2019-09-01', '2019-07-31', 1, 2000, 2000, 0, 123000, NULL, NULL, 17, '2019-10-24 14:52:59', NULL, 'Y', 3, NULL, 1, 'BOOK', 0, 0, 0, NULL, 'Y'),
(280, 37500, 0, 3, '2019-09-01', '2019-08-07', 2, 10500, 10500, 0, 112500, NULL, NULL, 17, '2019-10-24 14:52:59', '2019-10-24 14:55:22', 'Y', 3, 3, 1, 'ADV', 10, 0, 0, NULL, 'Y'),
(281, 37500, 0, 3, '2019-09-01', '2019-09-01', 3, 12500, 12500, 0, 100000, NULL, NULL, 17, '2019-10-24 14:52:59', '2019-10-24 14:56:11', 'Y', 3, 3, 1, 'ADV', 10, 0, 0, NULL, 'Y'),
(282, 37500, 0, 3, '2019-09-01', '2019-10-01', 4, 12500, 12500, 0, 87500, NULL, NULL, 17, '2019-10-24 14:52:59', '2019-10-24 14:57:25', 'Y', 3, 3, 1, 'ADV', 10, 0, 0, NULL, 'Y'),
(283, 87500, 0, 15, '2019-09-01', '2019-11-01', 5, 5833.33, 5833.33, 0, 81666.67, NULL, NULL, 17, '2019-10-24 14:52:59', NULL, 'Y', 3, NULL, 1, 'LOAN', 0, 0, 0, NULL, 'N'),
(284, 87500, 0, 15, '2019-09-01', '2019-12-01', 6, 5833.33, 5833.33, 0, 75833.34, NULL, NULL, 17, '2019-10-24 14:52:59', NULL, 'Y', 3, NULL, 1, 'LOAN', 0, 0, 0, NULL, 'N'),
(285, 87500, 0, 15, '2019-09-01', '2020-01-01', 7, 5833.33, 5833.33, 0, 70000.01, NULL, NULL, 17, '2019-10-24 14:52:59', NULL, 'Y', 3, NULL, 1, 'LOAN', 0, 0, 0, NULL, 'N'),
(286, 87500, 0, 15, '2019-09-01', '2020-02-01', 8, 5833.33, 5833.33, 0, 64166.68, NULL, NULL, 17, '2019-10-24 14:52:59', NULL, 'Y', 3, NULL, 1, 'LOAN', 0, 0, 0, NULL, 'N'),
(287, 87500, 0, 15, '2019-09-01', '2020-03-01', 9, 5833.33, 5833.33, 0, 58333.35, NULL, NULL, 17, '2019-10-24 14:52:59', NULL, 'Y', 3, NULL, 1, 'LOAN', 0, 0, 0, NULL, 'N'),
(288, 87500, 0, 15, '2019-09-01', '2020-04-01', 10, 5833.33, 5833.33, 0, 52500.02, NULL, NULL, 17, '2019-10-24 14:52:59', NULL, 'Y', 3, NULL, 1, 'LOAN', 0, 0, 0, NULL, 'N'),
(289, 87500, 0, 15, '2019-09-01', '2020-05-01', 11, 5833.33, 5833.33, 0, 46666.69, NULL, NULL, 17, '2019-10-24 14:52:59', NULL, 'Y', 3, NULL, 1, 'LOAN', 0, 0, 0, NULL, 'N'),
(290, 87500, 0, 15, '2019-09-01', '2020-06-01', 12, 5833.33, 5833.33, 0, 40833.36, NULL, NULL, 17, '2019-10-24 14:52:59', NULL, 'Y', 3, NULL, 1, 'LOAN', 0, 0, 0, NULL, 'N'),
(291, 87500, 0, 15, '2019-09-01', '2020-07-01', 13, 5833.33, 5833.33, 0, 35000.03, NULL, NULL, 17, '2019-10-24 14:52:59', NULL, 'Y', 3, NULL, 1, 'LOAN', 0, 0, 0, NULL, 'N'),
(292, 87500, 0, 15, '2019-09-01', '2020-08-01', 14, 5833.33, 5833.33, 0, 29166.7, NULL, NULL, 17, '2019-10-24 14:52:59', NULL, 'Y', 3, NULL, 1, 'LOAN', 0, 0, 0, NULL, 'N'),
(293, 87500, 0, 15, '2019-09-01', '2020-09-01', 15, 5833.33, 5833.33, 0, 23333.37, NULL, NULL, 17, '2019-10-24 14:52:59', NULL, 'Y', 3, NULL, 1, 'LOAN', 0, 0, 0, NULL, 'N'),
(294, 87500, 0, 15, '2019-09-01', '2020-10-01', 16, 5833.33, 5833.33, 0, 17500.04, NULL, NULL, 17, '2019-10-24 14:52:59', NULL, 'Y', 3, NULL, 1, 'LOAN', 0, 0, 0, NULL, 'N');
INSERT INTO `tbl_installment` (`inst_id`, `inst_loan_amount`, `inst_interest_rate`, `inst_period_month`, `inst_first_installment_date`, `inst_date`, `inst_num`, `inst_amt_pay`, `inst_amt_principle`, `inst_amt_interest`, `inst_amt_balance`, `inst_amt_penalty`, `inst_cancel_yn`, `sell_id`, `regDt`, `upDt`, `useYn`, `regUsr`, `upUsr`, `com_id`, `inst_type`, `inst_pay_per`, `inst_dis_amt`, `inst_dis_per`, `inst_loan_amount_per`, `inst_paid_yn`) VALUES
(295, 87500, 0, 15, '2019-09-01', '2020-11-01', 17, 5833.33, 5833.33, 0, 11666.71, NULL, NULL, 17, '2019-10-24 14:52:59', NULL, 'Y', 3, NULL, 1, 'LOAN', 0, 0, 0, NULL, 'N'),
(296, 87500, 0, 15, '2019-09-01', '2020-12-01', 18, 5833.33, 5833.33, 0, 5833.38, NULL, NULL, 17, '2019-10-24 14:52:59', NULL, 'Y', 3, NULL, 1, 'LOAN', 0, 0, 0, NULL, 'N'),
(297, 87500, 0, 15, '2019-09-01', '2021-01-01', 19, 5833.33, 5833.33, 0, 0, NULL, NULL, 17, '2019-10-24 14:52:59', NULL, 'Y', 3, NULL, 1, 'LOAN', 0, 0, 0, NULL, 'N'),
(298, 34500, 0, 1, '2019-09-01', '2019-08-05', 1, 34500, 34500, 0, 80500, NULL, NULL, 18, '2019-10-24 15:07:13', '2019-10-24 15:09:02', 'Y', 3, 3, 1, 'ADV', 30, 0, 0, NULL, 'Y'),
(299, 80500, 0, 17, '2019-09-01', '2019-09-01', 2, 4735.29, 4735.29, 0, 75764.71, NULL, NULL, 18, '2019-10-24 15:07:13', '2019-10-24 15:11:14', 'Y', 3, 3, 1, 'LOAN', 0, 0, 0, NULL, 'Y'),
(300, 80500, 0, 17, '2019-09-01', '2019-10-01', 3, 4735.29, 4735.29, 0, 71029.42, NULL, NULL, 18, '2019-10-24 15:07:13', '2019-10-24 15:13:23', 'Y', 3, 3, 1, 'LOAN', 0, 0, 0, NULL, 'Y'),
(301, 80500, 0, 17, '2019-09-01', '2019-11-01', 4, 4735.29, 4735.29, 0, 66294.13, NULL, NULL, 18, '2019-10-24 15:07:13', '2019-11-05 14:54:41', 'Y', 3, 3, 1, 'LOAN', 0, 0, 0, NULL, 'Y'),
(302, 80500, 0, 17, '2019-09-01', '2019-12-01', 5, 4735.29, 4735.29, 0, 61558.84, NULL, NULL, 18, '2019-10-24 15:07:13', '2019-12-05 14:13:17', 'Y', 3, 3, 1, 'LOAN', 0, 0, 0, NULL, 'Y'),
(303, 80500, 0, 17, '2019-09-01', '2020-01-01', 6, 4735.29, 4735.29, 0, 56823.55, NULL, NULL, 18, '2019-10-24 15:07:13', '2020-01-05 15:38:01', 'Y', 3, 3, 1, 'LOAN', 0, 0, 0, NULL, 'Y'),
(304, 80500, 0, 17, '2019-09-01', '2020-02-01', 7, 4735.29, 4735.29, 0, 52088.26, NULL, NULL, 18, '2019-10-24 15:07:13', '2020-02-08 15:05:35', 'Y', 3, 3, 1, 'LOAN', 0, 0, 0, NULL, 'Y'),
(305, 80500, 0, 17, '2019-09-01', '2020-03-01', 8, 4735.29, 4735.29, 0, 47352.97, NULL, NULL, 18, '2019-10-24 15:07:13', NULL, 'Y', 3, NULL, 1, 'LOAN', 0, 0, 0, NULL, 'N'),
(306, 80500, 0, 17, '2019-09-01', '2020-04-01', 9, 4735.29, 4735.29, 0, 42617.68, NULL, NULL, 18, '2019-10-24 15:07:13', NULL, 'Y', 3, NULL, 1, 'LOAN', 0, 0, 0, NULL, 'N'),
(307, 80500, 0, 17, '2019-09-01', '2020-05-01', 10, 4735.29, 4735.29, 0, 37882.39, NULL, NULL, 18, '2019-10-24 15:07:13', NULL, 'Y', 3, NULL, 1, 'LOAN', 0, 0, 0, NULL, 'N'),
(308, 80500, 0, 17, '2019-09-01', '2020-06-01', 11, 4735.29, 4735.29, 0, 33147.1, NULL, NULL, 18, '2019-10-24 15:07:13', NULL, 'Y', 3, NULL, 1, 'LOAN', 0, 0, 0, NULL, 'N'),
(309, 80500, 0, 17, '2019-09-01', '2020-07-01', 12, 4735.29, 4735.29, 0, 28411.81, NULL, NULL, 18, '2019-10-24 15:07:13', NULL, 'Y', 3, NULL, 1, 'LOAN', 0, 0, 0, NULL, 'N'),
(310, 80500, 0, 17, '2019-09-01', '2020-08-01', 13, 4735.29, 4735.29, 0, 23676.52, NULL, NULL, 18, '2019-10-24 15:07:13', NULL, 'Y', 3, NULL, 1, 'LOAN', 0, 0, 0, NULL, 'N'),
(311, 80500, 0, 17, '2019-09-01', '2020-09-01', 14, 4735.29, 4735.29, 0, 18941.23, NULL, NULL, 18, '2019-10-24 15:07:13', NULL, 'Y', 3, NULL, 1, 'LOAN', 0, 0, 0, NULL, 'N'),
(312, 80500, 0, 17, '2019-09-01', '2020-10-01', 15, 4735.29, 4735.29, 0, 14205.94, NULL, NULL, 18, '2019-10-24 15:07:13', NULL, 'Y', 3, NULL, 1, 'LOAN', 0, 0, 0, NULL, 'N'),
(313, 80500, 0, 17, '2019-09-01', '2020-11-01', 16, 4735.29, 4735.29, 0, 9470.65, NULL, NULL, 18, '2019-10-24 15:07:13', NULL, 'Y', 3, NULL, 1, 'LOAN', 0, 0, 0, NULL, 'N'),
(314, 80500, 0, 17, '2019-09-01', '2020-12-01', 17, 4735.29, 4735.29, 0, 4735.36, NULL, NULL, 18, '2019-10-24 15:07:13', NULL, 'Y', 3, NULL, 1, 'LOAN', 0, 0, 0, NULL, 'N'),
(315, 80500, 0, 17, '2019-09-01', '2021-01-01', 18, 4735.29, 4735.29, 0, 0, NULL, NULL, 18, '2019-10-24 15:07:13', NULL, 'Y', 3, NULL, 1, 'LOAN', 0, 0, 0, NULL, 'N'),
(316, 2000, 0, 1, '2019-11-01', '2019-10-03', 1, 2000, 2000, 0, 133000, NULL, NULL, 19, '2019-10-24 15:27:27', NULL, 'Y', 3, NULL, 1, 'BOOK', 0, 0, 0, NULL, 'Y'),
(317, 40500, 0, 6, '2019-11-01', '2019-10-05', 2, 4750, 4750, 0, 128250, NULL, NULL, 19, '2019-10-24 15:27:27', '2019-10-24 15:44:59', 'Y', 3, 3, 1, 'ADV', 5, 0, 0, NULL, 'Y'),
(318, 40500, 0, 6, '2019-11-01', '2019-11-01', 3, 6750, 6750, 0, 121500, NULL, NULL, 19, '2019-10-24 15:27:27', '2019-10-24 15:50:43', 'Y', 3, 3, 1, 'ADV', 5, 0, 0, NULL, 'Y'),
(319, 40500, 0, 6, '2019-11-01', '2019-12-01', 4, 6750, 6750, 0, 114750, NULL, NULL, 19, '2019-10-24 15:27:27', '2019-10-24 15:57:07', 'Y', 3, 3, 1, 'ADV', 5, 0, 0, NULL, 'Y'),
(320, 40500, 0, 6, '2019-11-01', '2020-01-01', 5, 6750, 6750, 0, 108000, NULL, NULL, 19, '2019-10-24 15:27:27', '2019-12-28 11:27:23', 'Y', 3, 3, 1, 'ADV', 5, 0, 0, NULL, 'Y'),
(321, 40500, 0, 6, '2019-11-01', '2020-02-01', 6, 6750, 6750, 0, 101250, NULL, NULL, 19, '2019-10-24 15:27:27', '2019-12-28 11:28:42', 'Y', 3, 3, 1, 'ADV', 5, 0, 0, NULL, 'Y'),
(322, 40500, 0, 6, '2019-11-01', '2020-03-01', 7, 6750, 6750, 0, 94500, NULL, NULL, 19, '2019-10-24 15:27:27', '2019-12-28 11:29:17', 'Y', 3, 3, 1, 'ADV', 5, 0, 0, NULL, 'Y'),
(323, 94500, 0, 21, '2019-11-01', '2020-04-01', 8, 4500, 4500, 0, 90000, NULL, NULL, 19, '2019-10-24 15:27:27', '2019-12-28 11:29:40', 'Y', 3, 3, 1, 'LOAN', 0, 0, 0, NULL, 'Y'),
(324, 94500, 0, 21, '2019-11-01', '2020-05-01', 9, 4500, 4500, 0, 85500, NULL, NULL, 19, '2019-10-24 15:27:27', NULL, 'Y', 3, NULL, 1, 'LOAN', 0, 0, 0, NULL, 'N'),
(325, 94500, 0, 21, '2019-11-01', '2020-06-01', 10, 4500, 4500, 0, 81000, NULL, NULL, 19, '2019-10-24 15:27:27', NULL, 'Y', 3, NULL, 1, 'LOAN', 0, 0, 0, NULL, 'N'),
(326, 94500, 0, 21, '2019-11-01', '2020-07-01', 11, 4500, 4500, 0, 76500, NULL, NULL, 19, '2019-10-24 15:27:27', NULL, 'Y', 3, NULL, 1, 'LOAN', 0, 0, 0, NULL, 'N'),
(327, 94500, 0, 21, '2019-11-01', '2020-08-01', 12, 4500, 4500, 0, 72000, NULL, NULL, 19, '2019-10-24 15:27:27', NULL, 'Y', 3, NULL, 1, 'LOAN', 0, 0, 0, NULL, 'N'),
(328, 94500, 0, 21, '2019-11-01', '2020-09-01', 13, 4500, 4500, 0, 67500, NULL, NULL, 19, '2019-10-24 15:27:27', NULL, 'Y', 3, NULL, 1, 'LOAN', 0, 0, 0, NULL, 'N'),
(329, 94500, 0, 21, '2019-11-01', '2020-10-01', 14, 4500, 4500, 0, 63000, NULL, NULL, 19, '2019-10-24 15:27:27', NULL, 'Y', 3, NULL, 1, 'LOAN', 0, 0, 0, NULL, 'N'),
(330, 94500, 0, 21, '2019-11-01', '2020-11-01', 15, 4500, 4500, 0, 58500, NULL, NULL, 19, '2019-10-24 15:27:27', NULL, 'Y', 3, NULL, 1, 'LOAN', 0, 0, 0, NULL, 'N'),
(331, 94500, 0, 21, '2019-11-01', '2020-12-01', 16, 4500, 4500, 0, 54000, NULL, NULL, 19, '2019-10-24 15:27:27', NULL, 'Y', 3, NULL, 1, 'LOAN', 0, 0, 0, NULL, 'N'),
(332, 94500, 0, 21, '2019-11-01', '2021-01-01', 17, 4500, 4500, 0, 49500, NULL, NULL, 19, '2019-10-24 15:27:27', NULL, 'Y', 3, NULL, 1, 'LOAN', 0, 0, 0, NULL, 'N'),
(333, 94500, 0, 21, '2019-11-01', '2021-02-01', 18, 4500, 4500, 0, 45000, NULL, NULL, 19, '2019-10-24 15:27:27', NULL, 'Y', 3, NULL, 1, 'LOAN', 0, 0, 0, NULL, 'N'),
(334, 94500, 0, 21, '2019-11-01', '2021-03-01', 19, 4500, 4500, 0, 40500, NULL, NULL, 19, '2019-10-24 15:27:27', NULL, 'Y', 3, NULL, 1, 'LOAN', 0, 0, 0, NULL, 'N'),
(335, 94500, 0, 21, '2019-11-01', '2021-04-01', 20, 4500, 4500, 0, 36000, NULL, NULL, 19, '2019-10-24 15:27:27', NULL, 'Y', 3, NULL, 1, 'LOAN', 0, 0, 0, NULL, 'N'),
(336, 94500, 0, 21, '2019-11-01', '2021-05-01', 21, 4500, 4500, 0, 31500, NULL, NULL, 19, '2019-10-24 15:27:27', NULL, 'Y', 3, NULL, 1, 'LOAN', 0, 0, 0, NULL, 'N'),
(337, 94500, 0, 21, '2019-11-01', '2021-06-01', 22, 4500, 4500, 0, 27000, NULL, NULL, 19, '2019-10-24 15:27:27', NULL, 'Y', 3, NULL, 1, 'LOAN', 0, 0, 0, NULL, 'N'),
(338, 94500, 0, 21, '2019-11-01', '2021-07-01', 23, 4500, 4500, 0, 22500, NULL, NULL, 19, '2019-10-24 15:27:27', NULL, 'Y', 3, NULL, 1, 'LOAN', 0, 0, 0, NULL, 'N'),
(339, 94500, 0, 21, '2019-11-01', '2021-08-01', 24, 4500, 4500, 0, 18000, NULL, NULL, 19, '2019-10-24 15:27:27', NULL, 'Y', 3, NULL, 1, 'LOAN', 0, 0, 0, NULL, 'N'),
(340, 94500, 0, 21, '2019-11-01', '2021-09-01', 25, 4500, 4500, 0, 13500, NULL, NULL, 19, '2019-10-24 15:27:27', NULL, 'Y', 3, NULL, 1, 'LOAN', 0, 0, 0, NULL, 'N'),
(341, 94500, 0, 21, '2019-11-01', '2021-10-01', 26, 4500, 4500, 0, 9000, NULL, NULL, 19, '2019-10-24 15:27:27', NULL, 'Y', 3, NULL, 1, 'LOAN', 0, 0, 0, NULL, 'N'),
(342, 94500, 0, 21, '2019-11-01', '2021-11-01', 27, 4500, 4500, 0, 4500, NULL, NULL, 19, '2019-10-24 15:27:27', NULL, 'Y', 3, NULL, 1, 'LOAN', 0, 0, 0, NULL, 'N'),
(343, 94500, 0, 21, '2019-11-01', '2021-12-01', 28, 4500, 4500, 0, 0, NULL, NULL, 19, '2019-10-24 15:27:27', NULL, 'Y', 3, NULL, 1, 'LOAN', 0, 0, 0, NULL, 'N'),
(344, 2000, 0, 1, '2019-11-01', '2019-09-06', 1, 2000, 2000, 0, 133000, NULL, NULL, 20, '2019-10-28 15:25:33', NULL, 'Y', 3, NULL, 1, 'BOOK', 0, 0, 0, NULL, 'Y'),
(345, 67500, 0, 1, '2019-11-01', '2019-10-11', 2, 62800, 62800, 0, 67500, NULL, NULL, 20, '2019-10-28 15:25:33', '2019-10-28 15:29:12', 'Y', 3, 3, 1, 'ADV', 50, 2700, 4, NULL, 'Y'),
(346, 67500, 0, 17, '2019-11-01', '2019-11-01', 3, 3970.59, 3970.59, 0, 63529.41, NULL, NULL, 20, '2019-10-28 15:25:33', NULL, 'Y', 3, NULL, 1, 'LOAN', 0, 0, 0, NULL, 'N'),
(347, 67500, 0, 17, '2019-11-01', '2019-12-01', 4, 3970.59, 3970.59, 0, 59558.82, NULL, NULL, 20, '2019-10-28 15:25:33', NULL, 'Y', 3, NULL, 1, 'LOAN', 0, 0, 0, NULL, 'N'),
(348, 67500, 0, 17, '2019-11-01', '2020-01-01', 5, 3970.59, 3970.59, 0, 55588.23, NULL, NULL, 20, '2019-10-28 15:25:33', NULL, 'Y', 3, NULL, 1, 'LOAN', 0, 0, 0, NULL, 'N'),
(349, 67500, 0, 17, '2019-11-01', '2020-02-01', 6, 3970.59, 3970.59, 0, 51617.64, NULL, NULL, 20, '2019-10-28 15:25:33', NULL, 'Y', 3, NULL, 1, 'LOAN', 0, 0, 0, NULL, 'N'),
(350, 67500, 0, 17, '2019-11-01', '2020-03-01', 7, 3970.59, 3970.59, 0, 47647.05, NULL, NULL, 20, '2019-10-28 15:25:33', NULL, 'Y', 3, NULL, 1, 'LOAN', 0, 0, 0, NULL, 'N'),
(351, 67500, 0, 17, '2019-11-01', '2020-04-01', 8, 3970.59, 3970.59, 0, 43676.46, NULL, NULL, 20, '2019-10-28 15:25:33', NULL, 'Y', 3, NULL, 1, 'LOAN', 0, 0, 0, NULL, 'N'),
(352, 67500, 0, 17, '2019-11-01', '2020-05-01', 9, 3970.59, 3970.59, 0, 39705.87, NULL, NULL, 20, '2019-10-28 15:25:33', NULL, 'Y', 3, NULL, 1, 'LOAN', 0, 0, 0, NULL, 'N'),
(353, 67500, 0, 17, '2019-11-01', '2020-06-01', 10, 3970.59, 3970.59, 0, 35735.28, NULL, NULL, 20, '2019-10-28 15:25:33', NULL, 'Y', 3, NULL, 1, 'LOAN', 0, 0, 0, NULL, 'N'),
(354, 67500, 0, 17, '2019-11-01', '2020-07-01', 11, 3970.59, 3970.59, 0, 31764.69, NULL, NULL, 20, '2019-10-28 15:25:33', NULL, 'Y', 3, NULL, 1, 'LOAN', 0, 0, 0, NULL, 'N'),
(355, 67500, 0, 17, '2019-11-01', '2020-08-01', 12, 3970.59, 3970.59, 0, 27794.1, NULL, NULL, 20, '2019-10-28 15:25:33', NULL, 'Y', 3, NULL, 1, 'LOAN', 0, 0, 0, NULL, 'N'),
(356, 67500, 0, 17, '2019-11-01', '2020-09-01', 13, 3970.59, 3970.59, 0, 23823.51, NULL, NULL, 20, '2019-10-28 15:25:33', NULL, 'Y', 3, NULL, 1, 'LOAN', 0, 0, 0, NULL, 'N'),
(357, 67500, 0, 17, '2019-11-01', '2020-10-01', 14, 3970.59, 3970.59, 0, 19852.92, NULL, NULL, 20, '2019-10-28 15:25:33', NULL, 'Y', 3, NULL, 1, 'LOAN', 0, 0, 0, NULL, 'N'),
(358, 67500, 0, 17, '2019-11-01', '2020-11-01', 15, 3970.59, 3970.59, 0, 15882.33, NULL, NULL, 20, '2019-10-28 15:25:33', NULL, 'Y', 3, NULL, 1, 'LOAN', 0, 0, 0, NULL, 'N'),
(359, 67500, 0, 17, '2019-11-01', '2020-12-01', 16, 3970.59, 3970.59, 0, 11911.74, NULL, NULL, 20, '2019-10-28 15:25:33', NULL, 'Y', 3, NULL, 1, 'LOAN', 0, 0, 0, NULL, 'N'),
(360, 67500, 0, 17, '2019-11-01', '2021-01-01', 17, 3970.59, 3970.59, 0, 7941.15, NULL, NULL, 20, '2019-10-28 15:25:33', NULL, 'Y', 3, NULL, 1, 'LOAN', 0, 0, 0, NULL, 'N'),
(361, 67500, 0, 17, '2019-11-01', '2021-02-01', 18, 3970.59, 3970.59, 0, 3970.56, NULL, NULL, 20, '2019-10-28 15:25:33', NULL, 'Y', 3, NULL, 1, 'LOAN', 0, 0, 0, NULL, 'N'),
(362, 67500, 0, 17, '2019-11-01', '2021-03-01', 19, 3970.59, 3970.59, 0, 0, NULL, NULL, 20, '2019-10-28 15:25:33', NULL, 'Y', 3, NULL, 1, 'LOAN', 0, 0, 0, NULL, 'N'),
(363, 36000, 0, 3, '2019-11-01', '2019-10-01', 1, 12000, 12000, 0, 108000, NULL, NULL, 21, '2019-10-28 15:40:02', '2019-10-29 15:27:04', 'Y', 3, 3, 1, 'ADV', 10, 0, 0, NULL, 'Y'),
(364, 36000, 0, 3, '2019-11-01', '2019-11-01', 2, 12000, 12000, 0, 96000, NULL, NULL, 21, '2019-10-28 15:40:02', '2019-11-01 12:45:21', 'Y', 3, 3, 1, 'ADV', 10, 0, 0, NULL, 'Y'),
(365, 36000, 0, 3, '2019-11-01', '2019-12-01', 3, 12000, 12000, 0, 84000, NULL, NULL, 21, '2019-10-28 15:40:02', '2019-12-02 12:28:00', 'Y', 3, 3, 1, 'ADV', 10, 0, 0, NULL, 'Y'),
(366, 84000, 0, 18, '2019-11-01', '2020-01-01', 4, 4666.67, 4666.67, 0, 79333.33, NULL, NULL, 21, '2019-10-28 15:40:02', '2020-01-03 14:47:32', 'Y', 3, 3, 1, 'LOAN', 0, 0, 0, NULL, 'Y'),
(367, 84000, 0, 18, '2019-11-01', '2020-02-01', 5, 4666.67, 4666.67, 0, 74666.66, NULL, NULL, 21, '2019-10-28 15:40:02', '2020-02-01 13:50:37', 'Y', 3, 3, 1, 'LOAN', 0, 0, 0, NULL, 'Y'),
(368, 84000, 0, 18, '2019-11-01', '2020-03-01', 6, 4666.67, 4666.67, 0, 69999.99, NULL, NULL, 21, '2019-10-28 15:40:02', NULL, 'Y', 3, NULL, 1, 'LOAN', 0, 0, 0, NULL, 'N'),
(369, 84000, 0, 18, '2019-11-01', '2020-04-01', 7, 4666.67, 4666.67, 0, 65333.32, NULL, NULL, 21, '2019-10-28 15:40:02', NULL, 'Y', 3, NULL, 1, 'LOAN', 0, 0, 0, NULL, 'N'),
(370, 84000, 0, 18, '2019-11-01', '2020-05-01', 8, 4666.67, 4666.67, 0, 60666.65, NULL, NULL, 21, '2019-10-28 15:40:02', NULL, 'Y', 3, NULL, 1, 'LOAN', 0, 0, 0, NULL, 'N'),
(371, 84000, 0, 18, '2019-11-01', '2020-06-01', 9, 4666.67, 4666.67, 0, 55999.98, NULL, NULL, 21, '2019-10-28 15:40:02', NULL, 'Y', 3, NULL, 1, 'LOAN', 0, 0, 0, NULL, 'N'),
(372, 84000, 0, 18, '2019-11-01', '2020-07-01', 10, 4666.67, 4666.67, 0, 51333.31, NULL, NULL, 21, '2019-10-28 15:40:02', NULL, 'Y', 3, NULL, 1, 'LOAN', 0, 0, 0, NULL, 'N'),
(373, 84000, 0, 18, '2019-11-01', '2020-08-01', 11, 4666.67, 4666.67, 0, 46666.64, NULL, NULL, 21, '2019-10-28 15:40:02', NULL, 'Y', 3, NULL, 1, 'LOAN', 0, 0, 0, NULL, 'N'),
(374, 84000, 0, 18, '2019-11-01', '2020-09-01', 12, 4666.67, 4666.67, 0, 41999.97, NULL, NULL, 21, '2019-10-28 15:40:02', NULL, 'Y', 3, NULL, 1, 'LOAN', 0, 0, 0, NULL, 'N'),
(375, 84000, 0, 18, '2019-11-01', '2020-10-01', 13, 4666.67, 4666.67, 0, 37333.3, NULL, NULL, 21, '2019-10-28 15:40:02', NULL, 'Y', 3, NULL, 1, 'LOAN', 0, 0, 0, NULL, 'N'),
(376, 84000, 0, 18, '2019-11-01', '2020-11-01', 14, 4666.67, 4666.67, 0, 32666.63, NULL, NULL, 21, '2019-10-28 15:40:02', NULL, 'Y', 3, NULL, 1, 'LOAN', 0, 0, 0, NULL, 'N'),
(377, 84000, 0, 18, '2019-11-01', '2020-12-01', 15, 4666.67, 4666.67, 0, 27999.96, NULL, NULL, 21, '2019-10-28 15:40:02', NULL, 'Y', 3, NULL, 1, 'LOAN', 0, 0, 0, NULL, 'N'),
(378, 84000, 0, 18, '2019-11-01', '2021-01-01', 16, 4666.67, 4666.67, 0, 23333.29, NULL, NULL, 21, '2019-10-28 15:40:02', NULL, 'Y', 3, NULL, 1, 'LOAN', 0, 0, 0, NULL, 'N'),
(379, 84000, 0, 18, '2019-11-01', '2021-02-01', 17, 4666.67, 4666.67, 0, 18666.62, NULL, NULL, 21, '2019-10-28 15:40:02', NULL, 'Y', 3, NULL, 1, 'LOAN', 0, 0, 0, NULL, 'N'),
(380, 84000, 0, 18, '2019-11-01', '2021-03-01', 18, 4666.67, 4666.67, 0, 13999.95, NULL, NULL, 21, '2019-10-28 15:40:02', NULL, 'Y', 3, NULL, 1, 'LOAN', 0, 0, 0, NULL, 'N'),
(381, 84000, 0, 18, '2019-11-01', '2021-04-01', 19, 4666.67, 4666.67, 0, 9333.28, NULL, NULL, 21, '2019-10-28 15:40:02', NULL, 'Y', 3, NULL, 1, 'LOAN', 0, 0, 0, NULL, 'N'),
(382, 84000, 0, 18, '2019-11-01', '2021-05-01', 20, 4666.67, 4666.67, 0, 4666.61, NULL, NULL, 21, '2019-10-28 15:40:02', NULL, 'Y', 3, NULL, 1, 'LOAN', 0, 0, 0, NULL, 'N'),
(383, 84000, 0, 18, '2019-11-01', '2021-06-01', 21, 4666.67, 4666.67, 0, 0, NULL, NULL, 21, '2019-10-28 15:40:02', NULL, 'Y', 3, NULL, 1, 'LOAN', 0, 0, 0, NULL, 'N'),
(384, 36000, 0, 3, '2019-11-01', '2019-10-01', 1, 12000, 12000, 0, 108000, NULL, NULL, 22, '2019-10-28 15:53:55', '2019-10-29 15:27:33', 'Y', 3, 3, 1, 'ADV', 10, 0, 0, NULL, 'Y'),
(385, 36000, 0, 3, '2019-11-01', '2019-11-01', 2, 12000, 12000, 0, 96000, NULL, NULL, 22, '2019-10-28 15:53:55', '2019-11-01 12:47:52', 'Y', 3, 3, 1, 'ADV', 10, 0, 0, NULL, 'Y'),
(386, 36000, 0, 3, '2019-11-01', '2019-12-01', 3, 12000, 12000, 0, 84000, NULL, NULL, 22, '2019-10-28 15:53:55', '2019-12-02 12:28:57', 'Y', 3, 3, 1, 'ADV', 10, 0, 0, NULL, 'Y'),
(387, 84000, 0, 18, '2019-11-01', '2020-01-01', 4, 4666.67, 4666.67, 0, 79333.33, NULL, NULL, 22, '2019-10-28 15:53:55', '2020-01-03 14:48:07', 'Y', 3, 3, 1, 'LOAN', 0, 0, 0, NULL, 'Y'),
(388, 84000, 0, 18, '2019-11-01', '2020-02-01', 5, 4666.67, 4666.67, 0, 74666.66, NULL, NULL, 22, '2019-10-28 15:53:55', '2020-02-01 13:55:06', 'Y', 3, 3, 1, 'LOAN', 0, 0, 0, NULL, 'Y'),
(389, 84000, 0, 18, '2019-11-01', '2020-03-01', 6, 4666.67, 4666.67, 0, 69999.99, NULL, NULL, 22, '2019-10-28 15:53:55', NULL, 'Y', 3, NULL, 1, 'LOAN', 0, 0, 0, NULL, 'N'),
(390, 84000, 0, 18, '2019-11-01', '2020-04-01', 7, 4666.67, 4666.67, 0, 65333.32, NULL, NULL, 22, '2019-10-28 15:53:55', NULL, 'Y', 3, NULL, 1, 'LOAN', 0, 0, 0, NULL, 'N'),
(391, 84000, 0, 18, '2019-11-01', '2020-05-01', 8, 4666.67, 4666.67, 0, 60666.65, NULL, NULL, 22, '2019-10-28 15:53:55', NULL, 'Y', 3, NULL, 1, 'LOAN', 0, 0, 0, NULL, 'N'),
(392, 84000, 0, 18, '2019-11-01', '2020-06-01', 9, 4666.67, 4666.67, 0, 55999.98, NULL, NULL, 22, '2019-10-28 15:53:55', NULL, 'Y', 3, NULL, 1, 'LOAN', 0, 0, 0, NULL, 'N'),
(393, 84000, 0, 18, '2019-11-01', '2020-07-01', 10, 4666.67, 4666.67, 0, 51333.31, NULL, NULL, 22, '2019-10-28 15:53:55', NULL, 'Y', 3, NULL, 1, 'LOAN', 0, 0, 0, NULL, 'N'),
(394, 84000, 0, 18, '2019-11-01', '2020-08-01', 11, 4666.67, 4666.67, 0, 46666.64, NULL, NULL, 22, '2019-10-28 15:53:55', NULL, 'Y', 3, NULL, 1, 'LOAN', 0, 0, 0, NULL, 'N'),
(395, 84000, 0, 18, '2019-11-01', '2020-09-01', 12, 4666.67, 4666.67, 0, 41999.97, NULL, NULL, 22, '2019-10-28 15:53:55', NULL, 'Y', 3, NULL, 1, 'LOAN', 0, 0, 0, NULL, 'N'),
(396, 84000, 0, 18, '2019-11-01', '2020-10-01', 13, 4666.67, 4666.67, 0, 37333.3, NULL, NULL, 22, '2019-10-28 15:53:55', NULL, 'Y', 3, NULL, 1, 'LOAN', 0, 0, 0, NULL, 'N'),
(397, 84000, 0, 18, '2019-11-01', '2020-11-01', 14, 4666.67, 4666.67, 0, 32666.63, NULL, NULL, 22, '2019-10-28 15:53:55', NULL, 'Y', 3, NULL, 1, 'LOAN', 0, 0, 0, NULL, 'N'),
(398, 84000, 0, 18, '2019-11-01', '2020-12-01', 15, 4666.67, 4666.67, 0, 27999.96, NULL, NULL, 22, '2019-10-28 15:53:55', NULL, 'Y', 3, NULL, 1, 'LOAN', 0, 0, 0, NULL, 'N'),
(399, 84000, 0, 18, '2019-11-01', '2021-01-01', 16, 4666.67, 4666.67, 0, 23333.29, NULL, NULL, 22, '2019-10-28 15:53:55', NULL, 'Y', 3, NULL, 1, 'LOAN', 0, 0, 0, NULL, 'N'),
(400, 84000, 0, 18, '2019-11-01', '2021-02-01', 17, 4666.67, 4666.67, 0, 18666.62, NULL, NULL, 22, '2019-10-28 15:53:55', NULL, 'Y', 3, NULL, 1, 'LOAN', 0, 0, 0, NULL, 'N'),
(401, 84000, 0, 18, '2019-11-01', '2021-03-01', 18, 4666.67, 4666.67, 0, 13999.95, NULL, NULL, 22, '2019-10-28 15:53:55', NULL, 'Y', 3, NULL, 1, 'LOAN', 0, 0, 0, NULL, 'N'),
(402, 84000, 0, 18, '2019-11-01', '2021-04-01', 19, 4666.67, 4666.67, 0, 9333.28, NULL, NULL, 22, '2019-10-28 15:53:55', NULL, 'Y', 3, NULL, 1, 'LOAN', 0, 0, 0, NULL, 'N'),
(403, 84000, 0, 18, '2019-11-01', '2021-05-01', 20, 4666.67, 4666.67, 0, 4666.61, NULL, NULL, 22, '2019-10-28 15:53:55', NULL, 'Y', 3, NULL, 1, 'LOAN', 0, 0, 0, NULL, 'N'),
(404, 84000, 0, 18, '2019-11-01', '2021-06-01', 21, 4666.67, 4666.67, 0, 0, NULL, NULL, 22, '2019-10-28 15:53:55', NULL, 'Y', 3, NULL, 1, 'LOAN', 0, 0, 0, NULL, 'N'),
(405, 2000, 0, 1, '2019-07-08', '2019-07-01', 1, 2000, 2000, 0, 128000, NULL, NULL, 23, '2019-10-28 16:08:43', NULL, 'Y', 3, NULL, 1, 'BOOK', 0, 0, 0, NULL, 'Y'),
(406, 26000, 0, 2, '2019-07-08', '2019-07-01', 2, 11000, 11000, 0, 117000, NULL, NULL, 23, '2019-10-28 16:08:43', NULL, 'Y', 3, NULL, 1, 'ADV', 10, 0, 0, NULL, 'N'),
(407, 26000, 0, 2, '2019-07-08', '2019-07-08', 3, 13000, 13000, 0, 104000, NULL, NULL, 23, '2019-10-28 16:08:43', NULL, 'Y', 3, NULL, 1, 'ADV', 10, 0, 0, NULL, 'N'),
(408, 104000, 0, 1, '2019-07-08', '2019-08-08', 4, 104000, 104000, 0, 0, NULL, NULL, 23, '2019-10-28 16:08:43', NULL, 'Y', 3, NULL, 1, 'LEFT', 80, 0, 0, NULL, 'N'),
(409, 2000, 0, 1, '2019-08-01', '2019-07-01', 1, 2000, 2000, 0, 128000, NULL, NULL, 24, '2019-10-28 16:14:32', NULL, 'Y', 3, NULL, 1, 'BOOK', 0, 0, 0, NULL, 'Y'),
(410, 26000, 0, 2, '2019-08-01', '2019-07-08', 2, 11000, 11000, 0, 117000, NULL, NULL, 24, '2019-10-28 16:14:32', '2020-01-17 16:01:13', 'Y', 3, 3, 1, 'ADV', 10, 0, 0, NULL, 'N'),
(411, 26000, 0, 2, '2019-08-01', '2019-08-01', 3, 13000, 13000, 0, 104000, NULL, NULL, 24, '2019-10-28 16:14:32', '2020-01-17 16:01:08', 'Y', 3, 3, 1, 'ADV', 10, 0, 0, NULL, 'N'),
(412, 104000, 0, 1, '2019-08-01', '2019-09-01', 4, 104000, 104000, 0, 0, NULL, NULL, 24, '2019-10-28 16:14:32', NULL, 'Y', 3, NULL, 1, 'LEFT', 80, 0, 0, NULL, 'N'),
(413, 2000, 0, 1, '2019-08-15', '2019-07-15', 1, 2000, 2000, 0, 127000, NULL, NULL, 25, '2019-10-28 16:33:40', NULL, 'Y', 3, NULL, 1, 'BOOK', 0, 0, 0, NULL, 'Y'),
(414, 38700, 0, 3, '2019-08-15', '2019-07-21', 2, 10900, 10900, 0, 116100, NULL, NULL, 25, '2019-10-28 16:33:40', '2019-10-28 16:40:01', 'Y', 3, 3, 1, 'ADV', 10, 0, 0, NULL, 'Y'),
(415, 38700, 0, 3, '2019-08-15', '2019-08-15', 3, 12900, 12900, 0, 103200, NULL, NULL, 25, '2019-10-28 16:33:40', '2019-10-28 16:40:49', 'Y', 3, 3, 1, 'ADV', 10, 0, 0, NULL, 'Y'),
(416, 38700, 0, 3, '2019-08-15', '2019-09-15', 4, 12900, 12900, 0, 90300, NULL, NULL, 25, '2019-10-28 16:33:40', '2019-10-28 16:42:34', 'Y', 3, 3, 1, 'ADV', 10, 0, 0, NULL, 'Y'),
(417, 90300, 0, 18, '2019-08-15', '2019-10-15', 5, 5016.67, 5016.67, 0, 85283.33, NULL, NULL, 25, '2019-10-28 16:33:40', '2019-10-29 15:25:30', 'Y', 3, 3, 1, 'LOAN', 0, 0, 0, NULL, 'Y'),
(418, 90300, 0, 18, '2019-08-15', '2019-11-15', 6, 5016.67, 5016.67, 0, 80266.66, NULL, NULL, 25, '2019-10-28 16:33:40', '2019-11-19 16:44:54', 'Y', 3, 3, 1, 'LOAN', 0, 0, 0, NULL, 'Y'),
(419, 90300, 0, 18, '2019-08-15', '2019-12-15', 7, 5016.67, 5016.67, 0, 75249.99, NULL, NULL, 25, '2019-10-28 16:33:40', '2019-12-16 10:20:42', 'Y', 3, 3, 1, 'LOAN', 0, 0, 0, NULL, 'Y'),
(420, 90300, 0, 18, '2019-08-15', '2020-01-15', 8, 5016.67, 5016.67, 0, 70233.32, NULL, NULL, 25, '2019-10-28 16:33:40', '2020-01-17 12:15:29', 'Y', 3, 3, 1, 'LOAN', 0, 0, 0, NULL, 'Y'),
(421, 90300, 0, 18, '2019-08-15', '2020-02-15', 9, 5016.67, 5016.67, 0, 65216.65, NULL, NULL, 25, '2019-10-28 16:33:40', '2020-02-16 09:09:30', 'Y', 3, 3, 1, 'LOAN', 0, 0, 0, NULL, 'Y'),
(422, 90300, 0, 18, '2019-08-15', '2020-03-15', 10, 5016.67, 5016.67, 0, 60199.98, NULL, NULL, 25, '2019-10-28 16:33:40', NULL, 'Y', 3, NULL, 1, 'LOAN', 0, 0, 0, NULL, 'N'),
(423, 90300, 0, 18, '2019-08-15', '2020-04-15', 11, 5016.67, 5016.67, 0, 55183.31, NULL, NULL, 25, '2019-10-28 16:33:40', NULL, 'Y', 3, NULL, 1, 'LOAN', 0, 0, 0, NULL, 'N'),
(424, 90300, 0, 18, '2019-08-15', '2020-05-15', 12, 5016.67, 5016.67, 0, 50166.64, NULL, NULL, 25, '2019-10-28 16:33:40', NULL, 'Y', 3, NULL, 1, 'LOAN', 0, 0, 0, NULL, 'N'),
(425, 90300, 0, 18, '2019-08-15', '2020-06-15', 13, 5016.67, 5016.67, 0, 45149.97, NULL, NULL, 25, '2019-10-28 16:33:40', NULL, 'Y', 3, NULL, 1, 'LOAN', 0, 0, 0, NULL, 'N'),
(426, 90300, 0, 18, '2019-08-15', '2020-07-15', 14, 5016.67, 5016.67, 0, 40133.3, NULL, NULL, 25, '2019-10-28 16:33:40', NULL, 'Y', 3, NULL, 1, 'LOAN', 0, 0, 0, NULL, 'N'),
(427, 90300, 0, 18, '2019-08-15', '2020-08-15', 15, 5016.67, 5016.67, 0, 35116.63, NULL, NULL, 25, '2019-10-28 16:33:40', NULL, 'Y', 3, NULL, 1, 'LOAN', 0, 0, 0, NULL, 'N'),
(428, 90300, 0, 18, '2019-08-15', '2020-09-15', 16, 5016.67, 5016.67, 0, 30099.96, NULL, NULL, 25, '2019-10-28 16:33:40', NULL, 'Y', 3, NULL, 1, 'LOAN', 0, 0, 0, NULL, 'N'),
(429, 90300, 0, 18, '2019-08-15', '2020-10-15', 17, 5016.67, 5016.67, 0, 25083.29, NULL, NULL, 25, '2019-10-28 16:33:40', NULL, 'Y', 3, NULL, 1, 'LOAN', 0, 0, 0, NULL, 'N'),
(430, 90300, 0, 18, '2019-08-15', '2020-11-15', 18, 5016.67, 5016.67, 0, 20066.62, NULL, NULL, 25, '2019-10-28 16:33:40', NULL, 'Y', 3, NULL, 1, 'LOAN', 0, 0, 0, NULL, 'N'),
(431, 90300, 0, 18, '2019-08-15', '2020-12-15', 19, 5016.67, 5016.67, 0, 15049.95, NULL, NULL, 25, '2019-10-28 16:33:40', NULL, 'Y', 3, NULL, 1, 'LOAN', 0, 0, 0, NULL, 'N'),
(432, 90300, 0, 18, '2019-08-15', '2021-01-15', 20, 5016.67, 5016.67, 0, 10033.28, NULL, NULL, 25, '2019-10-28 16:33:40', NULL, 'Y', 3, NULL, 1, 'LOAN', 0, 0, 0, NULL, 'N'),
(433, 90300, 0, 18, '2019-08-15', '2021-02-15', 21, 5016.67, 5016.67, 0, 5016.61, NULL, NULL, 25, '2019-10-28 16:33:40', NULL, 'Y', 3, NULL, 1, 'LOAN', 0, 0, 0, NULL, 'N'),
(434, 90300, 0, 18, '2019-08-15', '2021-03-15', 22, 5016.67, 5016.67, 0, 0, NULL, NULL, 25, '2019-10-28 16:33:40', NULL, 'Y', 3, NULL, 1, 'LOAN', 0, 0, 0, NULL, 'N'),
(435, 2000, 0, 1, '2019-08-15', '2019-07-15', 1, 2000, 2000, 0, 127000, NULL, NULL, 26, '2019-10-28 16:36:19', NULL, 'Y', 3, NULL, 1, 'BOOK', 0, 0, 0, NULL, 'Y'),
(436, 38700, 0, 3, '2019-08-15', '2019-07-21', 2, 10900, 10900, 0, 116100, NULL, NULL, 26, '2019-10-28 16:36:19', '2019-10-28 16:56:58', 'Y', 3, 3, 1, 'ADV', 10, 0, 0, NULL, 'Y'),
(437, 38700, 0, 3, '2019-08-15', '2019-08-15', 3, 12900, 12900, 0, 103200, NULL, NULL, 26, '2019-10-28 16:36:19', '2019-10-28 16:57:45', 'Y', 3, 3, 1, 'ADV', 10, 0, 0, NULL, 'Y'),
(438, 38700, 0, 3, '2019-08-15', '2019-09-15', 4, 12900, 12900, 0, 90300, NULL, NULL, 26, '2019-10-28 16:36:19', '2019-10-28 16:58:23', 'Y', 3, 3, 1, 'ADV', 10, 0, 0, NULL, 'Y'),
(439, 90300, 0, 18, '2019-08-15', '2019-10-15', 5, 5016.67, 5016.67, 0, 85283.33, NULL, NULL, 26, '2019-10-28 16:36:19', '2019-10-28 16:59:04', 'Y', 3, 3, 1, 'LOAN', 0, 0, 0, NULL, 'Y'),
(440, 90300, 0, 18, '2019-08-15', '2019-11-15', 6, 5016.67, 5016.67, 0, 80266.66, NULL, NULL, 26, '2019-10-28 16:36:19', '2019-11-19 16:45:51', 'Y', 3, 3, 1, 'LOAN', 0, 0, 0, NULL, 'Y'),
(441, 90300, 0, 18, '2019-08-15', '2019-12-15', 7, 5016.67, 5016.67, 0, 75249.99, NULL, NULL, 26, '2019-10-28 16:36:19', '2019-12-16 10:21:57', 'Y', 3, 3, 1, 'LOAN', 0, 0, 0, NULL, 'Y'),
(442, 90300, 0, 18, '2019-08-15', '2020-01-15', 8, 5016.67, 5016.67, 0, 70233.32, NULL, NULL, 26, '2019-10-28 16:36:19', '2020-01-17 12:16:09', 'Y', 3, 3, 1, 'LOAN', 0, 0, 0, NULL, 'Y'),
(443, 90300, 0, 18, '2019-08-15', '2020-02-15', 9, 5016.67, 5016.67, 0, 65216.65, NULL, NULL, 26, '2019-10-28 16:36:19', '2020-02-16 09:11:02', 'Y', 3, 3, 1, 'LOAN', 0, 0, 0, NULL, 'Y'),
(444, 90300, 0, 18, '2019-08-15', '2020-03-15', 10, 5016.67, 5016.67, 0, 60199.98, NULL, NULL, 26, '2019-10-28 16:36:19', NULL, 'Y', 3, NULL, 1, 'LOAN', 0, 0, 0, NULL, 'N'),
(445, 90300, 0, 18, '2019-08-15', '2020-04-15', 11, 5016.67, 5016.67, 0, 55183.31, NULL, NULL, 26, '2019-10-28 16:36:19', NULL, 'Y', 3, NULL, 1, 'LOAN', 0, 0, 0, NULL, 'N'),
(446, 90300, 0, 18, '2019-08-15', '2020-05-15', 12, 5016.67, 5016.67, 0, 50166.64, NULL, NULL, 26, '2019-10-28 16:36:19', NULL, 'Y', 3, NULL, 1, 'LOAN', 0, 0, 0, NULL, 'N'),
(447, 90300, 0, 18, '2019-08-15', '2020-06-15', 13, 5016.67, 5016.67, 0, 45149.97, NULL, NULL, 26, '2019-10-28 16:36:19', NULL, 'Y', 3, NULL, 1, 'LOAN', 0, 0, 0, NULL, 'N'),
(448, 90300, 0, 18, '2019-08-15', '2020-07-15', 14, 5016.67, 5016.67, 0, 40133.3, NULL, NULL, 26, '2019-10-28 16:36:19', NULL, 'Y', 3, NULL, 1, 'LOAN', 0, 0, 0, NULL, 'N'),
(449, 90300, 0, 18, '2019-08-15', '2020-08-15', 15, 5016.67, 5016.67, 0, 35116.63, NULL, NULL, 26, '2019-10-28 16:36:19', NULL, 'Y', 3, NULL, 1, 'LOAN', 0, 0, 0, NULL, 'N'),
(450, 90300, 0, 18, '2019-08-15', '2020-09-15', 16, 5016.67, 5016.67, 0, 30099.96, NULL, NULL, 26, '2019-10-28 16:36:19', NULL, 'Y', 3, NULL, 1, 'LOAN', 0, 0, 0, NULL, 'N'),
(451, 90300, 0, 18, '2019-08-15', '2020-10-15', 17, 5016.67, 5016.67, 0, 25083.29, NULL, NULL, 26, '2019-10-28 16:36:19', NULL, 'Y', 3, NULL, 1, 'LOAN', 0, 0, 0, NULL, 'N'),
(452, 90300, 0, 18, '2019-08-15', '2020-11-15', 18, 5016.67, 5016.67, 0, 20066.62, NULL, NULL, 26, '2019-10-28 16:36:19', NULL, 'Y', 3, NULL, 1, 'LOAN', 0, 0, 0, NULL, 'N'),
(453, 90300, 0, 18, '2019-08-15', '2020-12-15', 19, 5016.67, 5016.67, 0, 15049.95, NULL, NULL, 26, '2019-10-28 16:36:19', NULL, 'Y', 3, NULL, 1, 'LOAN', 0, 0, 0, NULL, 'N'),
(454, 90300, 0, 18, '2019-08-15', '2021-01-15', 20, 5016.67, 5016.67, 0, 10033.28, NULL, NULL, 26, '2019-10-28 16:36:19', NULL, 'Y', 3, NULL, 1, 'LOAN', 0, 0, 0, NULL, 'N'),
(455, 90300, 0, 18, '2019-08-15', '2021-02-15', 21, 5016.67, 5016.67, 0, 5016.61, NULL, NULL, 26, '2019-10-28 16:36:19', NULL, 'Y', 3, NULL, 1, 'LOAN', 0, 0, 0, NULL, 'N'),
(456, 90300, 0, 18, '2019-08-15', '2021-03-15', 22, 5016.67, 5016.67, 0, 0, NULL, NULL, 26, '2019-10-28 16:36:19', NULL, 'Y', 3, NULL, 1, 'LOAN', 0, 0, 0, NULL, 'N'),
(457, 2000, 0, 1, '2019-10-15', '2019-08-09', 1, 2000, 2000, 0, 127000, NULL, NULL, 27, '2019-10-29 11:42:25', NULL, 'Y', 3, NULL, 1, 'BOOK', 0, 0, 0, NULL, 'Y'),
(458, 38700, 0, 3, '2019-10-15', '2019-11-15', 2, 10900, 10900, 0, 116100, NULL, NULL, 27, '2019-10-29 11:42:25', '2019-10-29 12:07:52', 'Y', 3, 3, 1, 'ADV', 10, 0, 0, NULL, 'Y'),
(459, 38700, 0, 3, '2019-10-15', '2019-10-15', 3, 12900, 12900, 0, 103200, NULL, NULL, 27, '2019-10-29 11:42:25', '2019-10-29 12:08:27', 'Y', 3, 3, 1, 'ADV', 10, 0, 0, NULL, 'Y'),
(460, 38700, 0, 3, '2019-10-15', '2019-11-15', 4, 12900, 12900, 0, 90300, NULL, NULL, 27, '2019-10-29 11:42:25', '2019-11-19 16:00:50', 'Y', 3, 3, 1, 'ADV', 10, 0, 0, NULL, 'Y'),
(461, 90300, 0, 15, '2019-10-15', '2019-12-15', 5, 6020, 6020, 0, 84280, NULL, NULL, 27, '2019-10-29 11:42:25', '2019-12-18 12:14:46', 'Y', 3, 3, 1, 'LOAN', 0, 0, 0, NULL, 'Y'),
(462, 90300, 0, 15, '2019-10-15', '2020-01-15', 6, 6020, 6020, 0, 78260, NULL, NULL, 27, '2019-10-29 11:42:25', '2020-01-20 15:14:05', 'Y', 3, 3, 1, 'LOAN', 0, 0, 0, NULL, 'Y'),
(463, 90300, 0, 15, '2019-10-15', '2020-02-15', 7, 6020, 6020, 0, 72240, NULL, NULL, 27, '2019-10-29 11:42:25', '2020-02-21 16:54:36', 'Y', 3, 3, 1, 'LOAN', 0, 0, 0, NULL, 'Y'),
(464, 90300, 0, 15, '2019-10-15', '2020-03-15', 8, 6020, 6020, 0, 66220, NULL, NULL, 27, '2019-10-29 11:42:25', NULL, 'Y', 3, NULL, 1, 'LOAN', 0, 0, 0, NULL, 'N'),
(465, 90300, 0, 15, '2019-10-15', '2020-04-15', 9, 6020, 6020, 0, 60200, NULL, NULL, 27, '2019-10-29 11:42:25', NULL, 'Y', 3, NULL, 1, 'LOAN', 0, 0, 0, NULL, 'N'),
(466, 90300, 0, 15, '2019-10-15', '2020-05-15', 10, 6020, 6020, 0, 54180, NULL, NULL, 27, '2019-10-29 11:42:25', NULL, 'Y', 3, NULL, 1, 'LOAN', 0, 0, 0, NULL, 'N'),
(467, 90300, 0, 15, '2019-10-15', '2020-06-15', 11, 6020, 6020, 0, 48160, NULL, NULL, 27, '2019-10-29 11:42:25', NULL, 'Y', 3, NULL, 1, 'LOAN', 0, 0, 0, NULL, 'N'),
(468, 90300, 0, 15, '2019-10-15', '2020-07-15', 12, 6020, 6020, 0, 42140, NULL, NULL, 27, '2019-10-29 11:42:25', NULL, 'Y', 3, NULL, 1, 'LOAN', 0, 0, 0, NULL, 'N'),
(469, 90300, 0, 15, '2019-10-15', '2020-08-15', 13, 6020, 6020, 0, 36120, NULL, NULL, 27, '2019-10-29 11:42:25', NULL, 'Y', 3, NULL, 1, 'LOAN', 0, 0, 0, NULL, 'N'),
(470, 90300, 0, 15, '2019-10-15', '2020-09-15', 14, 6020, 6020, 0, 30100, NULL, NULL, 27, '2019-10-29 11:42:25', NULL, 'Y', 3, NULL, 1, 'LOAN', 0, 0, 0, NULL, 'N'),
(471, 90300, 0, 15, '2019-10-15', '2020-10-15', 15, 6020, 6020, 0, 24080, NULL, NULL, 27, '2019-10-29 11:42:25', NULL, 'Y', 3, NULL, 1, 'LOAN', 0, 0, 0, NULL, 'N'),
(472, 90300, 0, 15, '2019-10-15', '2020-11-15', 16, 6020, 6020, 0, 18060, NULL, NULL, 27, '2019-10-29 11:42:25', NULL, 'Y', 3, NULL, 1, 'LOAN', 0, 0, 0, NULL, 'N'),
(473, 90300, 0, 15, '2019-10-15', '2020-12-15', 17, 6020, 6020, 0, 12040, NULL, NULL, 27, '2019-10-29 11:42:25', NULL, 'Y', 3, NULL, 1, 'LOAN', 0, 0, 0, NULL, 'N'),
(474, 90300, 0, 15, '2019-10-15', '2021-01-15', 18, 6020, 6020, 0, 6020, NULL, NULL, 27, '2019-10-29 11:42:25', NULL, 'Y', 3, NULL, 1, 'LOAN', 0, 0, 0, NULL, 'N'),
(475, 90300, 0, 15, '2019-10-15', '2021-02-15', 19, 6020, 6020, 0, 0, NULL, NULL, 27, '2019-10-29 11:42:25', NULL, 'Y', 3, NULL, 1, 'LOAN', 0, 0, 0, NULL, 'N'),
(476, 2000, 0, 1, '2019-12-01', '2019-10-21', 1, 2000, 2000, 0, 127000, NULL, NULL, 28, '2019-11-06 16:01:40', NULL, 'Y', 3, NULL, 1, 'BOOK', 0, 0, 0, NULL, 'Y'),
(477, 64500, 0, 1, '2019-12-01', '2019-11-05', 2, 59920, 59920, 0, 64500, NULL, NULL, 28, '2019-11-06 16:01:40', '2019-12-03 11:34:53', 'Y', 3, 3, 1, 'ADV', 50, 2580, 4, NULL, 'Y'),
(478, 64500, 0, 20, '2019-12-01', '2019-12-01', 3, 3225, 3225, 0, 61275, NULL, NULL, 28, '2019-11-06 16:01:40', '2019-12-05 13:45:53', 'Y', 3, 3, 1, 'LOAN', 0, 0, 0, NULL, 'Y'),
(479, 64500, 0, 20, '2019-12-01', '2020-01-01', 4, 3225, 3225, 0, 58050, NULL, NULL, 28, '2019-11-06 16:01:40', '2020-01-08 12:40:47', 'Y', 3, 3, 1, 'LOAN', 0, 0, 0, NULL, 'Y'),
(480, 64500, 0, 20, '2019-12-01', '2020-02-01', 5, 3225, 3225, 0, 54825, NULL, NULL, 28, '2019-11-06 16:01:40', '2020-02-05 10:41:11', 'Y', 3, 2, 1, 'LOAN', 0, 0, 0, NULL, 'Y'),
(481, 64500, 0, 20, '2019-12-01', '2020-03-01', 6, 3225, 3225, 0, 51600, NULL, NULL, 28, '2019-11-06 16:01:40', NULL, 'Y', 3, NULL, 1, 'LOAN', 0, 0, 0, NULL, 'N'),
(482, 64500, 0, 20, '2019-12-01', '2020-04-01', 7, 3225, 3225, 0, 48375, NULL, NULL, 28, '2019-11-06 16:01:40', NULL, 'Y', 3, NULL, 1, 'LOAN', 0, 0, 0, NULL, 'N'),
(483, 64500, 0, 20, '2019-12-01', '2020-05-01', 8, 3225, 3225, 0, 45150, NULL, NULL, 28, '2019-11-06 16:01:40', NULL, 'Y', 3, NULL, 1, 'LOAN', 0, 0, 0, NULL, 'N'),
(484, 64500, 0, 20, '2019-12-01', '2020-06-01', 9, 3225, 3225, 0, 41925, NULL, NULL, 28, '2019-11-06 16:01:40', NULL, 'Y', 3, NULL, 1, 'LOAN', 0, 0, 0, NULL, 'N'),
(485, 64500, 0, 20, '2019-12-01', '2020-07-01', 10, 3225, 3225, 0, 38700, NULL, NULL, 28, '2019-11-06 16:01:40', NULL, 'Y', 3, NULL, 1, 'LOAN', 0, 0, 0, NULL, 'N'),
(486, 64500, 0, 20, '2019-12-01', '2020-08-01', 11, 3225, 3225, 0, 35475, NULL, NULL, 28, '2019-11-06 16:01:40', NULL, 'Y', 3, NULL, 1, 'LOAN', 0, 0, 0, NULL, 'N'),
(487, 64500, 0, 20, '2019-12-01', '2020-09-01', 12, 3225, 3225, 0, 32250, NULL, NULL, 28, '2019-11-06 16:01:40', NULL, 'Y', 3, NULL, 1, 'LOAN', 0, 0, 0, NULL, 'N'),
(488, 64500, 0, 20, '2019-12-01', '2020-10-01', 13, 3225, 3225, 0, 29025, NULL, NULL, 28, '2019-11-06 16:01:40', NULL, 'Y', 3, NULL, 1, 'LOAN', 0, 0, 0, NULL, 'N'),
(489, 64500, 0, 20, '2019-12-01', '2020-11-01', 14, 3225, 3225, 0, 25800, NULL, NULL, 28, '2019-11-06 16:01:40', NULL, 'Y', 3, NULL, 1, 'LOAN', 0, 0, 0, NULL, 'N'),
(490, 64500, 0, 20, '2019-12-01', '2020-12-01', 15, 3225, 3225, 0, 22575, NULL, NULL, 28, '2019-11-06 16:01:40', NULL, 'Y', 3, NULL, 1, 'LOAN', 0, 0, 0, NULL, 'N'),
(491, 64500, 0, 20, '2019-12-01', '2021-01-01', 16, 3225, 3225, 0, 19350, NULL, NULL, 28, '2019-11-06 16:01:40', NULL, 'Y', 3, NULL, 1, 'LOAN', 0, 0, 0, NULL, 'N'),
(492, 64500, 0, 20, '2019-12-01', '2021-02-01', 17, 3225, 3225, 0, 16125, NULL, NULL, 28, '2019-11-06 16:01:40', NULL, 'Y', 3, NULL, 1, 'LOAN', 0, 0, 0, NULL, 'N'),
(493, 64500, 0, 20, '2019-12-01', '2021-03-01', 18, 3225, 3225, 0, 12900, NULL, NULL, 28, '2019-11-06 16:01:40', NULL, 'Y', 3, NULL, 1, 'LOAN', 0, 0, 0, NULL, 'N'),
(494, 64500, 0, 20, '2019-12-01', '2021-04-01', 19, 3225, 3225, 0, 9675, NULL, NULL, 28, '2019-11-06 16:01:40', NULL, 'Y', 3, NULL, 1, 'LOAN', 0, 0, 0, NULL, 'N'),
(495, 64500, 0, 20, '2019-12-01', '2021-05-01', 20, 3225, 3225, 0, 6450, NULL, NULL, 28, '2019-11-06 16:01:40', NULL, 'Y', 3, NULL, 1, 'LOAN', 0, 0, 0, NULL, 'N'),
(496, 64500, 0, 20, '2019-12-01', '2021-06-01', 21, 3225, 3225, 0, 3225, NULL, NULL, 28, '2019-11-06 16:01:40', NULL, 'Y', 3, NULL, 1, 'LOAN', 0, 0, 0, NULL, 'N'),
(497, 64500, 0, 20, '2019-12-01', '2021-07-01', 22, 3225, 3225, 0, 0, NULL, NULL, 28, '2019-11-06 16:01:40', NULL, 'Y', 3, NULL, 1, 'LOAN', 0, 0, 0, NULL, 'N'),
(498, 2000, 0, 1, '2019-12-01', '2019-10-18', 1, 2000, 2000, 0, 137000, NULL, NULL, 29, '2019-11-19 17:06:29', NULL, 'Y', 3, NULL, 1, 'BOOK', 0, 0, 0, NULL, 'Y'),
(499, 41700, 0, 3, '2019-12-01', '2019-11-19', 2, 11900, 11900, 0, 125100, NULL, NULL, 29, '2019-11-19 17:06:29', NULL, 'Y', 3, NULL, 1, 'ADV', 10, 0, 0, NULL, 'N'),
(500, 41700, 0, 3, '2019-12-01', '2019-12-01', 3, 13900, 13900, 0, 111200, NULL, NULL, 29, '2019-11-19 17:06:29', NULL, 'Y', 3, NULL, 1, 'ADV', 10, 0, 0, NULL, 'N'),
(501, 41700, 0, 3, '2019-12-01', '2020-01-01', 4, 13900, 13900, 0, 97300, NULL, NULL, 29, '2019-11-19 17:06:29', NULL, 'Y', 3, NULL, 1, 'ADV', 10, 0, 0, NULL, 'N'),
(502, 97300, 0, 15, '2019-12-01', '2020-02-01', 5, 6486.67, 6486.67, 0, 90813.33, NULL, NULL, 29, '2019-11-19 17:06:29', NULL, 'Y', 3, NULL, 1, 'LOAN', 0, 0, 0, NULL, 'N'),
(503, 97300, 0, 15, '2019-12-01', '2020-03-01', 6, 6486.67, 6486.67, 0, 84326.66, NULL, NULL, 29, '2019-11-19 17:06:29', NULL, 'Y', 3, NULL, 1, 'LOAN', 0, 0, 0, NULL, 'N'),
(504, 97300, 0, 15, '2019-12-01', '2020-04-01', 7, 6486.67, 6486.67, 0, 77839.99, NULL, NULL, 29, '2019-11-19 17:06:29', NULL, 'Y', 3, NULL, 1, 'LOAN', 0, 0, 0, NULL, 'N'),
(505, 97300, 0, 15, '2019-12-01', '2020-05-01', 8, 6486.67, 6486.67, 0, 71353.32, NULL, NULL, 29, '2019-11-19 17:06:29', NULL, 'Y', 3, NULL, 1, 'LOAN', 0, 0, 0, NULL, 'N'),
(506, 97300, 0, 15, '2019-12-01', '2020-06-01', 9, 6486.67, 6486.67, 0, 64866.65, NULL, NULL, 29, '2019-11-19 17:06:29', NULL, 'Y', 3, NULL, 1, 'LOAN', 0, 0, 0, NULL, 'N'),
(507, 97300, 0, 15, '2019-12-01', '2020-07-01', 10, 6486.67, 6486.67, 0, 58379.98, NULL, NULL, 29, '2019-11-19 17:06:29', NULL, 'Y', 3, NULL, 1, 'LOAN', 0, 0, 0, NULL, 'N'),
(508, 97300, 0, 15, '2019-12-01', '2020-08-01', 11, 6486.67, 6486.67, 0, 51893.31, NULL, NULL, 29, '2019-11-19 17:06:29', NULL, 'Y', 3, NULL, 1, 'LOAN', 0, 0, 0, NULL, 'N'),
(509, 97300, 0, 15, '2019-12-01', '2020-09-01', 12, 6486.67, 6486.67, 0, 45406.64, NULL, NULL, 29, '2019-11-19 17:06:29', NULL, 'Y', 3, NULL, 1, 'LOAN', 0, 0, 0, NULL, 'N'),
(510, 97300, 0, 15, '2019-12-01', '2020-10-01', 13, 6486.67, 6486.67, 0, 38919.97, NULL, NULL, 29, '2019-11-19 17:06:29', NULL, 'Y', 3, NULL, 1, 'LOAN', 0, 0, 0, NULL, 'N'),
(511, 97300, 0, 15, '2019-12-01', '2020-11-01', 14, 6486.67, 6486.67, 0, 32433.3, NULL, NULL, 29, '2019-11-19 17:06:29', NULL, 'Y', 3, NULL, 1, 'LOAN', 0, 0, 0, NULL, 'N'),
(512, 97300, 0, 15, '2019-12-01', '2020-12-01', 15, 6486.67, 6486.67, 0, 25946.63, NULL, NULL, 29, '2019-11-19 17:06:29', NULL, 'Y', 3, NULL, 1, 'LOAN', 0, 0, 0, NULL, 'N'),
(513, 97300, 0, 15, '2019-12-01', '2021-01-01', 16, 6486.67, 6486.67, 0, 19459.96, NULL, NULL, 29, '2019-11-19 17:06:29', NULL, 'Y', 3, NULL, 1, 'LOAN', 0, 0, 0, NULL, 'N'),
(514, 97300, 0, 15, '2019-12-01', '2021-02-01', 17, 6486.67, 6486.67, 0, 12973.29, NULL, NULL, 29, '2019-11-19 17:06:29', NULL, 'Y', 3, NULL, 1, 'LOAN', 0, 0, 0, NULL, 'N'),
(515, 97300, 0, 15, '2019-12-01', '2021-03-01', 18, 6486.67, 6486.67, 0, 6486.62, NULL, NULL, 29, '2019-11-19 17:06:29', NULL, 'Y', 3, NULL, 1, 'LOAN', 0, 0, 0, NULL, 'N'),
(516, 97300, 0, 15, '2019-12-01', '2021-04-01', 19, 6486.67, 6486.67, 0, 0, NULL, NULL, 29, '2019-11-19 17:06:29', NULL, 'Y', 3, NULL, 1, 'LOAN', 0, 0, 0, NULL, 'N'),
(517, 34500, 0, 3, '2019-12-01', '2019-11-20', 1, 11500, 11500, 0, 103500, NULL, NULL, 30, '2019-11-20 10:53:12', NULL, 'Y', 3, NULL, 1, 'ADV', 10, 0, 0, NULL, 'N'),
(518, 34500, 0, 3, '2019-12-01', '2019-12-01', 2, 11500, 11500, 0, 92000, NULL, NULL, 30, '2019-11-20 10:53:12', NULL, 'Y', 3, NULL, 1, 'ADV', 10, 0, 0, NULL, 'N'),
(519, 34500, 0, 3, '2019-12-01', '2020-01-01', 3, 11500, 11500, 0, 80500, NULL, NULL, 30, '2019-11-20 10:53:12', NULL, 'Y', 3, NULL, 1, 'ADV', 10, 0, 0, NULL, 'N'),
(520, 80500, 14.4, 36, '2019-12-01', '2020-02-01', 4, 2766.96, 1800.96, 966, 78699.04, NULL, NULL, 30, '2019-11-20 10:53:12', NULL, 'Y', 3, NULL, 1, 'LOAN', 0, 0, 0, NULL, 'N'),
(521, 80500, 14.4, 36, '2019-12-01', '2020-03-01', 5, 2766.96, 1822.57, 944.39, 76876.47, NULL, NULL, 30, '2019-11-20 10:53:12', NULL, 'Y', 3, NULL, 1, 'LOAN', 0, 0, 0, NULL, 'N'),
(522, 80500, 14.4, 36, '2019-12-01', '2020-04-01', 6, 2766.96, 1844.44, 922.52, 75032.03, NULL, NULL, 30, '2019-11-20 10:53:12', NULL, 'Y', 3, NULL, 1, 'LOAN', 0, 0, 0, NULL, 'N'),
(523, 80500, 14.4, 36, '2019-12-01', '2020-05-01', 7, 2766.96, 1866.58, 900.38, 73165.45, NULL, NULL, 30, '2019-11-20 10:53:12', NULL, 'Y', 3, NULL, 1, 'LOAN', 0, 0, 0, NULL, 'N'),
(524, 80500, 14.4, 36, '2019-12-01', '2020-06-01', 8, 2766.96, 1888.97, 877.99, 71276.48, NULL, NULL, 30, '2019-11-20 10:53:12', NULL, 'Y', 3, NULL, 1, 'LOAN', 0, 0, 0, NULL, 'N'),
(525, 80500, 14.4, 36, '2019-12-01', '2020-07-01', 9, 2766.96, 1911.64, 855.32, 69364.84, NULL, NULL, 30, '2019-11-20 10:53:12', NULL, 'Y', 3, NULL, 1, 'LOAN', 0, 0, 0, NULL, 'N'),
(526, 80500, 14.4, 36, '2019-12-01', '2020-08-01', 10, 2766.96, 1934.58, 832.38, 67430.26, NULL, NULL, 30, '2019-11-20 10:53:12', NULL, 'Y', 3, NULL, 1, 'LOAN', 0, 0, 0, NULL, 'N'),
(527, 80500, 14.4, 36, '2019-12-01', '2020-09-01', 11, 2766.96, 1957.8, 809.16, 65472.46, NULL, NULL, 30, '2019-11-20 10:53:12', NULL, 'Y', 3, NULL, 1, 'LOAN', 0, 0, 0, NULL, 'N'),
(528, 80500, 14.4, 36, '2019-12-01', '2020-10-01', 12, 2766.96, 1981.29, 785.67, 63491.17, NULL, NULL, 30, '2019-11-20 10:53:12', NULL, 'Y', 3, NULL, 1, 'LOAN', 0, 0, 0, NULL, 'N'),
(529, 80500, 14.4, 36, '2019-12-01', '2020-11-01', 13, 2766.96, 2005.07, 761.89, 61486.1, NULL, NULL, 30, '2019-11-20 10:53:12', NULL, 'Y', 3, NULL, 1, 'LOAN', 0, 0, 0, NULL, 'N'),
(530, 80500, 14.4, 36, '2019-12-01', '2020-12-01', 14, 2766.96, 2029.13, 737.83, 59456.97, NULL, NULL, 30, '2019-11-20 10:53:12', NULL, 'Y', 3, NULL, 1, 'LOAN', 0, 0, 0, NULL, 'N'),
(531, 80500, 14.4, 36, '2019-12-01', '2021-01-01', 15, 2766.96, 2053.48, 713.48, 57403.49, NULL, NULL, 30, '2019-11-20 10:53:12', NULL, 'Y', 3, NULL, 1, 'LOAN', 0, 0, 0, NULL, 'N'),
(532, 80500, 14.4, 36, '2019-12-01', '2021-02-01', 16, 2766.96, 2078.12, 688.84, 55325.37, NULL, NULL, 30, '2019-11-20 10:53:12', NULL, 'Y', 3, NULL, 1, 'LOAN', 0, 0, 0, NULL, 'N'),
(533, 80500, 14.4, 36, '2019-12-01', '2021-03-01', 17, 2766.96, 2103.06, 663.9, 53222.31, NULL, NULL, 30, '2019-11-20 10:53:12', NULL, 'Y', 3, NULL, 1, 'LOAN', 0, 0, 0, NULL, 'N'),
(534, 80500, 14.4, 36, '2019-12-01', '2021-04-01', 18, 2766.96, 2128.29, 638.67, 51094.02, NULL, NULL, 30, '2019-11-20 10:53:12', NULL, 'Y', 3, NULL, 1, 'LOAN', 0, 0, 0, NULL, 'N'),
(535, 80500, 14.4, 36, '2019-12-01', '2021-05-01', 19, 2766.96, 2153.83, 613.13, 48940.19, NULL, NULL, 30, '2019-11-20 10:53:12', NULL, 'Y', 3, NULL, 1, 'LOAN', 0, 0, 0, NULL, 'N'),
(536, 80500, 14.4, 36, '2019-12-01', '2021-06-01', 20, 2766.96, 2179.68, 587.28, 46760.51, NULL, NULL, 30, '2019-11-20 10:53:12', NULL, 'Y', 3, NULL, 1, 'LOAN', 0, 0, 0, NULL, 'N'),
(537, 80500, 14.4, 36, '2019-12-01', '2021-07-01', 21, 2766.96, 2205.83, 561.13, 44554.68, NULL, NULL, 30, '2019-11-20 10:53:12', NULL, 'Y', 3, NULL, 1, 'LOAN', 0, 0, 0, NULL, 'N'),
(538, 80500, 14.4, 36, '2019-12-01', '2021-08-01', 22, 2766.96, 2232.3, 534.66, 42322.38, NULL, NULL, 30, '2019-11-20 10:53:12', NULL, 'Y', 3, NULL, 1, 'LOAN', 0, 0, 0, NULL, 'N'),
(539, 80500, 14.4, 36, '2019-12-01', '2021-09-01', 23, 2766.96, 2259.09, 507.87, 40063.29, NULL, NULL, 30, '2019-11-20 10:53:12', NULL, 'Y', 3, NULL, 1, 'LOAN', 0, 0, 0, NULL, 'N'),
(540, 80500, 14.4, 36, '2019-12-01', '2021-10-01', 24, 2766.96, 2286.2, 480.76, 37777.09, NULL, NULL, 30, '2019-11-20 10:53:12', NULL, 'Y', 3, NULL, 1, 'LOAN', 0, 0, 0, NULL, 'N'),
(541, 80500, 14.4, 36, '2019-12-01', '2021-11-01', 25, 2766.96, 2313.63, 453.33, 35463.46, NULL, NULL, 30, '2019-11-20 10:53:12', NULL, 'Y', 3, NULL, 1, 'LOAN', 0, 0, 0, NULL, 'N'),
(542, 80500, 14.4, 36, '2019-12-01', '2021-12-01', 26, 2766.96, 2341.4, 425.56, 33122.06, NULL, NULL, 30, '2019-11-20 10:53:12', NULL, 'Y', 3, NULL, 1, 'LOAN', 0, 0, 0, NULL, 'N'),
(543, 80500, 14.4, 36, '2019-12-01', '2022-01-01', 27, 2766.96, 2369.5, 397.46, 30752.56, NULL, NULL, 30, '2019-11-20 10:53:12', NULL, 'Y', 3, NULL, 1, 'LOAN', 0, 0, 0, NULL, 'N'),
(544, 80500, 14.4, 36, '2019-12-01', '2022-02-01', 28, 2766.96, 2397.93, 369.03, 28354.63, NULL, NULL, 30, '2019-11-20 10:53:12', NULL, 'Y', 3, NULL, 1, 'LOAN', 0, 0, 0, NULL, 'N'),
(545, 80500, 14.4, 36, '2019-12-01', '2022-03-01', 29, 2766.96, 2426.7, 340.26, 25927.93, NULL, NULL, 30, '2019-11-20 10:53:12', NULL, 'Y', 3, NULL, 1, 'LOAN', 0, 0, 0, NULL, 'N'),
(546, 80500, 14.4, 36, '2019-12-01', '2022-04-01', 30, 2766.96, 2455.82, 311.14, 23472.11, NULL, NULL, 30, '2019-11-20 10:53:12', NULL, 'Y', 3, NULL, 1, 'LOAN', 0, 0, 0, NULL, 'N'),
(547, 80500, 14.4, 36, '2019-12-01', '2022-05-01', 31, 2766.96, 2485.29, 281.67, 20986.82, NULL, NULL, 30, '2019-11-20 10:53:12', NULL, 'Y', 3, NULL, 1, 'LOAN', 0, 0, 0, NULL, 'N'),
(548, 80500, 14.4, 36, '2019-12-01', '2022-06-01', 32, 2766.96, 2515.12, 251.84, 18471.7, NULL, NULL, 30, '2019-11-20 10:53:12', NULL, 'Y', 3, NULL, 1, 'LOAN', 0, 0, 0, NULL, 'N'),
(549, 80500, 14.4, 36, '2019-12-01', '2022-07-01', 33, 2766.96, 2545.3, 221.66, 15926.4, NULL, NULL, 30, '2019-11-20 10:53:12', NULL, 'Y', 3, NULL, 1, 'LOAN', 0, 0, 0, NULL, 'N'),
(550, 80500, 14.4, 36, '2019-12-01', '2022-08-01', 34, 2766.96, 2575.84, 191.12, 13350.56, NULL, NULL, 30, '2019-11-20 10:53:12', NULL, 'Y', 3, NULL, 1, 'LOAN', 0, 0, 0, NULL, 'N'),
(551, 80500, 14.4, 36, '2019-12-01', '2022-09-01', 35, 2766.96, 2606.75, 160.21, 10743.81, NULL, NULL, 30, '2019-11-20 10:53:12', NULL, 'Y', 3, NULL, 1, 'LOAN', 0, 0, 0, NULL, 'N'),
(552, 80500, 14.4, 36, '2019-12-01', '2022-10-01', 36, 2766.96, 2638.03, 128.93, 8105.78, NULL, NULL, 30, '2019-11-20 10:53:12', NULL, 'Y', 3, NULL, 1, 'LOAN', 0, 0, 0, NULL, 'N'),
(553, 80500, 14.4, 36, '2019-12-01', '2022-11-01', 37, 2766.96, 2669.69, 97.27, 5436.09, NULL, NULL, 30, '2019-11-20 10:53:12', NULL, 'Y', 3, NULL, 1, 'LOAN', 0, 0, 0, NULL, 'N'),
(554, 80500, 14.4, 36, '2019-12-01', '2022-12-01', 38, 2766.96, 2701.73, 65.23, 2734.36, NULL, NULL, 30, '2019-11-20 10:53:12', NULL, 'Y', 3, NULL, 1, 'LOAN', 0, 0, 0, NULL, 'N'),
(555, 80500, 14.4, 36, '2019-12-01', '2023-01-01', 39, 2766.96, 2734.15, 32.81, 0, NULL, NULL, 30, '2019-11-20 10:53:12', NULL, 'Y', 3, NULL, 1, 'LOAN', 0, 0, 0, NULL, 'N'),
(556, 34500, 0, 3, '2019-12-01', '2019-11-20', 1, 11500, 11500, 0, 103500, NULL, NULL, 31, '2019-11-20 10:55:21', NULL, 'Y', 3, NULL, 1, 'ADV', 10, 0, 0, NULL, 'N'),
(557, 34500, 0, 3, '2019-12-01', '2019-12-01', 2, 11500, 11500, 0, 92000, NULL, NULL, 31, '2019-11-20 10:55:21', NULL, 'Y', 3, NULL, 1, 'ADV', 10, 0, 0, NULL, 'N'),
(558, 34500, 0, 3, '2019-12-01', '2020-01-01', 3, 11500, 11500, 0, 80500, NULL, NULL, 31, '2019-11-20 10:55:21', NULL, 'Y', 3, NULL, 1, 'ADV', 10, 0, 0, NULL, 'N'),
(559, 80500, 14.4, 36, '2019-12-01', '2020-02-01', 4, 2766.96, 1800.96, 966, 78699.04, NULL, NULL, 31, '2019-11-20 10:55:21', NULL, 'Y', 3, NULL, 1, 'LOAN', 0, 0, 0, NULL, 'N'),
(560, 80500, 14.4, 36, '2019-12-01', '2020-03-01', 5, 2766.96, 1822.57, 944.39, 76876.47, NULL, NULL, 31, '2019-11-20 10:55:21', NULL, 'Y', 3, NULL, 1, 'LOAN', 0, 0, 0, NULL, 'N'),
(561, 80500, 14.4, 36, '2019-12-01', '2020-04-01', 6, 2766.96, 1844.44, 922.52, 75032.03, NULL, NULL, 31, '2019-11-20 10:55:21', NULL, 'Y', 3, NULL, 1, 'LOAN', 0, 0, 0, NULL, 'N'),
(562, 80500, 14.4, 36, '2019-12-01', '2020-05-01', 7, 2766.96, 1866.58, 900.38, 73165.45, NULL, NULL, 31, '2019-11-20 10:55:21', NULL, 'Y', 3, NULL, 1, 'LOAN', 0, 0, 0, NULL, 'N'),
(563, 80500, 14.4, 36, '2019-12-01', '2020-06-01', 8, 2766.96, 1888.97, 877.99, 71276.48, NULL, NULL, 31, '2019-11-20 10:55:21', NULL, 'Y', 3, NULL, 1, 'LOAN', 0, 0, 0, NULL, 'N'),
(564, 80500, 14.4, 36, '2019-12-01', '2020-07-01', 9, 2766.96, 1911.64, 855.32, 69364.84, NULL, NULL, 31, '2019-11-20 10:55:21', NULL, 'Y', 3, NULL, 1, 'LOAN', 0, 0, 0, NULL, 'N'),
(565, 80500, 14.4, 36, '2019-12-01', '2020-08-01', 10, 2766.96, 1934.58, 832.38, 67430.26, NULL, NULL, 31, '2019-11-20 10:55:21', NULL, 'Y', 3, NULL, 1, 'LOAN', 0, 0, 0, NULL, 'N'),
(566, 80500, 14.4, 36, '2019-12-01', '2020-09-01', 11, 2766.96, 1957.8, 809.16, 65472.46, NULL, NULL, 31, '2019-11-20 10:55:21', NULL, 'Y', 3, NULL, 1, 'LOAN', 0, 0, 0, NULL, 'N'),
(567, 80500, 14.4, 36, '2019-12-01', '2020-10-01', 12, 2766.96, 1981.29, 785.67, 63491.17, NULL, NULL, 31, '2019-11-20 10:55:21', NULL, 'Y', 3, NULL, 1, 'LOAN', 0, 0, 0, NULL, 'N'),
(568, 80500, 14.4, 36, '2019-12-01', '2020-11-01', 13, 2766.96, 2005.07, 761.89, 61486.1, NULL, NULL, 31, '2019-11-20 10:55:21', NULL, 'Y', 3, NULL, 1, 'LOAN', 0, 0, 0, NULL, 'N'),
(569, 80500, 14.4, 36, '2019-12-01', '2020-12-01', 14, 2766.96, 2029.13, 737.83, 59456.97, NULL, NULL, 31, '2019-11-20 10:55:21', NULL, 'Y', 3, NULL, 1, 'LOAN', 0, 0, 0, NULL, 'N'),
(570, 80500, 14.4, 36, '2019-12-01', '2021-01-01', 15, 2766.96, 2053.48, 713.48, 57403.49, NULL, NULL, 31, '2019-11-20 10:55:21', NULL, 'Y', 3, NULL, 1, 'LOAN', 0, 0, 0, NULL, 'N'),
(571, 80500, 14.4, 36, '2019-12-01', '2021-02-01', 16, 2766.96, 2078.12, 688.84, 55325.37, NULL, NULL, 31, '2019-11-20 10:55:21', NULL, 'Y', 3, NULL, 1, 'LOAN', 0, 0, 0, NULL, 'N'),
(572, 80500, 14.4, 36, '2019-12-01', '2021-03-01', 17, 2766.96, 2103.06, 663.9, 53222.31, NULL, NULL, 31, '2019-11-20 10:55:21', NULL, 'Y', 3, NULL, 1, 'LOAN', 0, 0, 0, NULL, 'N'),
(573, 80500, 14.4, 36, '2019-12-01', '2021-04-01', 18, 2766.96, 2128.29, 638.67, 51094.02, NULL, NULL, 31, '2019-11-20 10:55:21', NULL, 'Y', 3, NULL, 1, 'LOAN', 0, 0, 0, NULL, 'N'),
(574, 80500, 14.4, 36, '2019-12-01', '2021-05-01', 19, 2766.96, 2153.83, 613.13, 48940.19, NULL, NULL, 31, '2019-11-20 10:55:21', NULL, 'Y', 3, NULL, 1, 'LOAN', 0, 0, 0, NULL, 'N'),
(575, 80500, 14.4, 36, '2019-12-01', '2021-06-01', 20, 2766.96, 2179.68, 587.28, 46760.51, NULL, NULL, 31, '2019-11-20 10:55:21', NULL, 'Y', 3, NULL, 1, 'LOAN', 0, 0, 0, NULL, 'N'),
(576, 80500, 14.4, 36, '2019-12-01', '2021-07-01', 21, 2766.96, 2205.83, 561.13, 44554.68, NULL, NULL, 31, '2019-11-20 10:55:21', NULL, 'Y', 3, NULL, 1, 'LOAN', 0, 0, 0, NULL, 'N'),
(577, 80500, 14.4, 36, '2019-12-01', '2021-08-01', 22, 2766.96, 2232.3, 534.66, 42322.38, NULL, NULL, 31, '2019-11-20 10:55:21', NULL, 'Y', 3, NULL, 1, 'LOAN', 0, 0, 0, NULL, 'N'),
(578, 80500, 14.4, 36, '2019-12-01', '2021-09-01', 23, 2766.96, 2259.09, 507.87, 40063.29, NULL, NULL, 31, '2019-11-20 10:55:21', NULL, 'Y', 3, NULL, 1, 'LOAN', 0, 0, 0, NULL, 'N'),
(579, 80500, 14.4, 36, '2019-12-01', '2021-10-01', 24, 2766.96, 2286.2, 480.76, 37777.09, NULL, NULL, 31, '2019-11-20 10:55:21', NULL, 'Y', 3, NULL, 1, 'LOAN', 0, 0, 0, NULL, 'N'),
(580, 80500, 14.4, 36, '2019-12-01', '2021-11-01', 25, 2766.96, 2313.63, 453.33, 35463.46, NULL, NULL, 31, '2019-11-20 10:55:21', NULL, 'Y', 3, NULL, 1, 'LOAN', 0, 0, 0, NULL, 'N'),
(581, 80500, 14.4, 36, '2019-12-01', '2021-12-01', 26, 2766.96, 2341.4, 425.56, 33122.06, NULL, NULL, 31, '2019-11-20 10:55:21', NULL, 'Y', 3, NULL, 1, 'LOAN', 0, 0, 0, NULL, 'N');
INSERT INTO `tbl_installment` (`inst_id`, `inst_loan_amount`, `inst_interest_rate`, `inst_period_month`, `inst_first_installment_date`, `inst_date`, `inst_num`, `inst_amt_pay`, `inst_amt_principle`, `inst_amt_interest`, `inst_amt_balance`, `inst_amt_penalty`, `inst_cancel_yn`, `sell_id`, `regDt`, `upDt`, `useYn`, `regUsr`, `upUsr`, `com_id`, `inst_type`, `inst_pay_per`, `inst_dis_amt`, `inst_dis_per`, `inst_loan_amount_per`, `inst_paid_yn`) VALUES
(582, 80500, 14.4, 36, '2019-12-01', '2022-01-01', 27, 2766.96, 2369.5, 397.46, 30752.56, NULL, NULL, 31, '2019-11-20 10:55:21', NULL, 'Y', 3, NULL, 1, 'LOAN', 0, 0, 0, NULL, 'N'),
(583, 80500, 14.4, 36, '2019-12-01', '2022-02-01', 28, 2766.96, 2397.93, 369.03, 28354.63, NULL, NULL, 31, '2019-11-20 10:55:21', NULL, 'Y', 3, NULL, 1, 'LOAN', 0, 0, 0, NULL, 'N'),
(584, 80500, 14.4, 36, '2019-12-01', '2022-03-01', 29, 2766.96, 2426.7, 340.26, 25927.93, NULL, NULL, 31, '2019-11-20 10:55:21', NULL, 'Y', 3, NULL, 1, 'LOAN', 0, 0, 0, NULL, 'N'),
(585, 80500, 14.4, 36, '2019-12-01', '2022-04-01', 30, 2766.96, 2455.82, 311.14, 23472.11, NULL, NULL, 31, '2019-11-20 10:55:21', NULL, 'Y', 3, NULL, 1, 'LOAN', 0, 0, 0, NULL, 'N'),
(586, 80500, 14.4, 36, '2019-12-01', '2022-05-01', 31, 2766.96, 2485.29, 281.67, 20986.82, NULL, NULL, 31, '2019-11-20 10:55:21', NULL, 'Y', 3, NULL, 1, 'LOAN', 0, 0, 0, NULL, 'N'),
(587, 80500, 14.4, 36, '2019-12-01', '2022-06-01', 32, 2766.96, 2515.12, 251.84, 18471.7, NULL, NULL, 31, '2019-11-20 10:55:21', NULL, 'Y', 3, NULL, 1, 'LOAN', 0, 0, 0, NULL, 'N'),
(588, 80500, 14.4, 36, '2019-12-01', '2022-07-01', 33, 2766.96, 2545.3, 221.66, 15926.4, NULL, NULL, 31, '2019-11-20 10:55:21', NULL, 'Y', 3, NULL, 1, 'LOAN', 0, 0, 0, NULL, 'N'),
(589, 80500, 14.4, 36, '2019-12-01', '2022-08-01', 34, 2766.96, 2575.84, 191.12, 13350.56, NULL, NULL, 31, '2019-11-20 10:55:21', NULL, 'Y', 3, NULL, 1, 'LOAN', 0, 0, 0, NULL, 'N'),
(590, 80500, 14.4, 36, '2019-12-01', '2022-09-01', 35, 2766.96, 2606.75, 160.21, 10743.81, NULL, NULL, 31, '2019-11-20 10:55:21', NULL, 'Y', 3, NULL, 1, 'LOAN', 0, 0, 0, NULL, 'N'),
(591, 80500, 14.4, 36, '2019-12-01', '2022-10-01', 36, 2766.96, 2638.03, 128.93, 8105.78, NULL, NULL, 31, '2019-11-20 10:55:21', NULL, 'Y', 3, NULL, 1, 'LOAN', 0, 0, 0, NULL, 'N'),
(592, 80500, 14.4, 36, '2019-12-01', '2022-11-01', 37, 2766.96, 2669.69, 97.27, 5436.09, NULL, NULL, 31, '2019-11-20 10:55:21', NULL, 'Y', 3, NULL, 1, 'LOAN', 0, 0, 0, NULL, 'N'),
(593, 80500, 14.4, 36, '2019-12-01', '2022-12-01', 38, 2766.96, 2701.73, 65.23, 2734.36, NULL, NULL, 31, '2019-11-20 10:55:21', NULL, 'Y', 3, NULL, 1, 'LOAN', 0, 0, 0, NULL, 'N'),
(594, 80500, 14.4, 36, '2019-12-01', '2023-01-01', 39, 2766.96, 2734.15, 32.81, 0, NULL, NULL, 31, '2019-11-20 10:55:21', NULL, 'Y', 3, NULL, 1, 'LOAN', 0, 0, 0, NULL, 'N'),
(595, 2000, 0, 1, '2019-12-01', '2019-10-18', 1, 2000, 2000, 0, 137000, NULL, NULL, 32, '2019-11-30 16:19:50', NULL, 'Y', 2, NULL, 1, 'BOOK', 0, 0, 0, NULL, 'Y'),
(596, 41700, 0, 24, '2019-12-01', '2019-11-30', 2, -262.5, 4950, 0, 132050, NULL, NULL, 32, '2019-11-30 16:19:50', NULL, 'Y', 2, NULL, 1, 'ADV', 5, 0, 0, NULL, 'N'),
(597, 41700, 0, 24, '2019-12-01', '2019-12-01', 3, 1737.5, 1000, 0, 131050, NULL, NULL, 32, '2019-11-30 16:19:50', NULL, 'Y', 2, NULL, 1, 'ADV', 1.08, 0, 0, NULL, 'N'),
(598, 41700, 0, 24, '2019-12-01', '2020-01-01', 4, 1737.5, 1000, 0, 130050, NULL, NULL, 32, '2019-11-30 16:19:50', NULL, 'Y', 2, NULL, 1, 'ADV', 1.25, 0, 0, NULL, 'N'),
(599, 41700, 0, 24, '2019-12-01', '2020-02-01', 5, 1737.5, 1000, 0, 129050, NULL, NULL, 32, '2019-11-30 16:19:50', NULL, 'Y', 2, NULL, 1, 'ADV', 1.25, 0, 0, NULL, 'N'),
(600, 41700, 0, 24, '2019-12-01', '2020-03-01', 6, 1737.5, 1000, 0, 128050, NULL, NULL, 32, '2019-11-30 16:19:50', NULL, 'Y', 2, NULL, 1, 'ADV', 1.25, 0, 0, NULL, 'N'),
(601, 41700, 0, 24, '2019-12-01', '2020-04-01', 7, 1737.5, 1000, 0, 127050, NULL, NULL, 32, '2019-11-30 16:19:50', NULL, 'Y', 2, NULL, 1, 'ADV', 1.25, 0, 0, NULL, 'N'),
(602, 41700, 0, 24, '2019-12-01', '2020-05-01', 8, 1737.5, 1000, 0, 126050, NULL, NULL, 32, '2019-11-30 16:19:50', NULL, 'Y', 2, NULL, 1, 'ADV', 1.25, 0, 0, NULL, 'N'),
(603, 41700, 0, 24, '2019-12-01', '2020-06-01', 9, 1737.5, 1000, 0, 125050, NULL, NULL, 32, '2019-11-30 16:19:50', NULL, 'Y', 2, NULL, 1, 'ADV', 1.25, 0, 0, NULL, 'N'),
(604, 41700, 0, 24, '2019-12-01', '2020-07-01', 10, 1737.5, 1000, 0, 124050, NULL, NULL, 32, '2019-11-30 16:19:50', NULL, 'Y', 2, NULL, 1, 'ADV', 1.25, 0, 0, NULL, 'N'),
(605, 41700, 0, 24, '2019-12-01', '2020-08-01', 11, 1737.5, 1000, 0, 123050, NULL, NULL, 32, '2019-11-30 16:19:50', NULL, 'Y', 2, NULL, 1, 'ADV', 1.25, 0, 0, NULL, 'N'),
(606, 41700, 0, 24, '2019-12-01', '2020-09-01', 12, 1737.5, 1000, 0, 122050, NULL, NULL, 32, '2019-11-30 16:19:50', NULL, 'Y', 2, NULL, 1, 'ADV', 1.25, 0, 0, NULL, 'N'),
(607, 41700, 0, 24, '2019-12-01', '2020-10-01', 13, 1737.5, 1000, 0, 121050, NULL, NULL, 32, '2019-11-30 16:19:50', NULL, 'Y', 2, NULL, 1, 'ADV', 1.25, 0, 0, NULL, 'N'),
(608, 41700, 0, 24, '2019-12-01', '2020-11-01', 14, 1737.5, 1000, 0, 120050, NULL, NULL, 32, '2019-11-30 16:19:50', NULL, 'Y', 2, NULL, 1, 'ADV', 1.25, 0, 0, NULL, 'N'),
(609, 41700, 0, 24, '2019-12-01', '2020-12-01', 15, 1737.5, 1000, 0, 119050, NULL, NULL, 32, '2019-11-30 16:19:50', NULL, 'Y', 2, NULL, 1, 'ADV', 1.25, 0, 0, NULL, 'N'),
(610, 41700, 0, 24, '2019-12-01', '2021-01-01', 16, 1737.5, 1000, 0, 118050, NULL, NULL, 32, '2019-11-30 16:19:50', NULL, 'Y', 2, NULL, 1, 'ADV', 1.25, 0, 0, NULL, 'N'),
(611, 41700, 0, 24, '2019-12-01', '2021-02-01', 17, 1737.5, 1000, 0, 117050, NULL, NULL, 32, '2019-11-30 16:19:50', NULL, 'Y', 2, NULL, 1, 'ADV', 1.25, 0, 0, NULL, 'N'),
(612, 41700, 0, 24, '2019-12-01', '2021-03-01', 18, 1737.5, 1000, 0, 116050, NULL, NULL, 32, '2019-11-30 16:19:50', NULL, 'Y', 2, NULL, 1, 'ADV', 1.25, 0, 0, NULL, 'N'),
(613, 41700, 0, 24, '2019-12-01', '2021-04-01', 19, 1737.5, 1000, 0, 115050, NULL, NULL, 32, '2019-11-30 16:19:50', NULL, 'Y', 2, NULL, 1, 'ADV', 1.25, 0, 0, NULL, 'N'),
(614, 41700, 0, 24, '2019-12-01', '2021-05-01', 20, 1737.5, 1000, 0, 114050, NULL, NULL, 32, '2019-11-30 16:19:50', NULL, 'Y', 2, NULL, 1, 'ADV', 1.25, 0, 0, NULL, 'N'),
(615, 41700, 0, 24, '2019-12-01', '2021-06-01', 21, 1737.5, 1000, 0, 113050, NULL, NULL, 32, '2019-11-30 16:19:50', NULL, 'Y', 2, NULL, 1, 'ADV', 1.25, 0, 0, NULL, 'N'),
(616, 41700, 0, 24, '2019-12-01', '2021-07-01', 22, 1737.5, 1000, 0, 112050, NULL, NULL, 32, '2019-11-30 16:19:50', NULL, 'Y', 2, NULL, 1, 'ADV', 1.25, 0, 0, NULL, 'N'),
(617, 41700, 0, 24, '2019-12-01', '2021-08-01', 23, 1737.5, 1000, 0, 111050, NULL, NULL, 32, '2019-11-30 16:19:50', NULL, 'Y', 2, NULL, 1, 'ADV', 1.25, 0, 0, NULL, 'N'),
(618, 41700, 0, 24, '2019-12-01', '2021-09-01', 24, 1737.5, 1000, 0, 110050, NULL, NULL, 32, '2019-11-30 16:19:50', NULL, 'Y', 2, NULL, 1, 'ADV', 1.25, 0, 0, NULL, 'N'),
(619, 41700, 0, 24, '2019-12-01', '2021-10-01', 25, 1737.5, 12750, 0, 97300, NULL, NULL, 32, '2019-11-30 16:19:50', NULL, 'Y', 2, NULL, 1, 'ADV', 1.25, 0, 0, NULL, 'N'),
(620, 97300, 0, 1, '2019-12-01', '2021-11-01', 26, 97300, 97300, 0, 0, NULL, NULL, 32, '2019-11-30 16:19:50', NULL, 'Y', 2, NULL, 1, 'LEFT', 70, 0, 0, NULL, 'N'),
(621, 2000, 0, 1, '2019-12-01', '2019-10-18', 1, 2000, 2000, 0, 137000, NULL, NULL, 33, '2019-11-30 16:26:09', NULL, 'Y', 2, NULL, 1, 'BOOK', 0, 0, 0, NULL, 'Y'),
(622, 41700, 0, 24, '2019-12-01', '2019-11-30', 2, -262.5, 1655, 0, 135345, NULL, NULL, 33, '2019-11-30 16:26:09', NULL, 'Y', 2, NULL, 1, 'ADV', 5, 0, 0, NULL, 'N'),
(623, 41700, 0, 24, '2019-12-01', '2019-12-01', 3, 1737.5, 1655, 0, 133690, NULL, NULL, 33, '2019-11-30 16:26:09', NULL, 'Y', 2, NULL, 1, 'ADV', 1.25, 0, 0, NULL, 'N'),
(624, 41700, 0, 24, '2019-12-01', '2020-01-01', 4, 1737.5, 1655, 0, 132035, NULL, NULL, 33, '2019-11-30 16:26:09', NULL, 'Y', 2, NULL, 1, 'ADV', 1.25, 0, 0, NULL, 'N'),
(625, 41700, 0, 24, '2019-12-01', '2020-02-01', 5, 1737.5, 1655, 0, 130380, NULL, NULL, 33, '2019-11-30 16:26:09', NULL, 'Y', 2, NULL, 1, 'ADV', 1.25, 0, 0, NULL, 'N'),
(626, 41700, 0, 24, '2019-12-01', '2020-03-01', 6, 1737.5, 1655, 0, 128725, NULL, NULL, 33, '2019-11-30 16:26:09', NULL, 'Y', 2, NULL, 1, 'ADV', 1.25, 0, 0, NULL, 'N'),
(627, 41700, 0, 24, '2019-12-01', '2020-04-01', 7, 1737.5, 1655, 0, 127070, NULL, NULL, 33, '2019-11-30 16:26:09', NULL, 'Y', 2, NULL, 1, 'ADV', 1.25, 0, 0, NULL, 'N'),
(628, 41700, 0, 24, '2019-12-01', '2020-05-01', 8, 1737.5, 1655, 0, 125415, NULL, NULL, 33, '2019-11-30 16:26:09', NULL, 'Y', 2, NULL, 1, 'ADV', 1.25, 0, 0, NULL, 'N'),
(629, 41700, 0, 24, '2019-12-01', '2020-06-01', 9, 1737.5, 1655, 0, 123760, NULL, NULL, 33, '2019-11-30 16:26:09', NULL, 'Y', 2, NULL, 1, 'ADV', 1.25, 0, 0, NULL, 'N'),
(630, 41700, 0, 24, '2019-12-01', '2020-07-01', 10, 1737.5, 1655, 0, 122105, NULL, NULL, 33, '2019-11-30 16:26:09', NULL, 'Y', 2, NULL, 1, 'ADV', 1.25, 0, 0, NULL, 'N'),
(631, 41700, 0, 24, '2019-12-01', '2020-08-01', 11, 1737.5, 1655, 0, 120450, NULL, NULL, 33, '2019-11-30 16:26:09', NULL, 'Y', 2, NULL, 1, 'ADV', 1.25, 0, 0, NULL, 'N'),
(632, 41700, 0, 24, '2019-12-01', '2020-09-01', 12, 1737.5, 1655, 0, 118795, NULL, NULL, 33, '2019-11-30 16:26:09', NULL, 'Y', 2, NULL, 1, 'ADV', 1.25, 0, 0, NULL, 'N'),
(633, 41700, 0, 24, '2019-12-01', '2020-10-01', 13, 1737.5, 1655, 0, 117140, NULL, NULL, 33, '2019-11-30 16:26:09', NULL, 'Y', 2, NULL, 1, 'ADV', 1.25, 0, 0, NULL, 'N'),
(634, 41700, 0, 24, '2019-12-01', '2020-11-01', 14, 1737.5, 1655, 0, 115485, NULL, NULL, 33, '2019-11-30 16:26:09', NULL, 'Y', 2, NULL, 1, 'ADV', 1.25, 0, 0, NULL, 'N'),
(635, 41700, 0, 24, '2019-12-01', '2020-12-01', 15, 1737.5, 1655, 0, 113830, NULL, NULL, 33, '2019-11-30 16:26:09', NULL, 'Y', 2, NULL, 1, 'ADV', 1.25, 0, 0, NULL, 'N'),
(636, 41700, 0, 24, '2019-12-01', '2021-01-01', 16, 1737.5, 1655, 0, 112175, NULL, NULL, 33, '2019-11-30 16:26:09', NULL, 'Y', 2, NULL, 1, 'ADV', 1.25, 0, 0, NULL, 'N'),
(637, 41700, 0, 24, '2019-12-01', '2021-02-01', 17, 1737.5, 1655, 0, 110520, NULL, NULL, 33, '2019-11-30 16:26:09', NULL, 'Y', 2, NULL, 1, 'ADV', 1.25, 0, 0, NULL, 'N'),
(638, 41700, 0, 24, '2019-12-01', '2021-03-01', 18, 1737.5, 1655, 0, 108865, NULL, NULL, 33, '2019-11-30 16:26:09', NULL, 'Y', 2, NULL, 1, 'ADV', 1.25, 0, 0, NULL, 'N'),
(639, 41700, 0, 24, '2019-12-01', '2021-04-01', 19, 1737.5, 1655, 0, 107210, NULL, NULL, 33, '2019-11-30 16:26:09', NULL, 'Y', 2, NULL, 1, 'ADV', 1.25, 0, 0, NULL, 'N'),
(640, 41700, 0, 24, '2019-12-01', '2021-05-01', 20, 1737.5, 1655, 0, 105555, NULL, NULL, 33, '2019-11-30 16:26:09', NULL, 'Y', 2, NULL, 1, 'ADV', 1.25, 0, 0, NULL, 'N'),
(641, 41700, 0, 24, '2019-12-01', '2021-06-01', 21, 1737.5, 1655, 0, 103900, NULL, NULL, 33, '2019-11-30 16:26:09', NULL, 'Y', 2, NULL, 1, 'ADV', 1.25, 0, 0, NULL, 'N'),
(642, 41700, 0, 24, '2019-12-01', '2021-07-01', 22, 1737.5, 1655, 0, 102245, NULL, NULL, 33, '2019-11-30 16:26:09', NULL, 'Y', 2, NULL, 1, 'ADV', 1.25, 0, 0, NULL, 'N'),
(643, 41700, 0, 24, '2019-12-01', '2021-08-01', 23, 1737.5, 1655, 0, 100590, NULL, NULL, 33, '2019-11-30 16:26:09', NULL, 'Y', 2, NULL, 1, 'ADV', 1.25, 0, 0, NULL, 'N'),
(644, 41700, 0, 24, '2019-12-01', '2021-09-01', 24, 1737.5, 1655, 0, 98935, NULL, NULL, 33, '2019-11-30 16:26:09', NULL, 'Y', 2, NULL, 1, 'ADV', 1.25, 0, 0, NULL, 'N'),
(645, 41700, 0, 24, '2019-12-01', '2021-10-01', 25, 1737.5, 1635, 0, 97300, NULL, NULL, 33, '2019-11-30 16:26:09', NULL, 'Y', 2, NULL, 1, 'ADV', 1.25, 0, 0, NULL, 'N'),
(646, 97300, 0, 1, '2019-12-01', '2021-11-01', 26, 97300, 97300, 0, 0, NULL, NULL, 33, '2019-11-30 16:26:09', NULL, 'Y', 2, NULL, 1, 'LEFT', 70, 0, 0, NULL, 'N'),
(647, 2000, 0, 1, '2019-12-01', '2019-10-18', 1, 2000, 2000, 0, 137000, NULL, NULL, 34, '2019-12-02 13:02:18', NULL, 'Y', 3, NULL, 1, 'BOOK', 0, 0, 0, NULL, 'Y'),
(648, 41700, 0, 24, '2019-12-01', '2019-11-01', 2, -262.5, -262.5, 0, 137262.5, NULL, NULL, 34, '2019-12-02 13:02:18', NULL, 'Y', 3, NULL, 1, 'ADV', 1.25, 0, 0, NULL, 'N'),
(649, 41700, 0, 24, '2019-12-01', '2019-12-01', 3, 1737.5, 1737.5, 0, 135525, NULL, NULL, 34, '2019-12-02 13:02:18', NULL, 'Y', 3, NULL, 1, 'ADV', 1.25, 0, 0, NULL, 'N'),
(650, 41700, 0, 24, '2019-12-01', '2020-01-01', 4, 1737.5, 1737.5, 0, 133787.5, NULL, NULL, 34, '2019-12-02 13:02:18', NULL, 'Y', 3, NULL, 1, 'ADV', 1.25, 0, 0, NULL, 'N'),
(651, 41700, 0, 24, '2019-12-01', '2020-02-01', 5, 1737.5, 1737.5, 0, 132050, NULL, NULL, 34, '2019-12-02 13:02:18', NULL, 'Y', 3, NULL, 1, 'ADV', 1.25, 0, 0, NULL, 'N'),
(652, 41700, 0, 24, '2019-12-01', '2020-03-01', 6, 1737.5, 1737.5, 0, 130312.5, NULL, NULL, 34, '2019-12-02 13:02:18', NULL, 'Y', 3, NULL, 1, 'ADV', 1.25, 0, 0, NULL, 'N'),
(653, 41700, 0, 24, '2019-12-01', '2020-04-01', 7, 1737.5, 1737.5, 0, 128575, NULL, NULL, 34, '2019-12-02 13:02:18', NULL, 'Y', 3, NULL, 1, 'ADV', 1.25, 0, 0, NULL, 'N'),
(654, 41700, 0, 24, '2019-12-01', '2020-05-01', 8, 1737.5, 1737.5, 0, 126837.5, NULL, NULL, 34, '2019-12-02 13:02:18', NULL, 'Y', 3, NULL, 1, 'ADV', 1.25, 0, 0, NULL, 'N'),
(655, 41700, 0, 24, '2019-12-01', '2020-06-01', 9, 1737.5, 1737.5, 0, 125100, NULL, NULL, 34, '2019-12-02 13:02:18', NULL, 'Y', 3, NULL, 1, 'ADV', 1.25, 0, 0, NULL, 'N'),
(656, 41700, 0, 24, '2019-12-01', '2020-07-01', 10, 1737.5, 1737.5, 0, 123362.5, NULL, NULL, 34, '2019-12-02 13:02:18', NULL, 'Y', 3, NULL, 1, 'ADV', 1.25, 0, 0, NULL, 'N'),
(657, 41700, 0, 24, '2019-12-01', '2020-08-01', 11, 1737.5, 1737.5, 0, 121625, NULL, NULL, 34, '2019-12-02 13:02:18', NULL, 'Y', 3, NULL, 1, 'ADV', 1.25, 0, 0, NULL, 'N'),
(658, 41700, 0, 24, '2019-12-01', '2020-09-01', 12, 1737.5, 1737.5, 0, 119887.5, NULL, NULL, 34, '2019-12-02 13:02:18', NULL, 'Y', 3, NULL, 1, 'ADV', 1.25, 0, 0, NULL, 'N'),
(659, 41700, 0, 24, '2019-12-01', '2020-10-01', 13, 1737.5, 1737.5, 0, 118150, NULL, NULL, 34, '2019-12-02 13:02:18', NULL, 'Y', 3, NULL, 1, 'ADV', 1.25, 0, 0, NULL, 'N'),
(660, 41700, 0, 24, '2019-12-01', '2020-11-01', 14, 1737.5, 1737.5, 0, 116412.5, NULL, NULL, 34, '2019-12-02 13:02:18', NULL, 'Y', 3, NULL, 1, 'ADV', 1.25, 0, 0, NULL, 'N'),
(661, 41700, 0, 24, '2019-12-01', '2020-12-01', 15, 1737.5, 1737.5, 0, 114675, NULL, NULL, 34, '2019-12-02 13:02:18', NULL, 'Y', 3, NULL, 1, 'ADV', 1.25, 0, 0, NULL, 'N'),
(662, 41700, 0, 24, '2019-12-01', '2021-01-01', 16, 1737.5, 1737.5, 0, 112937.5, NULL, NULL, 34, '2019-12-02 13:02:18', NULL, 'Y', 3, NULL, 1, 'ADV', 1.25, 0, 0, NULL, 'N'),
(663, 41700, 0, 24, '2019-12-01', '2021-02-01', 17, 1737.5, 1737.5, 0, 111200, NULL, NULL, 34, '2019-12-02 13:02:18', NULL, 'Y', 3, NULL, 1, 'ADV', 1.25, 0, 0, NULL, 'N'),
(664, 41700, 0, 24, '2019-12-01', '2021-03-01', 18, 1737.5, 1737.5, 0, 109462.5, NULL, NULL, 34, '2019-12-02 13:02:18', NULL, 'Y', 3, NULL, 1, 'ADV', 1.25, 0, 0, NULL, 'N'),
(665, 41700, 0, 24, '2019-12-01', '2021-04-01', 19, 1737.5, 1737.5, 0, 107725, NULL, NULL, 34, '2019-12-02 13:02:18', NULL, 'Y', 3, NULL, 1, 'ADV', 1.25, 0, 0, NULL, 'N'),
(666, 41700, 0, 24, '2019-12-01', '2021-05-01', 20, 1737.5, 1737.5, 0, 105987.5, NULL, NULL, 34, '2019-12-02 13:02:18', NULL, 'Y', 3, NULL, 1, 'ADV', 1.25, 0, 0, NULL, 'N'),
(667, 41700, 0, 24, '2019-12-01', '2021-06-01', 21, 1737.5, 1737.5, 0, 104250, NULL, NULL, 34, '2019-12-02 13:02:18', NULL, 'Y', 3, NULL, 1, 'ADV', 1.25, 0, 0, NULL, 'N'),
(668, 41700, 0, 24, '2019-12-01', '2021-07-01', 22, 1737.5, 1737.5, 0, 102512.5, NULL, NULL, 34, '2019-12-02 13:02:18', NULL, 'Y', 3, NULL, 1, 'ADV', 1.25, 0, 0, NULL, 'N'),
(669, 41700, 0, 24, '2019-12-01', '2021-08-01', 23, 1737.5, 1737.5, 0, 100775, NULL, NULL, 34, '2019-12-02 13:02:18', NULL, 'Y', 3, NULL, 1, 'ADV', 1.25, 0, 0, NULL, 'N'),
(670, 41700, 0, 24, '2019-12-01', '2021-09-01', 24, 1737.5, 1737.5, 0, 99037.5, NULL, NULL, 34, '2019-12-02 13:02:18', NULL, 'Y', 3, NULL, 1, 'ADV', 1.25, 0, 0, NULL, 'N'),
(671, 41700, 0, 24, '2019-12-01', '2021-10-01', 25, 1737.5, 1737.5, 0, 97300, NULL, NULL, 34, '2019-12-02 13:02:18', NULL, 'Y', 3, NULL, 1, 'ADV', 1.25, 0, 0, NULL, 'N'),
(672, 97300, 0, 1, '2019-12-01', '2021-11-01', 26, 97300, 97300, 0, 0, NULL, NULL, 34, '2019-12-02 13:02:18', NULL, 'Y', 3, NULL, 1, 'LEFT', 70, 0, 0, NULL, 'N'),
(673, 2000, 0, 1, '2019-12-01', '2019-10-18', 1, 2000, 2000, 0, 137000, NULL, NULL, 35, '2019-12-02 13:11:06', NULL, 'Y', 3, NULL, 1, 'BOOK', 0, 0, 0, NULL, 'Y'),
(674, 41700, 0, 24, '2019-12-01', '2019-11-01', 2, -262.5, -262.5, 0, 137262.5, NULL, NULL, 35, '2019-12-02 13:11:06', NULL, 'Y', 3, NULL, 1, 'ADV', 1.25, 0, 0, NULL, 'N'),
(675, 41700, 0, 24, '2019-12-01', '2019-12-01', 3, 1737.5, 1737.5, 0, 135525, NULL, NULL, 35, '2019-12-02 13:11:06', NULL, 'Y', 3, NULL, 1, 'ADV', 1.25, 0, 0, NULL, 'N'),
(676, 41700, 0, 24, '2019-12-01', '2020-01-01', 4, 1737.5, 1737.5, 0, 133787.5, NULL, NULL, 35, '2019-12-02 13:11:06', NULL, 'Y', 3, NULL, 1, 'ADV', 1.25, 0, 0, NULL, 'N'),
(677, 41700, 0, 24, '2019-12-01', '2020-02-01', 5, 1737.5, 1737.5, 0, 132050, NULL, NULL, 35, '2019-12-02 13:11:06', NULL, 'Y', 3, NULL, 1, 'ADV', 1.25, 0, 0, NULL, 'N'),
(678, 41700, 0, 24, '2019-12-01', '2020-03-01', 6, 1737.5, 1737.5, 0, 130312.5, NULL, NULL, 35, '2019-12-02 13:11:06', NULL, 'Y', 3, NULL, 1, 'ADV', 1.25, 0, 0, NULL, 'N'),
(679, 41700, 0, 24, '2019-12-01', '2020-04-01', 7, 1737.5, 1737.5, 0, 128575, NULL, NULL, 35, '2019-12-02 13:11:06', NULL, 'Y', 3, NULL, 1, 'ADV', 1.25, 0, 0, NULL, 'N'),
(680, 41700, 0, 24, '2019-12-01', '2020-05-01', 8, 1737.5, 1737.5, 0, 126837.5, NULL, NULL, 35, '2019-12-02 13:11:06', NULL, 'Y', 3, NULL, 1, 'ADV', 1.25, 0, 0, NULL, 'N'),
(681, 41700, 0, 24, '2019-12-01', '2020-06-01', 9, 1737.5, 1737.5, 0, 125100, NULL, NULL, 35, '2019-12-02 13:11:06', NULL, 'Y', 3, NULL, 1, 'ADV', 1.25, 0, 0, NULL, 'N'),
(682, 41700, 0, 24, '2019-12-01', '2020-07-01', 10, 1737.5, 1737.5, 0, 123362.5, NULL, NULL, 35, '2019-12-02 13:11:06', NULL, 'Y', 3, NULL, 1, 'ADV', 1.25, 0, 0, NULL, 'N'),
(683, 41700, 0, 24, '2019-12-01', '2020-08-01', 11, 1737.5, 1737.5, 0, 121625, NULL, NULL, 35, '2019-12-02 13:11:06', NULL, 'Y', 3, NULL, 1, 'ADV', 1.25, 0, 0, NULL, 'N'),
(684, 41700, 0, 24, '2019-12-01', '2020-09-01', 12, 1737.5, 1737.5, 0, 119887.5, NULL, NULL, 35, '2019-12-02 13:11:06', NULL, 'Y', 3, NULL, 1, 'ADV', 1.25, 0, 0, NULL, 'N'),
(685, 41700, 0, 24, '2019-12-01', '2020-10-01', 13, 1737.5, 1737.5, 0, 118150, NULL, NULL, 35, '2019-12-02 13:11:06', NULL, 'Y', 3, NULL, 1, 'ADV', 1.25, 0, 0, NULL, 'N'),
(686, 41700, 0, 24, '2019-12-01', '2020-11-01', 14, 1737.5, 1737.5, 0, 116412.5, NULL, NULL, 35, '2019-12-02 13:11:06', NULL, 'Y', 3, NULL, 1, 'ADV', 1.25, 0, 0, NULL, 'N'),
(687, 41700, 0, 24, '2019-12-01', '2020-12-01', 15, 1737.5, 1737.5, 0, 114675, NULL, NULL, 35, '2019-12-02 13:11:06', NULL, 'Y', 3, NULL, 1, 'ADV', 1.25, 0, 0, NULL, 'N'),
(688, 41700, 0, 24, '2019-12-01', '2021-01-01', 16, 1737.5, 1737.5, 0, 112937.5, NULL, NULL, 35, '2019-12-02 13:11:06', NULL, 'Y', 3, NULL, 1, 'ADV', 1.25, 0, 0, NULL, 'N'),
(689, 41700, 0, 24, '2019-12-01', '2021-02-01', 17, 1737.5, 1737.5, 0, 111200, NULL, NULL, 35, '2019-12-02 13:11:06', NULL, 'Y', 3, NULL, 1, 'ADV', 1.25, 0, 0, NULL, 'N'),
(690, 41700, 0, 24, '2019-12-01', '2021-03-01', 18, 1737.5, 1737.5, 0, 109462.5, NULL, NULL, 35, '2019-12-02 13:11:06', NULL, 'Y', 3, NULL, 1, 'ADV', 1.25, 0, 0, NULL, 'N'),
(691, 41700, 0, 24, '2019-12-01', '2021-04-01', 19, 1737.5, 1737.5, 0, 107725, NULL, NULL, 35, '2019-12-02 13:11:06', NULL, 'Y', 3, NULL, 1, 'ADV', 1.25, 0, 0, NULL, 'N'),
(692, 41700, 0, 24, '2019-12-01', '2021-05-01', 20, 1737.5, 1737.5, 0, 105987.5, NULL, NULL, 35, '2019-12-02 13:11:06', NULL, 'Y', 3, NULL, 1, 'ADV', 1.25, 0, 0, NULL, 'N'),
(693, 41700, 0, 24, '2019-12-01', '2021-06-01', 21, 1737.5, 1737.5, 0, 104250, NULL, NULL, 35, '2019-12-02 13:11:06', NULL, 'Y', 3, NULL, 1, 'ADV', 1.25, 0, 0, NULL, 'N'),
(694, 41700, 0, 24, '2019-12-01', '2021-07-01', 22, 1737.5, 1737.5, 0, 102512.5, NULL, NULL, 35, '2019-12-02 13:11:06', NULL, 'Y', 3, NULL, 1, 'ADV', 1.25, 0, 0, NULL, 'N'),
(695, 41700, 0, 24, '2019-12-01', '2021-08-01', 23, 1737.5, 1737.5, 0, 100775, NULL, NULL, 35, '2019-12-02 13:11:06', NULL, 'Y', 3, NULL, 1, 'ADV', 1.25, 0, 0, NULL, 'N'),
(696, 41700, 0, 24, '2019-12-01', '2021-09-01', 24, 1737.5, 1737.5, 0, 99037.5, NULL, NULL, 35, '2019-12-02 13:11:06', NULL, 'Y', 3, NULL, 1, 'ADV', 1.25, 0, 0, NULL, 'N'),
(697, 41700, 0, 24, '2019-12-01', '2021-10-01', 25, 1737.5, 1737.5, 0, 97300, NULL, NULL, 35, '2019-12-02 13:11:06', NULL, 'Y', 3, NULL, 1, 'ADV', 1.25, 0, 0, NULL, 'N'),
(698, 97300, 0, 1, '2019-12-01', '2021-11-01', 26, 97300, 97300, 0, 0, NULL, NULL, 35, '2019-12-02 13:11:06', NULL, 'Y', 3, NULL, 1, 'LEFT', 70, 0, 0, NULL, 'N'),
(699, 2000, 0, 1, '2019-11-15', '2019-10-18', 1, 2000, 2000, 0, 137000, NULL, NULL, 36, '2019-12-02 14:21:22', NULL, 'Y', 3, NULL, 1, 'BOOK', 0, 0, 0, NULL, 'Y'),
(700, 41700, 0, 24, '2019-11-15', '2019-10-18', 2, 1655, 1655, 0, 135345, NULL, NULL, 36, '2019-12-02 14:21:22', '2019-12-17 14:31:53', 'Y', 3, 3, 1, 'ADV', 2.63, 0, 0, NULL, 'Y'),
(701, 41700, 0, 24, '2019-11-15', '2019-11-15', 3, 1655, 1655, 0, 133690, NULL, NULL, 36, '2019-12-02 14:21:22', '2019-12-17 14:34:25', 'Y', 3, 3, 1, 'ADV', 2.63, 0, 0, NULL, 'Y'),
(702, 41700, 0, 24, '2019-11-15', '2019-12-15', 4, 1655, 1655, 0, 132035, NULL, NULL, 36, '2019-12-02 14:21:22', '2019-12-17 14:35:57', 'Y', 3, 3, 1, 'ADV', 2.63, 0, 0, NULL, 'Y'),
(703, 41700, 0, 24, '2019-11-15', '2020-01-15', 5, 1655, 1655, 0, 130380, NULL, NULL, 36, '2019-12-02 14:21:22', '2020-01-17 14:02:03', 'Y', 3, 3, 1, 'ADV', 2.63, 0, 0, NULL, 'Y'),
(704, 41700, 0, 24, '2019-11-15', '2020-02-15', 6, 1655, 1655, 0, 128725, NULL, NULL, 36, '2019-12-02 14:21:22', '2020-02-16 09:54:21', 'Y', 3, 3, 1, 'ADV', 2.63, 0, 0, NULL, 'Y'),
(705, 41700, 0, 24, '2019-11-15', '2020-03-15', 7, 1655, 1655, 0, 127070, NULL, NULL, 36, '2019-12-02 14:21:22', NULL, 'Y', 3, NULL, 1, 'ADV', 2.63, 0, 0, NULL, 'N'),
(706, 41700, 0, 24, '2019-11-15', '2020-04-15', 8, 1655, 1655, 0, 125415, NULL, NULL, 36, '2019-12-02 14:21:22', NULL, 'Y', 3, NULL, 1, 'ADV', 2.63, 0, 0, NULL, 'N'),
(707, 41700, 0, 24, '2019-11-15', '2020-05-15', 9, 1655, 1655, 0, 123760, NULL, NULL, 36, '2019-12-02 14:21:22', NULL, 'Y', 3, NULL, 1, 'ADV', 2.63, 0, 0, NULL, 'N'),
(708, 41700, 0, 24, '2019-11-15', '2020-06-15', 10, 1655, 1655, 0, 122105, NULL, NULL, 36, '2019-12-02 14:21:22', NULL, 'Y', 3, NULL, 1, 'ADV', 2.63, 0, 0, NULL, 'N'),
(709, 41700, 0, 24, '2019-11-15', '2020-07-15', 11, 1655, 1655, 0, 120450, NULL, NULL, 36, '2019-12-02 14:21:22', NULL, 'Y', 3, NULL, 1, 'ADV', 2.63, 0, 0, NULL, 'N'),
(710, 41700, 0, 24, '2019-11-15', '2020-08-15', 12, 1655, 1655, 0, 118795, NULL, NULL, 36, '2019-12-02 14:21:22', NULL, 'Y', 3, NULL, 1, 'ADV', 2.63, 0, 0, NULL, 'N'),
(711, 41700, 0, 24, '2019-11-15', '2020-09-15', 13, 1655, 1655, 0, 117140, NULL, NULL, 36, '2019-12-02 14:21:22', NULL, 'Y', 3, NULL, 1, 'ADV', 2.63, 0, 0, NULL, 'N'),
(712, 41700, 0, 24, '2019-11-15', '2020-10-15', 14, 1655, 1655, 0, 115485, NULL, NULL, 36, '2019-12-02 14:21:22', NULL, 'Y', 3, NULL, 1, 'ADV', 2.63, 0, 0, NULL, 'N'),
(713, 41700, 0, 24, '2019-11-15', '2020-11-15', 15, 1655, 1655, 0, 113830, NULL, NULL, 36, '2019-12-02 14:21:22', NULL, 'Y', 3, NULL, 1, 'ADV', 2.63, 0, 0, NULL, 'N'),
(714, 41700, 0, 24, '2019-11-15', '2020-12-15', 16, 1655, 1655, 0, 112175, NULL, NULL, 36, '2019-12-02 14:21:22', NULL, 'Y', 3, NULL, 1, 'ADV', 2.63, 0, 0, NULL, 'N'),
(715, 41700, 0, 24, '2019-11-15', '2021-01-15', 17, 1655, 1655, 0, 110520, NULL, NULL, 36, '2019-12-02 14:21:22', NULL, 'Y', 3, NULL, 1, 'ADV', 2.63, 0, 0, NULL, 'N'),
(716, 41700, 0, 24, '2019-11-15', '2021-02-15', 18, 1655, 1655, 0, 108865, NULL, NULL, 36, '2019-12-02 14:21:22', NULL, 'Y', 3, NULL, 1, 'ADV', 2.63, 0, 0, NULL, 'N'),
(717, 41700, 0, 24, '2019-11-15', '2021-03-15', 19, 1655, 1655, 0, 107210, NULL, NULL, 36, '2019-12-02 14:21:22', NULL, 'Y', 3, NULL, 1, 'ADV', 2.63, 0, 0, NULL, 'N'),
(718, 41700, 0, 24, '2019-11-15', '2021-04-15', 20, 1655, 1655, 0, 105555, NULL, NULL, 36, '2019-12-02 14:21:22', NULL, 'Y', 3, NULL, 1, 'ADV', 2.63, 0, 0, NULL, 'N'),
(719, 41700, 0, 24, '2019-11-15', '2021-05-15', 21, 1655, 1655, 0, 103900, NULL, NULL, 36, '2019-12-02 14:21:22', NULL, 'Y', 3, NULL, 1, 'ADV', 2.63, 0, 0, NULL, 'N'),
(720, 41700, 0, 24, '2019-11-15', '2021-06-15', 22, 1655, 1655, 0, 102245, NULL, NULL, 36, '2019-12-02 14:21:22', NULL, 'Y', 3, NULL, 1, 'ADV', 2.63, 0, 0, NULL, 'N'),
(721, 41700, 0, 24, '2019-11-15', '2021-07-15', 23, 1655, 1655, 0, 100590, NULL, NULL, 36, '2019-12-02 14:21:22', NULL, 'Y', 3, NULL, 1, 'ADV', 2.63, 0, 0, NULL, 'N'),
(722, 41700, 0, 24, '2019-11-15', '2021-08-15', 24, 1655, 1655, 0, 98935, NULL, NULL, 36, '2019-12-02 14:21:22', NULL, 'Y', 3, NULL, 1, 'ADV', 2.63, 0, 0, NULL, 'N'),
(723, 41700, 0, 24, '2019-11-15', '2021-09-15', 25, 1635, 1635, 0, 97300, NULL, NULL, 36, '2019-12-02 14:21:22', NULL, 'Y', 3, NULL, 1, 'ADV', 2.63, 0, 0, NULL, 'N'),
(724, 97300, 0, 1, '2019-11-15', '2021-10-15', 26, 97300, 97300, 0, 0, NULL, NULL, 36, '2019-12-02 14:21:22', NULL, 'Y', 3, NULL, 1, 'LEFT', 70, 0, 0, NULL, 'N'),
(725, 2000, 0, 1, '2020-01-01', '2019-10-25', 1, 2000, 2000, 0, 296000, NULL, NULL, 37, '2019-12-03 14:22:06', NULL, 'Y', 3, NULL, 1, 'BOOK', 0, 0, 0, NULL, 'Y'),
(726, 89400, 0, 17, '2020-01-01', '2019-12-01', 2, 2000, 2000, 0, 294000, NULL, NULL, 37, '2019-12-03 14:22:07', '2019-12-05 13:52:27', 'Y', 3, 3, 1, 'ADV', 1.76, 0, 0, NULL, 'Y'),
(727, 89400, 0, 17, '2020-01-01', '2020-01-01', 3, 5337.5, 5337.5, 0, 288662.5, NULL, NULL, 37, '2019-12-03 14:22:07', NULL, 'Y', 3, NULL, 1, 'ADV', 1.79, 0, 0, NULL, 'N'),
(728, 89400, 0, 17, '2020-01-01', '2020-02-01', 4, 5337.5, 5337.5, 0, 283325, NULL, NULL, 37, '2019-12-03 14:22:07', NULL, 'Y', 3, NULL, 1, 'ADV', 1.79, 0, 0, NULL, 'N'),
(729, 89400, 0, 17, '2020-01-01', '2020-03-01', 5, 5337.5, 5337.5, 0, 277987.5, NULL, NULL, 37, '2019-12-03 14:22:07', NULL, 'Y', 3, NULL, 1, 'ADV', 1.79, 0, 0, NULL, 'N'),
(730, 89400, 0, 17, '2020-01-01', '2020-04-01', 6, 5337.5, 5337.5, 0, 272650, NULL, NULL, 37, '2019-12-03 14:22:07', NULL, 'Y', 3, NULL, 1, 'ADV', 1.79, 0, 0, NULL, 'N'),
(731, 89400, 0, 17, '2020-01-01', '2020-05-01', 7, 5337.5, 5337.5, 0, 267312.5, NULL, NULL, 37, '2019-12-03 14:22:07', NULL, 'Y', 3, NULL, 1, 'ADV', 1.79, 0, 0, NULL, 'N'),
(732, 89400, 0, 17, '2020-01-01', '2020-06-01', 8, 5337.5, 5337.5, 0, 261975, NULL, NULL, 37, '2019-12-03 14:22:07', NULL, 'Y', 3, NULL, 1, 'ADV', 1.79, 0, 0, NULL, 'N'),
(733, 89400, 0, 17, '2020-01-01', '2020-07-01', 9, 5337.5, 5337.5, 0, 256637.5, NULL, NULL, 37, '2019-12-03 14:22:07', NULL, 'Y', 3, NULL, 1, 'ADV', 1.79, 0, 0, NULL, 'N'),
(734, 89400, 0, 17, '2020-01-01', '2020-08-01', 10, 5337.5, 5337.5, 0, 251300, NULL, NULL, 37, '2019-12-03 14:22:07', NULL, 'Y', 3, NULL, 1, 'ADV', 1.79, 0, 0, NULL, 'N'),
(735, 89400, 0, 17, '2020-01-01', '2020-09-01', 11, 5337.5, 5337.5, 0, 245962.5, NULL, NULL, 37, '2019-12-03 14:22:07', NULL, 'Y', 3, NULL, 1, 'ADV', 1.79, 0, 0, NULL, 'N'),
(736, 89400, 0, 17, '2020-01-01', '2020-10-01', 12, 5337.5, 5337.5, 0, 240625, NULL, NULL, 37, '2019-12-03 14:22:07', NULL, 'Y', 3, NULL, 1, 'ADV', 1.79, 0, 0, NULL, 'N'),
(737, 89400, 0, 17, '2020-01-01', '2020-11-01', 13, 5337.5, 5337.5, 0, 235287.5, NULL, NULL, 37, '2019-12-03 14:22:07', NULL, 'Y', 3, NULL, 1, 'ADV', 1.79, 0, 0, NULL, 'N'),
(738, 89400, 0, 17, '2020-01-01', '2020-12-01', 14, 5337.5, 5337.5, 0, 229950, NULL, NULL, 37, '2019-12-03 14:22:07', NULL, 'Y', 3, NULL, 1, 'ADV', 1.79, 0, 0, NULL, 'N'),
(739, 89400, 0, 17, '2020-01-01', '2021-01-01', 15, 5337.5, 5337.5, 0, 224612.5, NULL, NULL, 37, '2019-12-03 14:22:07', NULL, 'Y', 3, NULL, 1, 'ADV', 1.79, 0, 0, NULL, 'N'),
(740, 89400, 0, 17, '2020-01-01', '2021-02-01', 16, 5337.5, 5337.5, 0, 219275, NULL, NULL, 37, '2019-12-03 14:22:07', NULL, 'Y', 3, NULL, 1, 'ADV', 1.79, 0, 0, NULL, 'N'),
(741, 89400, 0, 17, '2020-01-01', '2021-03-01', 17, 5337.5, 5337.5, 0, 213937.5, NULL, NULL, 37, '2019-12-03 14:22:07', NULL, 'Y', 3, NULL, 1, 'ADV', 1.79, 0, 0, NULL, 'N'),
(742, 89400, 0, 17, '2020-01-01', '2021-04-01', 18, 5337.5, 5337.5, 0, 208600, NULL, NULL, 37, '2019-12-03 14:22:07', NULL, 'Y', 3, NULL, 1, 'ADV', 1.79, 0, 0, NULL, 'N'),
(743, 208600, 0, 1, '2020-01-01', '2021-05-01', 19, 208600, 208600, 0, 0, NULL, NULL, 37, '2019-12-03 14:22:07', NULL, 'Y', 3, NULL, 1, 'LEFT', 70, 0, 0, NULL, 'N'),
(744, NULL, NULL, NULL, '1970-01-01', '2019-10-25', 1, 2000, 2000, 0, 296000, NULL, NULL, 38, '2019-12-03 16:14:31', NULL, 'Y', 3, NULL, 1, NULL, NULL, NULL, NULL, NULL, 'N'),
(745, NULL, NULL, NULL, '1970-01-01', '2019-12-01', 2, 2000, 2000, 0, 294000, NULL, NULL, 38, '2019-12-03 16:14:31', NULL, 'Y', 3, NULL, 1, NULL, NULL, NULL, NULL, NULL, 'N'),
(746, NULL, NULL, NULL, '1970-01-01', '2020-01-01', 3, 5337.5, 5337.5, 0, 288662.5, NULL, NULL, 38, '2019-12-03 16:14:31', NULL, 'Y', 3, NULL, 1, NULL, NULL, NULL, NULL, NULL, 'N'),
(747, NULL, NULL, NULL, '1970-01-01', '2020-02-01', 4, 5337.5, 5337.5, 0, 283325, NULL, NULL, 38, '2019-12-03 16:14:31', NULL, 'Y', 3, NULL, 1, NULL, NULL, NULL, NULL, NULL, 'N'),
(748, NULL, NULL, NULL, '1970-01-01', '2020-03-01', 5, 5337.5, 5337.5, 0, 277987.5, NULL, NULL, 38, '2019-12-03 16:14:31', NULL, 'Y', 3, NULL, 1, NULL, NULL, NULL, NULL, NULL, 'N'),
(749, NULL, NULL, NULL, '1970-01-01', '2020-04-01', 6, 5337.5, 5337.5, 0, 272650, NULL, NULL, 38, '2019-12-03 16:14:31', NULL, 'Y', 3, NULL, 1, NULL, NULL, NULL, NULL, NULL, 'N'),
(750, NULL, NULL, NULL, '1970-01-01', '2020-05-01', 7, 5337.5, 5337.5, 0, 267312.5, NULL, NULL, 38, '2019-12-03 16:14:31', NULL, 'Y', 3, NULL, 1, NULL, NULL, NULL, NULL, NULL, 'N'),
(751, NULL, NULL, NULL, '1970-01-01', '2020-06-01', 8, 5337.5, 5337.5, 0, 261975, NULL, NULL, 38, '2019-12-03 16:14:31', NULL, 'Y', 3, NULL, 1, NULL, NULL, NULL, NULL, NULL, 'N'),
(752, NULL, NULL, NULL, '1970-01-01', '2020-07-01', 9, 5337.5, 5337.5, 0, 256637.5, NULL, NULL, 38, '2019-12-03 16:14:31', NULL, 'Y', 3, NULL, 1, NULL, NULL, NULL, NULL, NULL, 'N'),
(753, NULL, NULL, NULL, '1970-01-01', '2020-08-01', 10, 5337.5, 5337.5, 0, 251300, NULL, NULL, 38, '2019-12-03 16:14:31', NULL, 'Y', 3, NULL, 1, NULL, NULL, NULL, NULL, NULL, 'N'),
(754, NULL, NULL, NULL, '1970-01-01', '2020-09-01', 11, 5337.5, 5337.5, 0, 245962.5, NULL, NULL, 38, '2019-12-03 16:14:31', NULL, 'Y', 3, NULL, 1, NULL, NULL, NULL, NULL, NULL, 'N'),
(755, NULL, NULL, NULL, '1970-01-01', '2020-10-01', 12, 5337.5, 5337.5, 0, 240625, NULL, NULL, 38, '2019-12-03 16:14:31', NULL, 'Y', 3, NULL, 1, NULL, NULL, NULL, NULL, NULL, 'N'),
(756, NULL, NULL, NULL, '1970-01-01', '2020-11-01', 13, 5337.5, 5337.5, 0, 235287.5, NULL, NULL, 38, '2019-12-03 16:14:31', NULL, 'Y', 3, NULL, 1, NULL, NULL, NULL, NULL, NULL, 'N'),
(757, NULL, NULL, NULL, '1970-01-01', '2020-12-01', 14, 5337.5, 5337.5, 0, 229950, NULL, NULL, 38, '2019-12-03 16:14:31', NULL, 'Y', 3, NULL, 1, NULL, NULL, NULL, NULL, NULL, 'N'),
(758, NULL, NULL, NULL, '1970-01-01', '2021-01-01', 15, 5337.5, 5337.5, 0, 224612.5, NULL, NULL, 38, '2019-12-03 16:14:31', NULL, 'Y', 3, NULL, 1, NULL, NULL, NULL, NULL, NULL, 'N'),
(759, NULL, NULL, NULL, '1970-01-01', '2021-02-01', 16, 5337.5, 5337.5, 0, 219275, NULL, NULL, 38, '2019-12-03 16:14:31', NULL, 'Y', 3, NULL, 1, NULL, NULL, NULL, NULL, NULL, 'N'),
(760, NULL, NULL, NULL, '1970-01-01', '2021-03-01', 17, 5337.5, 5337.5, 0, 213937.5, NULL, NULL, 38, '2019-12-03 16:14:31', NULL, 'Y', 3, NULL, 1, NULL, NULL, NULL, NULL, NULL, 'N'),
(761, NULL, NULL, NULL, '1970-01-01', '2021-04-01', 18, 5337.5, 5337.5, 0, 208600, NULL, NULL, 38, '2019-12-03 16:14:31', NULL, 'Y', 3, NULL, 1, NULL, NULL, NULL, NULL, NULL, 'N'),
(762, NULL, NULL, NULL, '1970-01-01', '2021-05-01', 19, 208600, 208600, 0, 0, NULL, NULL, 38, '2019-12-03 16:14:31', NULL, 'Y', 3, NULL, 1, NULL, NULL, NULL, NULL, NULL, 'N'),
(763, 2000, 0, 1, '2020-01-15', '2019-12-16', 1, 2000, 2000, 0, 165000, NULL, NULL, 39, '2019-12-16 15:02:07', NULL, 'Y', 3, NULL, 1, 'BOOK', 0, 0, 0, NULL, 'Y'),
(764, 50100, 0, 18, '2020-01-15', '2020-01-01', 2, 783.33, 783.33, 0, 164216.67, NULL, NULL, 39, '2019-12-16 15:02:07', NULL, 'Y', 3, NULL, 1, 'ADV', 1.67, 0, 0, NULL, 'N'),
(765, 50100, 0, 18, '2020-01-15', '2020-01-15', 3, 2783.33, 2783.33, 0, 161433.33, NULL, NULL, 39, '2019-12-16 15:02:07', NULL, 'Y', 3, NULL, 1, 'ADV', 1.67, 0, 0, NULL, 'N'),
(766, 50100, 0, 18, '2020-01-15', '2020-02-15', 4, 2783.33, 2783.33, 0, 158650, NULL, NULL, 39, '2019-12-16 15:02:07', NULL, 'Y', 3, NULL, 1, 'ADV', 1.67, 0, 0, NULL, 'N'),
(767, 50100, 0, 18, '2020-01-15', '2020-03-15', 5, 2783.33, 2783.33, 0, 155866.67, NULL, NULL, 39, '2019-12-16 15:02:07', NULL, 'Y', 3, NULL, 1, 'ADV', 1.67, 0, 0, NULL, 'N'),
(768, 50100, 0, 18, '2020-01-15', '2020-04-15', 6, 2783.33, 2783.33, 0, 153083.33, NULL, NULL, 39, '2019-12-16 15:02:07', NULL, 'Y', 3, NULL, 1, 'ADV', 1.67, 0, 0, NULL, 'N'),
(769, 50100, 0, 18, '2020-01-15', '2020-05-15', 7, 2783.33, 2783.33, 0, 150300, NULL, NULL, 39, '2019-12-16 15:02:07', NULL, 'Y', 3, NULL, 1, 'ADV', 1.67, 0, 0, NULL, 'N'),
(770, 50100, 0, 18, '2020-01-15', '2020-06-15', 8, 2783.33, 2783.33, 0, 147516.67, NULL, NULL, 39, '2019-12-16 15:02:07', NULL, 'Y', 3, NULL, 1, 'ADV', 1.67, 0, 0, NULL, 'N'),
(771, 50100, 0, 18, '2020-01-15', '2020-07-15', 9, 2783.33, 2783.33, 0, 144733.33, NULL, NULL, 39, '2019-12-16 15:02:07', NULL, 'Y', 3, NULL, 1, 'ADV', 1.67, 0, 0, NULL, 'N'),
(772, 50100, 0, 18, '2020-01-15', '2020-08-15', 10, 2783.33, 2783.33, 0, 141950, NULL, NULL, 39, '2019-12-16 15:02:07', NULL, 'Y', 3, NULL, 1, 'ADV', 1.67, 0, 0, NULL, 'N'),
(773, 50100, 0, 18, '2020-01-15', '2020-09-15', 11, 2783.33, 2783.33, 0, 139166.67, NULL, NULL, 39, '2019-12-16 15:02:07', NULL, 'Y', 3, NULL, 1, 'ADV', 1.67, 0, 0, NULL, 'N'),
(774, 50100, 0, 18, '2020-01-15', '2020-10-15', 12, 2783.33, 2783.33, 0, 136383.33, NULL, NULL, 39, '2019-12-16 15:02:07', NULL, 'Y', 3, NULL, 1, 'ADV', 1.67, 0, 0, NULL, 'N'),
(775, 50100, 0, 18, '2020-01-15', '2020-11-15', 13, 2783.33, 2783.33, 0, 133600, NULL, NULL, 39, '2019-12-16 15:02:07', NULL, 'Y', 3, NULL, 1, 'ADV', 1.67, 0, 0, NULL, 'N'),
(776, 50100, 0, 18, '2020-01-15', '2020-12-15', 14, 2783.33, 2783.33, 0, 130816.67, NULL, NULL, 39, '2019-12-16 15:02:07', NULL, 'Y', 3, NULL, 1, 'ADV', 1.67, 0, 0, NULL, 'N'),
(777, 50100, 0, 18, '2020-01-15', '2021-01-15', 15, 2783.33, 2783.33, 0, 128033.33, NULL, NULL, 39, '2019-12-16 15:02:07', NULL, 'Y', 3, NULL, 1, 'ADV', 1.67, 0, 0, NULL, 'N'),
(778, 50100, 0, 18, '2020-01-15', '2021-02-15', 16, 2783.33, 2783.33, 0, 125250, NULL, NULL, 39, '2019-12-16 15:02:07', NULL, 'Y', 3, NULL, 1, 'ADV', 1.67, 0, 0, NULL, 'N'),
(779, 50100, 0, 18, '2020-01-15', '2021-03-15', 17, 2783.33, 2783.33, 0, 122466.67, NULL, NULL, 39, '2019-12-16 15:02:07', NULL, 'Y', 3, NULL, 1, 'ADV', 1.67, 0, 0, NULL, 'N'),
(780, 50100, 0, 18, '2020-01-15', '2021-04-15', 18, 2783.33, 2783.33, 0, 119683.33, NULL, NULL, 39, '2019-12-16 15:02:07', NULL, 'Y', 3, NULL, 1, 'ADV', 1.67, 0, 0, NULL, 'N'),
(781, 50100, 0, 18, '2020-01-15', '2021-05-15', 19, 2783.33, 2783.33, 0, 116900, NULL, NULL, 39, '2019-12-16 15:02:07', NULL, 'Y', 3, NULL, 1, 'ADV', 1.67, 0, 0, NULL, 'N'),
(782, 116900, 0, 1, '2020-01-15', '2021-06-15', 20, 116900, 116900, 0, 0, NULL, NULL, 39, '2019-12-16 15:02:07', NULL, 'Y', 3, NULL, 1, 'LEFT', 70, 0, 0, NULL, 'N'),
(783, 2000, 0, 1, '2020-01-15', '2019-12-16', 1, 2000, 2000, 0, 165000, NULL, NULL, 40, '2019-12-16 15:05:39', NULL, 'Y', 3, NULL, 1, 'BOOK', 0, 0, 0, NULL, 'Y'),
(784, 50100, 0, 18, '2020-01-15', '2020-01-01', 2, 783.33, 783.33, 0, 164216.67, NULL, NULL, 40, '2019-12-16 15:05:39', NULL, 'Y', 3, NULL, 1, 'ADV', 1.67, 0, 0, NULL, 'N'),
(785, 50100, 0, 18, '2020-01-15', '2020-01-15', 3, 2783.33, 2783.33, 0, 161433.33, NULL, NULL, 40, '2019-12-16 15:05:39', NULL, 'Y', 3, NULL, 1, 'ADV', 1.67, 0, 0, NULL, 'N'),
(786, 50100, 0, 18, '2020-01-15', '2020-02-15', 4, 2783.33, 2783.33, 0, 158650, NULL, NULL, 40, '2019-12-16 15:05:39', NULL, 'Y', 3, NULL, 1, 'ADV', 1.67, 0, 0, NULL, 'N'),
(787, 50100, 0, 18, '2020-01-15', '2020-03-15', 5, 2783.33, 2783.33, 0, 155866.67, NULL, NULL, 40, '2019-12-16 15:05:39', NULL, 'Y', 3, NULL, 1, 'ADV', 1.67, 0, 0, NULL, 'N'),
(788, 50100, 0, 18, '2020-01-15', '2020-04-15', 6, 2783.33, 2783.33, 0, 153083.33, NULL, NULL, 40, '2019-12-16 15:05:39', NULL, 'Y', 3, NULL, 1, 'ADV', 1.67, 0, 0, NULL, 'N'),
(789, 50100, 0, 18, '2020-01-15', '2020-05-15', 7, 2783.33, 2783.33, 0, 150300, NULL, NULL, 40, '2019-12-16 15:05:39', NULL, 'Y', 3, NULL, 1, 'ADV', 1.67, 0, 0, NULL, 'N'),
(790, 50100, 0, 18, '2020-01-15', '2020-06-15', 8, 2783.33, 2783.33, 0, 147516.67, NULL, NULL, 40, '2019-12-16 15:05:39', NULL, 'Y', 3, NULL, 1, 'ADV', 1.67, 0, 0, NULL, 'N'),
(791, 50100, 0, 18, '2020-01-15', '2020-07-15', 9, 2783.33, 2783.33, 0, 144733.33, NULL, NULL, 40, '2019-12-16 15:05:39', NULL, 'Y', 3, NULL, 1, 'ADV', 1.67, 0, 0, NULL, 'N'),
(792, 50100, 0, 18, '2020-01-15', '2020-08-15', 10, 2783.33, 2783.33, 0, 141950, NULL, NULL, 40, '2019-12-16 15:05:39', NULL, 'Y', 3, NULL, 1, 'ADV', 1.67, 0, 0, NULL, 'N'),
(793, 50100, 0, 18, '2020-01-15', '2020-09-15', 11, 2783.33, 2783.33, 0, 139166.67, NULL, NULL, 40, '2019-12-16 15:05:39', NULL, 'Y', 3, NULL, 1, 'ADV', 1.67, 0, 0, NULL, 'N'),
(794, 50100, 0, 18, '2020-01-15', '2020-10-15', 12, 2783.33, 2783.33, 0, 136383.33, NULL, NULL, 40, '2019-12-16 15:05:39', NULL, 'Y', 3, NULL, 1, 'ADV', 1.67, 0, 0, NULL, 'N'),
(795, 50100, 0, 18, '2020-01-15', '2020-11-15', 13, 2783.33, 2783.33, 0, 133600, NULL, NULL, 40, '2019-12-16 15:05:39', NULL, 'Y', 3, NULL, 1, 'ADV', 1.67, 0, 0, NULL, 'N'),
(796, 50100, 0, 18, '2020-01-15', '2020-12-15', 14, 2783.33, 2783.33, 0, 130816.67, NULL, NULL, 40, '2019-12-16 15:05:39', NULL, 'Y', 3, NULL, 1, 'ADV', 1.67, 0, 0, NULL, 'N'),
(797, 50100, 0, 18, '2020-01-15', '2021-01-15', 15, 2783.33, 2783.33, 0, 128033.33, NULL, NULL, 40, '2019-12-16 15:05:39', NULL, 'Y', 3, NULL, 1, 'ADV', 1.67, 0, 0, NULL, 'N'),
(798, 50100, 0, 18, '2020-01-15', '2021-02-15', 16, 2783.33, 2783.33, 0, 125250, NULL, NULL, 40, '2019-12-16 15:05:39', NULL, 'Y', 3, NULL, 1, 'ADV', 1.67, 0, 0, NULL, 'N'),
(799, 50100, 0, 18, '2020-01-15', '2021-03-15', 17, 2783.33, 2783.33, 0, 122466.67, NULL, NULL, 40, '2019-12-16 15:05:39', NULL, 'Y', 3, NULL, 1, 'ADV', 1.67, 0, 0, NULL, 'N'),
(800, 50100, 0, 18, '2020-01-15', '2021-04-15', 18, 2783.33, 2783.33, 0, 119683.33, NULL, NULL, 40, '2019-12-16 15:05:39', NULL, 'Y', 3, NULL, 1, 'ADV', 1.67, 0, 0, NULL, 'N'),
(801, 50100, 0, 18, '2020-01-15', '2021-05-15', 19, 2783.33, 2783.33, 0, 116900, NULL, NULL, 40, '2019-12-16 15:05:39', NULL, 'Y', 3, NULL, 1, 'ADV', 1.67, 0, 0, NULL, 'N'),
(802, 116900, 0, 1, '2020-01-15', '2021-06-15', 20, 116900, 116900, 0, 0, NULL, NULL, 40, '2019-12-16 15:05:39', NULL, 'Y', 3, NULL, 1, 'LEFT', 70, 0, 0, NULL, 'N'),
(803, 2000, 0, 1, '2020-01-15', '2019-12-16', 1, 2000, 2000, 0, 165000, NULL, NULL, 41, '2019-12-16 15:13:54', NULL, 'Y', 3, NULL, 1, 'BOOK', 0, 0, 0, NULL, 'Y'),
(804, 50100, 0, 18, '2020-01-15', '2020-01-01', 2, 6350, 6350, 0, 158650, NULL, NULL, 41, '2019-12-16 15:13:54', '2020-01-02 10:38:39', 'Y', 3, 3, 1, 'ADV', 5, 0, 0, NULL, 'Y'),
(805, 50100, 0, 18, '2020-01-15', '2020-01-15', 3, 2456, 2456, 0, 156194, NULL, NULL, 41, '2019-12-16 15:13:54', '2020-01-15 08:44:15', 'Y', 3, 3, 1, 'ADV', 1.47, 0, 0, NULL, 'Y'),
(806, 50100, 0, 18, '2020-01-15', '2020-02-15', 4, 2456, 2456, 0, 153738, NULL, NULL, 41, '2019-12-16 15:13:54', '2020-02-15 10:39:05', 'Y', 3, 4, 1, 'ADV', 1.47, 0, 0, NULL, 'Y'),
(807, 50100, 0, 18, '2020-01-15', '2020-03-15', 5, 2456, 2456, 0, 151282, NULL, NULL, 41, '2019-12-16 15:13:54', NULL, 'Y', 3, NULL, 1, 'ADV', 1.47, 0, 0, NULL, 'N'),
(808, 50100, 0, 18, '2020-01-15', '2020-04-15', 6, 2456, 2456, 0, 148826, NULL, NULL, 41, '2019-12-16 15:13:54', NULL, 'Y', 3, NULL, 1, 'ADV', 1.47, 0, 0, NULL, 'N'),
(809, 50100, 0, 18, '2020-01-15', '2020-05-15', 7, 2456, 2456, 0, 146370, NULL, NULL, 41, '2019-12-16 15:13:54', NULL, 'Y', 3, NULL, 1, 'ADV', 1.47, 0, 0, NULL, 'N'),
(810, 50100, 0, 18, '2020-01-15', '2020-06-15', 8, 2456, 2456, 0, 143914, NULL, NULL, 41, '2019-12-16 15:13:54', NULL, 'Y', 3, NULL, 1, 'ADV', 1.47, 0, 0, NULL, 'N'),
(811, 50100, 0, 18, '2020-01-15', '2020-07-15', 9, 2456, 2456, 0, 141458, NULL, NULL, 41, '2019-12-16 15:13:54', NULL, 'Y', 3, NULL, 1, 'ADV', 1.47, 0, 0, NULL, 'N'),
(812, 50100, 0, 18, '2020-01-15', '2020-08-15', 10, 2456, 2456, 0, 139002, NULL, NULL, 41, '2019-12-16 15:13:54', NULL, 'Y', 3, NULL, 1, 'ADV', 1.47, 0, 0, NULL, 'N'),
(813, 50100, 0, 18, '2020-01-15', '2020-09-15', 11, 2456, 2456, 0, 136546, NULL, NULL, 41, '2019-12-16 15:13:54', NULL, 'Y', 3, NULL, 1, 'ADV', 1.47, 0, 0, NULL, 'N'),
(814, 50100, 0, 18, '2020-01-15', '2020-10-15', 12, 2456, 2456, 0, 134090, NULL, NULL, 41, '2019-12-16 15:13:54', NULL, 'Y', 3, NULL, 1, 'ADV', 1.47, 0, 0, NULL, 'N'),
(815, 50100, 0, 18, '2020-01-15', '2020-11-15', 13, 2456, 2456, 0, 131634, NULL, NULL, 41, '2019-12-16 15:13:54', NULL, 'Y', 3, NULL, 1, 'ADV', 1.47, 0, 0, NULL, 'N'),
(816, 50100, 0, 18, '2020-01-15', '2020-12-15', 14, 2456, 2456, 0, 129178, NULL, NULL, 41, '2019-12-16 15:13:54', NULL, 'Y', 3, NULL, 1, 'ADV', 1.47, 0, 0, NULL, 'N'),
(817, 50100, 0, 18, '2020-01-15', '2021-01-15', 15, 2456, 2456, 0, 126722, NULL, NULL, 41, '2019-12-16 15:13:54', NULL, 'Y', 3, NULL, 1, 'ADV', 1.47, 0, 0, NULL, 'N'),
(818, 50100, 0, 18, '2020-01-15', '2021-02-15', 16, 2456, 2456, 0, 124266, NULL, NULL, 41, '2019-12-16 15:13:54', NULL, 'Y', 3, NULL, 1, 'ADV', 1.47, 0, 0, NULL, 'N'),
(819, 50100, 0, 18, '2020-01-15', '2021-03-15', 17, 2456, 2456, 0, 121810, NULL, NULL, 41, '2019-12-16 15:13:54', NULL, 'Y', 3, NULL, 1, 'ADV', 1.47, 0, 0, NULL, 'N'),
(820, 50100, 0, 18, '2020-01-15', '2021-04-15', 18, 2456, 2456, 0, 119354, NULL, NULL, 41, '2019-12-16 15:13:54', NULL, 'Y', 3, NULL, 1, 'ADV', 1.47, 0, 0, NULL, 'N'),
(821, 50100, 0, 18, '2020-01-15', '2021-05-15', 19, 2454, 2454, 0, 116900, NULL, NULL, 41, '2019-12-16 15:13:54', NULL, 'Y', 3, NULL, 1, 'ADV', 1.47, 0, 0, NULL, 'N'),
(822, 116900, 0, 1, '2020-01-15', '2021-06-15', 20, 116900, 116900, 0, 0, NULL, NULL, 41, '2019-12-16 15:13:54', NULL, 'Y', 3, NULL, 1, 'LEFT', 70, 0, 0, NULL, 'N'),
(823, 2000, 0, 1, '2019-12-01', '2019-11-01', 1, 2000, 2000, 0, 90900, NULL, NULL, 42, '2019-12-19 14:56:40', NULL, 'Y', 3, NULL, 1, 'BOOK', 0, 0, 0, NULL, 'Y'),
(824, 27870, 0, 18, '2019-12-01', '2019-11-07', 2, 2645, 2645, 0, 88255, NULL, NULL, 42, '2019-12-19 14:56:40', '2019-12-19 15:01:59', 'Y', 3, 3, 1, 'ADV', 5, 0, 0, NULL, 'Y'),
(825, 27870, 0, 18, '2019-12-01', '2019-12-01', 3, 1000, 1000, 0, 87255, NULL, NULL, 42, '2019-12-19 14:56:40', '2019-12-19 15:07:15', 'Y', 3, 3, 1, 'ADV', 1.08, 0, 0, NULL, 'Y'),
(826, 27870, 0, 18, '2019-12-01', '2020-01-01', 4, 1000, 1000, 0, 86255, NULL, NULL, 42, '2019-12-19 14:56:40', '2020-01-02 12:00:29', 'Y', 3, 3, 1, 'ADV', 1.08, 0, 0, NULL, 'Y'),
(827, 27870, 0, 18, '2019-12-01', '2020-02-01', 5, 1000, 1000, 0, 85255, NULL, NULL, 42, '2019-12-19 14:56:40', '2020-02-02 13:57:51', 'Y', 3, 4, 1, 'ADV', 1.08, 0, 0, NULL, 'Y'),
(828, 27870, 0, 18, '2019-12-01', '2020-03-01', 6, 1000, 1000, 0, 84255, NULL, NULL, 42, '2019-12-19 14:56:40', NULL, 'Y', 3, NULL, 1, 'ADV', 1.08, 0, 0, NULL, 'N'),
(829, 27870, 0, 18, '2019-12-01', '2020-04-01', 7, 1000, 1000, 0, 83255, NULL, NULL, 42, '2019-12-19 14:56:40', NULL, 'Y', 3, NULL, 1, 'ADV', 1.08, 0, 0, NULL, 'N'),
(830, 27870, 0, 18, '2019-12-01', '2020-05-01', 8, 1000, 1000, 0, 82255, NULL, NULL, 42, '2019-12-19 14:56:40', NULL, 'Y', 3, NULL, 1, 'ADV', 1.08, 0, 0, NULL, 'N'),
(831, 27870, 0, 18, '2019-12-01', '2020-06-01', 9, 1000, 1000, 0, 81255, NULL, NULL, 42, '2019-12-19 14:56:40', NULL, 'Y', 3, NULL, 1, 'ADV', 1.08, 0, 0, NULL, 'N'),
(832, 27870, 0, 18, '2019-12-01', '2020-07-01', 10, 1000, 1000, 0, 80255, NULL, NULL, 42, '2019-12-19 14:56:40', NULL, 'Y', 3, NULL, 1, 'ADV', 1.08, 0, 0, NULL, 'N'),
(833, 27870, 0, 18, '2019-12-01', '2020-08-01', 11, 1000, 1000, 0, 79255, NULL, NULL, 42, '2019-12-19 14:56:40', NULL, 'Y', 3, NULL, 1, 'ADV', 1.08, 0, 0, NULL, 'N'),
(834, 27870, 0, 18, '2019-12-01', '2020-09-01', 12, 1000, 1000, 0, 78255, NULL, NULL, 42, '2019-12-19 14:56:40', NULL, 'Y', 3, NULL, 1, 'ADV', 1.08, 0, 0, NULL, 'N'),
(835, 27870, 0, 18, '2019-12-01', '2020-10-01', 13, 1000, 1000, 0, 77255, NULL, NULL, 42, '2019-12-19 14:56:40', NULL, 'Y', 3, NULL, 1, 'ADV', 1.08, 0, 0, NULL, 'N'),
(836, 27870, 0, 18, '2019-12-01', '2020-11-01', 14, 1000, 1000, 0, 76255, NULL, NULL, 42, '2019-12-19 14:56:40', NULL, 'Y', 3, NULL, 1, 'ADV', 1.08, 0, 0, NULL, 'N'),
(837, 27870, 0, 18, '2019-12-01', '2020-12-01', 15, 1000, 1000, 0, 75255, NULL, NULL, 42, '2019-12-19 14:56:40', NULL, 'Y', 3, NULL, 1, 'ADV', 1.08, 0, 0, NULL, 'N'),
(838, 27870, 0, 18, '2019-12-01', '2021-01-01', 16, 1000, 1000, 0, 74255, NULL, NULL, 42, '2019-12-19 14:56:40', NULL, 'Y', 3, NULL, 1, 'ADV', 1.08, 0, 0, NULL, 'N'),
(839, 27870, 0, 18, '2019-12-01', '2021-02-01', 17, 1000, 1000, 0, 73255, NULL, NULL, 42, '2019-12-19 14:56:40', NULL, 'Y', 3, NULL, 1, 'ADV', 1.08, 0, 0, NULL, 'N'),
(840, 27870, 0, 18, '2019-12-01', '2021-03-01', 18, 1000, 1000, 0, 72255, NULL, NULL, 42, '2019-12-19 14:56:40', NULL, 'Y', 3, NULL, 1, 'ADV', 1.08, 0, 0, NULL, 'N'),
(841, 27870, 0, 18, '2019-12-01', '2021-04-01', 19, 7225, 7225, 0, 65030, NULL, NULL, 42, '2019-12-19 14:56:40', NULL, 'Y', 3, NULL, 1, 'ADV', 1.08, 0, 0, NULL, 'N'),
(842, 65030, 0, 1, '2019-12-01', '2021-05-01', 20, 65030, 65030, 0, 0, NULL, NULL, 42, '2019-12-19 14:56:40', NULL, 'Y', 3, NULL, 1, 'LEFT', 70, 0, 0, NULL, 'N'),
(843, 1000, 0, 1, '2019-07-15', '2019-06-03', 1, 1000, 1000, 0, 74900, NULL, NULL, 43, '2019-12-19 15:34:05', NULL, 'Y', 3, NULL, 1, 'BOOK', 0, 0, 0, NULL, 'Y'),
(844, 22770, 0, 4, '2019-07-15', '2019-06-10', 2, 5290, 5290, 0, 69610, NULL, NULL, 43, '2019-12-19 15:34:05', '2019-12-19 15:36:24', 'Y', 3, 3, 1, 'ADV', 7.5, 0, 0, NULL, 'Y'),
(845, 22770, 0, 4, '2019-07-15', '2019-07-15', 3, 6290, 6290, 0, 63320, NULL, NULL, 43, '2019-12-19 15:34:05', '2019-12-19 15:37:39', 'Y', 3, 3, 1, 'ADV', 7.5, 0, 0, NULL, 'Y'),
(846, 22770, 0, 4, '2019-07-15', '2019-08-15', 4, 6290, 6290, 0, 57030, NULL, NULL, 43, '2019-12-19 15:34:05', '2019-12-19 15:38:23', 'Y', 3, 3, 1, 'ADV', 5.14, 0, 0, NULL, 'Y'),
(847, 22770, 0, 4, '2019-07-15', '2019-09-15', 5, 3900, 3900, 0, 53130, NULL, NULL, 43, '2019-12-19 15:34:05', NULL, 'Y', 3, NULL, 1, 'ADV', 5.14, 0, 0, NULL, 'N'),
(848, 53130, 0, 1, '2019-07-15', '2019-10-15', 6, 53130, 53130, 0, 0, NULL, NULL, 43, '2019-12-19 15:34:05', NULL, 'Y', 3, NULL, 1, 'LEFT', 70, 0, 0, NULL, 'N'),
(849, 29100, 0, 3, '2019-08-01', '2019-06-10', 1, 8400, 8400, 0, 88600, NULL, NULL, 44, '2019-12-21 13:45:56', '2019-12-21 13:53:52', 'Y', 3, 3, 1, 'ADV', 10, 0, 0, NULL, 'Y'),
(850, 29100, 0, 3, '2019-08-01', '2019-08-01', 2, 8400, 8400, 0, 80200, NULL, NULL, 44, '2019-12-21 13:45:56', '2019-12-21 13:54:41', 'Y', 3, 3, 1, 'ADV', 10, 0, 0, NULL, 'Y'),
(851, 29100, 0, 3, '2019-08-01', '2019-09-01', 3, 8400, 8400, 0, 71800, NULL, NULL, 44, '2019-12-21 13:45:56', '2019-12-21 13:55:49', 'Y', 3, 3, 1, 'ADV', 10, 0, 0, NULL, 'Y'),
(852, 67900, 0, 15, '2019-08-01', '2019-10-01', 4, 4786.67, 4786.67, 0, 67013.33, NULL, NULL, 44, '2019-12-21 13:45:56', '2019-12-21 13:59:46', 'Y', 3, 3, 1, 'LOAN', 4.93, 0, 0, NULL, 'Y'),
(853, 67900, 0, 15, '2019-08-01', '2019-11-01', 5, 4786.67, 4786.67, 0, 62226.66, NULL, NULL, 44, '2019-12-21 13:45:56', '2019-12-21 14:00:42', 'Y', 3, 3, 1, 'LOAN', 4.93, 0, 0, NULL, 'Y'),
(854, 67900, 0, 15, '2019-08-01', '2019-12-01', 6, 4786.67, 4786.67, 0, 57439.99, NULL, NULL, 44, '2019-12-21 13:45:56', '2019-12-21 14:01:28', 'Y', 3, 3, 1, 'LOAN', 4.93, 0, 0, NULL, 'Y'),
(855, 67900, 0, 15, '2019-08-01', '2020-01-01', 7, 4786.67, 4786.67, 0, 52653.32, NULL, NULL, 44, '2019-12-21 13:45:56', '2020-01-04 13:42:46', 'Y', 3, 3, 1, 'LOAN', 4.93, 0, 0, NULL, 'Y'),
(856, 67900, 0, 15, '2019-08-01', '2020-02-01', 8, 4786.67, 4786.67, 0, 47866.65, NULL, NULL, 44, '2019-12-21 13:45:56', '2020-02-02 09:26:59', 'Y', 3, 4, 1, 'LOAN', 4.93, 0, 0, NULL, 'Y'),
(857, 67900, 0, 15, '2019-08-01', '2020-03-01', 9, 4786.67, 4786.67, 0, 43079.98, NULL, NULL, 44, '2019-12-21 13:45:56', NULL, 'Y', 3, NULL, 1, 'LOAN', 4.93, 0, 0, NULL, 'N'),
(858, 67900, 0, 15, '2019-08-01', '2020-04-01', 10, 4786.67, 4786.67, 0, 38293.31, NULL, NULL, 44, '2019-12-21 13:45:56', NULL, 'Y', 3, NULL, 1, 'LOAN', 4.93, 0, 0, NULL, 'N'),
(859, 67900, 0, 15, '2019-08-01', '2020-05-01', 11, 4786.67, 4786.67, 0, 33506.64, NULL, NULL, 44, '2019-12-21 13:45:56', NULL, 'Y', 3, NULL, 1, 'LOAN', 4.93, 0, 0, NULL, 'N'),
(860, 67900, 0, 15, '2019-08-01', '2020-06-01', 12, 4786.67, 4786.67, 0, 28719.97, NULL, NULL, 44, '2019-12-21 13:45:56', NULL, 'Y', 3, NULL, 1, 'LOAN', 4.93, 0, 0, NULL, 'N'),
(861, 67900, 0, 15, '2019-08-01', '2020-07-01', 13, 4786.67, 4786.67, 0, 23933.3, NULL, NULL, 44, '2019-12-21 13:45:56', NULL, 'Y', 3, NULL, 1, 'LOAN', 4.93, 0, 0, NULL, 'N'),
(862, 67900, 0, 15, '2019-08-01', '2020-08-01', 14, 4786.67, 4786.67, 0, 19146.63, NULL, NULL, 44, '2019-12-21 13:45:56', NULL, 'Y', 3, NULL, 1, 'LOAN', 4.93, 0, 0, NULL, 'N'),
(863, 67900, 0, 15, '2019-08-01', '2020-09-01', 15, 4786.67, 4786.67, 0, 14359.96, NULL, NULL, 44, '2019-12-21 13:45:56', NULL, 'Y', 3, NULL, 1, 'LOAN', 4.93, 0, 0, NULL, 'N'),
(864, 67900, 0, 15, '2019-08-01', '2020-10-01', 16, 4786.67, 4786.67, 0, 9573.29, NULL, NULL, 44, '2019-12-21 13:45:56', NULL, 'Y', 3, NULL, 1, 'LOAN', 4.93, 0, 0, NULL, 'N'),
(865, 67900, 0, 15, '2019-08-01', '2020-11-01', 17, 4786.67, 4786.67, 0, 4786.62, NULL, NULL, 44, '2019-12-21 13:45:56', NULL, 'Y', 3, NULL, 1, 'LOAN', 4.93, 0, 0, NULL, 'N'),
(866, 67900, 0, 15, '2019-08-01', '2020-12-01', 18, 4786.62, 4786.62, 0, 0, NULL, NULL, 44, '2019-12-21 13:45:56', NULL, 'Y', 3, NULL, 1, 'LOAN', 4.93, 0, 0, NULL, 'N'),
(867, 2000, 0, 1, '2019-08-01', '2019-06-14', 1, 2000, 2000, 0, 102665, NULL, NULL, 45, '2019-12-21 14:19:06', NULL, 'Y', 3, NULL, 1, 'BOOK', 0, 0, 0, NULL, 'Y'),
(868, 31399.5, 0, 3, '2019-08-01', '2019-07-11', 2, 7166.5, 7166.5, 0, 95498.5, NULL, NULL, 45, '2019-12-21 14:19:06', '2019-12-21 14:27:40', 'Y', 3, 3, 1, 'ADV', 10, 0, 0, NULL, 'Y'),
(869, 31399.5, 0, 3, '2019-08-01', '2019-08-01', 3, 9166.5, 9166.5, 0, 86332, NULL, NULL, 45, '2019-12-21 14:19:06', '2019-12-21 14:28:04', 'Y', 3, 3, 1, 'ADV', 10, 0, 0, NULL, 'Y'),
(870, 31399.5, 0, 3, '2019-08-01', '2019-09-01', 4, 9166.5, 9166.5, 0, 77165.5, NULL, NULL, 45, '2019-12-21 14:19:06', '2019-12-21 14:28:50', 'Y', 3, 3, 1, 'ADV', 10, 0, 0, NULL, 'Y'),
(871, 73265.5, 0, 15, '2019-08-01', '2019-10-01', 5, 5144.37, 5144.37, 0, 72021.13, NULL, NULL, 45, '2019-12-21 14:19:06', '2019-12-21 14:29:38', 'Y', 3, 3, 1, 'LOAN', 4.92, 0, 0, NULL, 'Y');
INSERT INTO `tbl_installment` (`inst_id`, `inst_loan_amount`, `inst_interest_rate`, `inst_period_month`, `inst_first_installment_date`, `inst_date`, `inst_num`, `inst_amt_pay`, `inst_amt_principle`, `inst_amt_interest`, `inst_amt_balance`, `inst_amt_penalty`, `inst_cancel_yn`, `sell_id`, `regDt`, `upDt`, `useYn`, `regUsr`, `upUsr`, `com_id`, `inst_type`, `inst_pay_per`, `inst_dis_amt`, `inst_dis_per`, `inst_loan_amount_per`, `inst_paid_yn`) VALUES
(872, 73265.5, 0, 15, '2019-08-01', '2019-11-01', 6, 5144.37, 5144.37, 0, 66876.76, NULL, NULL, 45, '2019-12-21 14:19:06', '2019-12-21 14:30:26', 'Y', 3, 3, 1, 'LOAN', 4.92, 0, 0, NULL, 'Y'),
(873, 73265.5, 0, 15, '2019-08-01', '2019-12-01', 7, 5144.37, 5144.37, 0, 61732.39, NULL, NULL, 45, '2019-12-21 14:19:06', '2019-12-26 12:03:16', 'Y', 3, 3, 1, 'LOAN', 4.92, 0, 0, NULL, 'Y'),
(874, 73265.5, 0, 15, '2019-08-01', '2020-01-01', 8, 5144.37, 5144.37, 0, 56588.02, NULL, NULL, 45, '2019-12-21 14:19:06', '2020-01-16 11:13:14', 'Y', 3, 3, 1, 'LOAN', 4.92, 0, 0, NULL, 'Y'),
(875, 73265.5, 0, 15, '2019-08-01', '2020-02-01', 9, 5144.37, 5144.37, 0, 51443.65, NULL, NULL, 45, '2019-12-21 14:19:06', '2020-02-01 15:03:24', 'Y', 3, 3, 1, 'LOAN', 4.92, 0, 0, NULL, 'Y'),
(876, 73265.5, 0, 15, '2019-08-01', '2020-03-01', 10, 5144.37, 5144.37, 0, 46299.28, NULL, NULL, 45, '2019-12-21 14:19:06', NULL, 'Y', 3, NULL, 1, 'LOAN', 4.92, 0, 0, NULL, 'N'),
(877, 73265.5, 0, 15, '2019-08-01', '2020-04-01', 11, 5144.37, 5144.37, 0, 41154.91, NULL, NULL, 45, '2019-12-21 14:19:06', NULL, 'Y', 3, NULL, 1, 'LOAN', 4.92, 0, 0, NULL, 'N'),
(878, 73265.5, 0, 15, '2019-08-01', '2020-05-01', 12, 5144.37, 5144.37, 0, 36010.54, NULL, NULL, 45, '2019-12-21 14:19:06', NULL, 'Y', 3, NULL, 1, 'LOAN', 4.92, 0, 0, NULL, 'N'),
(879, 73265.5, 0, 15, '2019-08-01', '2020-06-01', 13, 5144.37, 5144.37, 0, 30866.17, NULL, NULL, 45, '2019-12-21 14:19:06', NULL, 'Y', 3, NULL, 1, 'LOAN', 4.92, 0, 0, NULL, 'N'),
(880, 73265.5, 0, 15, '2019-08-01', '2020-07-01', 14, 5144.37, 5144.37, 0, 25721.8, NULL, NULL, 45, '2019-12-21 14:19:06', NULL, 'Y', 3, NULL, 1, 'LOAN', 4.92, 0, 0, NULL, 'N'),
(881, 73265.5, 0, 15, '2019-08-01', '2020-08-01', 15, 5144.37, 5144.37, 0, 20577.43, NULL, NULL, 45, '2019-12-21 14:19:06', NULL, 'Y', 3, NULL, 1, 'LOAN', 4.92, 0, 0, NULL, 'N'),
(882, 73265.5, 0, 15, '2019-08-01', '2020-09-01', 16, 5144.37, 5144.37, 0, 15433.06, NULL, NULL, 45, '2019-12-21 14:19:06', NULL, 'Y', 3, NULL, 1, 'LOAN', 4.92, 0, 0, NULL, 'N'),
(883, 73265.5, 0, 15, '2019-08-01', '2020-10-01', 17, 5144.37, 5144.37, 0, 10288.69, NULL, NULL, 45, '2019-12-21 14:19:06', NULL, 'Y', 3, NULL, 1, 'LOAN', 4.92, 0, 0, NULL, 'N'),
(884, 73265.5, 0, 15, '2019-08-01', '2020-11-01', 18, 5144.37, 5144.37, 0, 5144.32, NULL, NULL, 45, '2019-12-21 14:19:06', NULL, 'Y', 3, NULL, 1, 'LOAN', 4.92, 0, 0, NULL, 'N'),
(885, 73265.5, 0, 15, '2019-08-01', '2020-12-01', 19, 5144.32, 5144.32, 0, 0, NULL, NULL, 45, '2019-12-21 14:19:06', NULL, 'Y', 3, NULL, 1, 'LOAN', 4.92, 0, 0, NULL, 'N'),
(886, 1000, 0, 1, '2019-08-01', '2019-03-20', 1, 1000, 1000, 0, 96000, NULL, NULL, 46, '2019-12-21 14:50:44', NULL, 'Y', 3, NULL, 1, 'BOOK', 0, 0, 0, NULL, 'Y'),
(887, 29100, 0, 3, '2019-08-01', '2019-06-21', 2, 7400, 7400, 0, 88600, NULL, NULL, 46, '2019-12-21 14:50:44', '2019-12-21 14:53:01', 'Y', 3, 3, 1, 'ADV', 10, 0, 0, NULL, 'Y'),
(888, 29100, 0, 3, '2019-08-01', '2019-08-01', 3, 8400, 8400, 0, 80200, NULL, NULL, 46, '2019-12-21 14:50:44', '2019-12-21 14:53:30', 'Y', 3, 3, 1, 'ADV', 10, 0, 0, NULL, 'Y'),
(889, 29100, 0, 3, '2019-08-01', '2019-09-01', 4, 8400, 8400, 0, 71800, NULL, NULL, 46, '2019-12-21 14:50:44', '2019-12-21 14:54:14', 'Y', 3, 3, 1, 'ADV', 10, 0, 0, NULL, 'Y'),
(890, 67900, 0, 15, '2019-08-01', '2019-10-01', 5, 4786.67, 4786.67, 0, 67013.33, NULL, NULL, 46, '2019-12-21 14:50:44', '2019-12-21 15:00:13', 'Y', 3, 3, 1, 'LOAN', 4.93, 0, 0, NULL, 'Y'),
(891, 67900, 0, 15, '2019-08-01', '2019-11-01', 6, 4786.67, 4786.67, 0, 62226.66, NULL, NULL, 46, '2019-12-21 14:50:44', '2019-12-21 14:55:52', 'Y', 3, 3, 1, 'LOAN', 4.93, 0, 0, NULL, 'Y'),
(892, 67900, 0, 15, '2019-08-01', '2019-12-01', 7, 4786.67, 4786.67, 0, 57439.99, NULL, NULL, 46, '2019-12-21 14:50:44', '2019-12-30 15:51:39', 'Y', 3, 3, 1, 'LOAN', 4.93, 0, 0, NULL, 'Y'),
(893, 67900, 0, 15, '2019-08-01', '2020-01-01', 8, 4786.67, 4786.67, 0, 52653.32, NULL, NULL, 46, '2019-12-21 14:50:44', '2020-01-31 11:13:52', 'Y', 3, 3, 1, 'LOAN', 4.93, 0, 0, NULL, 'Y'),
(894, 67900, 0, 15, '2019-08-01', '2020-02-01', 9, 4786.67, 4786.67, 0, 47866.65, NULL, NULL, 46, '2019-12-21 14:50:44', NULL, 'Y', 3, NULL, 1, 'LOAN', 4.93, 0, 0, NULL, 'N'),
(895, 67900, 0, 15, '2019-08-01', '2020-03-01', 10, 4786.67, 4786.67, 0, 43079.98, NULL, NULL, 46, '2019-12-21 14:50:44', NULL, 'Y', 3, NULL, 1, 'LOAN', 4.93, 0, 0, NULL, 'N'),
(896, 67900, 0, 15, '2019-08-01', '2020-04-01', 11, 4786.67, 4786.67, 0, 38293.31, NULL, NULL, 46, '2019-12-21 14:50:44', NULL, 'Y', 3, NULL, 1, 'LOAN', 4.93, 0, 0, NULL, 'N'),
(897, 67900, 0, 15, '2019-08-01', '2020-05-01', 12, 4786.67, 4786.67, 0, 33506.64, NULL, NULL, 46, '2019-12-21 14:50:44', NULL, 'Y', 3, NULL, 1, 'LOAN', 4.93, 0, 0, NULL, 'N'),
(898, 67900, 0, 15, '2019-08-01', '2020-06-01', 13, 4786.67, 4786.67, 0, 28719.97, NULL, NULL, 46, '2019-12-21 14:50:44', NULL, 'Y', 3, NULL, 1, 'LOAN', 4.93, 0, 0, NULL, 'N'),
(899, 67900, 0, 15, '2019-08-01', '2020-07-01', 14, 4786.67, 4786.67, 0, 23933.3, NULL, NULL, 46, '2019-12-21 14:50:44', NULL, 'Y', 3, NULL, 1, 'LOAN', 4.93, 0, 0, NULL, 'N'),
(900, 67900, 0, 15, '2019-08-01', '2020-08-01', 15, 4786.67, 4786.67, 0, 19146.63, NULL, NULL, 46, '2019-12-21 14:50:44', NULL, 'Y', 3, NULL, 1, 'LOAN', 4.93, 0, 0, NULL, 'N'),
(901, 67900, 0, 15, '2019-08-01', '2020-09-01', 16, 4786.67, 4786.67, 0, 14359.96, NULL, NULL, 46, '2019-12-21 14:50:44', NULL, 'Y', 3, NULL, 1, 'LOAN', 4.93, 0, 0, NULL, 'N'),
(902, 67900, 0, 15, '2019-08-01', '2020-10-01', 17, 4786.67, 4786.67, 0, 9573.29, NULL, NULL, 46, '2019-12-21 14:50:44', NULL, 'Y', 3, NULL, 1, 'LOAN', 4.93, 0, 0, NULL, 'N'),
(903, 67900, 0, 15, '2019-08-01', '2020-11-01', 18, 4786.67, 4786.67, 0, 4786.62, NULL, NULL, 46, '2019-12-21 14:50:44', NULL, 'Y', 3, NULL, 1, 'LOAN', 4.93, 0, 0, NULL, 'N'),
(904, 67900, 0, 15, '2019-08-01', '2020-12-01', 19, 4786.62, 4786.62, 0, 0, NULL, NULL, 46, '2019-12-21 14:50:44', NULL, 'Y', 3, NULL, 1, 'LOAN', 4.93, 0, 0, NULL, 'N'),
(905, 2000, 0, 1, '2019-09-01', '2019-08-01', 1, 2000, 2000, 0, 93215, NULL, NULL, 47, '2019-12-21 15:31:49', NULL, 'Y', 3, NULL, 1, 'BOOK', 0, 0, 0, NULL, 'Y'),
(906, 4760.75, 0, 1, '2019-09-01', '2019-08-08', 2, 2760.75, 2760.75, 0, 90454.25, NULL, NULL, 47, '2019-12-21 15:31:49', '2020-01-17 15:37:32', 'Y', 3, 3, 1, 'ADV', 5, 0, 0, NULL, 'N'),
(907, 90454.25, 0, 1, '2019-09-01', '2019-09-01', 3, 90454.25, 90454.25, 0, 0, NULL, NULL, 47, '2019-12-21 15:31:49', NULL, 'Y', 3, NULL, 1, 'LEFT', 95, 0, 0, NULL, 'N'),
(908, 2000, 0, 1, '2019-09-01', '2019-08-01', 1, 2000, 2000, 0, 71900, NULL, NULL, 48, '2019-12-21 15:39:10', NULL, 'Y', 3, NULL, 1, 'BOOK', 0, 0, 0, NULL, 'Y'),
(909, 3695, 0, 1, '2019-09-01', '2019-08-08', 2, 1695, 1695, 0, 70205, NULL, NULL, 48, '2019-12-21 15:39:10', '2020-01-17 15:49:39', 'Y', 3, 3, 1, 'ADV', 5, 0, 0, NULL, 'N'),
(910, 70205, 0, 1, '2019-09-01', '2019-09-01', 3, 70205, 70205, 0, 0, NULL, NULL, 48, '2019-12-21 15:39:10', NULL, 'Y', 3, NULL, 1, 'LEFT', 95, 0, 0, NULL, 'N'),
(911, 2000, 0, 1, '2019-09-01', '2019-08-01', 1, 2000, 2000, 0, 71900, NULL, NULL, 49, '2019-12-21 15:42:40', NULL, 'Y', 3, NULL, 1, 'BOOK', 0, 0, 0, NULL, 'Y'),
(912, 3695, 0, 1, '2019-09-01', '2019-08-08', 2, 1695, 1695, 0, 70205, NULL, NULL, 49, '2019-12-21 15:42:40', '2020-01-17 15:49:51', 'Y', 3, 3, 1, 'ADV', 5, 0, 0, NULL, 'N'),
(913, 70205, 0, 1, '2019-09-01', '2019-09-01', 3, 70205, 70205, 0, 0, NULL, NULL, 49, '2019-12-21 15:42:40', NULL, 'Y', 3, NULL, 1, 'LEFT', 95, 0, 0, NULL, 'N'),
(914, 2000, 0, 1, '2019-11-15', '2019-10-15', 1, 2000, 2000, 0, 86900, NULL, NULL, 50, '2019-12-22 10:32:25', NULL, 'Y', 3, NULL, 1, 'BOOK', 0, 0, 0, NULL, 'Y'),
(915, 26670, 0, 24, '2019-11-15', '2019-10-21', 2, 1028, 1028, 0, 85872, NULL, NULL, 50, '2019-12-22 10:32:25', '2019-12-22 10:40:36', 'Y', 3, 3, 1, 'ADV', 3.41, 0, 0, NULL, 'Y'),
(916, 26670, 0, 24, '2019-11-15', '2019-11-15', 3, 1028, 1028, 0, 84844, NULL, NULL, 50, '2019-12-22 10:32:25', '2019-12-22 10:41:22', 'Y', 3, 3, 1, 'ADV', 3.41, 0, 0, NULL, 'Y'),
(917, 26670, 0, 24, '2019-11-15', '2019-12-15', 4, 1028, 1028, 0, 83816, NULL, NULL, 50, '2019-12-22 10:32:25', '2019-12-22 10:41:56', 'Y', 3, 3, 1, 'ADV', 3.41, 0, 0, NULL, 'Y'),
(918, 26670, 0, 24, '2019-11-15', '2020-01-15', 5, 1028, 1028, 0, 82788, NULL, NULL, 50, '2019-12-22 10:32:25', '2019-12-25 16:32:25', 'Y', 3, 3, 1, 'ADV', 3.41, 0, 0, NULL, 'Y'),
(919, 26670, 0, 24, '2019-11-15', '2020-02-15', 6, 1028, 1028, 0, 81760, NULL, NULL, 50, '2019-12-22 10:32:25', '2020-02-09 14:18:08', 'Y', 3, 4, 1, 'ADV', 3.41, 0, 0, NULL, 'Y'),
(920, 26670, 0, 24, '2019-11-15', '2020-03-15', 7, 1028, 1028, 0, 80732, NULL, NULL, 50, '2019-12-22 10:32:25', NULL, 'Y', 3, NULL, 1, 'ADV', 3.41, 0, 0, NULL, 'N'),
(921, 26670, 0, 24, '2019-11-15', '2020-04-15', 8, 1028, 1028, 0, 79704, NULL, NULL, 50, '2019-12-22 10:32:25', NULL, 'Y', 3, NULL, 1, 'ADV', 3.41, 0, 0, NULL, 'N'),
(922, 26670, 0, 24, '2019-11-15', '2020-05-15', 9, 1028, 1028, 0, 78676, NULL, NULL, 50, '2019-12-22 10:32:25', NULL, 'Y', 3, NULL, 1, 'ADV', 3.41, 0, 0, NULL, 'N'),
(923, 26670, 0, 24, '2019-11-15', '2020-06-15', 10, 1028, 1028, 0, 77648, NULL, NULL, 50, '2019-12-22 10:32:25', NULL, 'Y', 3, NULL, 1, 'ADV', 3.41, 0, 0, NULL, 'N'),
(924, 26670, 0, 24, '2019-11-15', '2020-07-15', 11, 1028, 1028, 0, 76620, NULL, NULL, 50, '2019-12-22 10:32:25', NULL, 'Y', 3, NULL, 1, 'ADV', 3.41, 0, 0, NULL, 'N'),
(925, 26670, 0, 24, '2019-11-15', '2020-08-15', 12, 1028, 1028, 0, 75592, NULL, NULL, 50, '2019-12-22 10:32:25', NULL, 'Y', 3, NULL, 1, 'ADV', 3.41, 0, 0, NULL, 'N'),
(926, 26670, 0, 24, '2019-11-15', '2020-09-15', 13, 1028, 1028, 0, 74564, NULL, NULL, 50, '2019-12-22 10:32:25', NULL, 'Y', 3, NULL, 1, 'ADV', 3.41, 0, 0, NULL, 'N'),
(927, 26670, 0, 24, '2019-11-15', '2020-10-15', 14, 1028, 1028, 0, 73536, NULL, NULL, 50, '2019-12-22 10:32:25', NULL, 'Y', 3, NULL, 1, 'ADV', 3.41, 0, 0, NULL, 'N'),
(928, 26670, 0, 24, '2019-11-15', '2020-11-15', 15, 1028, 1028, 0, 72508, NULL, NULL, 50, '2019-12-22 10:32:25', NULL, 'Y', 3, NULL, 1, 'ADV', 3.41, 0, 0, NULL, 'N'),
(929, 26670, 0, 24, '2019-11-15', '2020-12-15', 16, 1028, 1028, 0, 71480, NULL, NULL, 50, '2019-12-22 10:32:25', NULL, 'Y', 3, NULL, 1, 'ADV', 3.41, 0, 0, NULL, 'N'),
(930, 26670, 0, 24, '2019-11-15', '2021-01-15', 17, 1028, 1028, 0, 70452, NULL, NULL, 50, '2019-12-22 10:32:25', NULL, 'Y', 3, NULL, 1, 'ADV', 3.41, 0, 0, NULL, 'N'),
(931, 26670, 0, 24, '2019-11-15', '2021-02-15', 18, 1028, 1028, 0, 69424, NULL, NULL, 50, '2019-12-22 10:32:25', NULL, 'Y', 3, NULL, 1, 'ADV', 3.41, 0, 0, NULL, 'N'),
(932, 26670, 0, 24, '2019-11-15', '2021-03-15', 19, 1028, 1028, 0, 68396, NULL, NULL, 50, '2019-12-22 10:32:25', NULL, 'Y', 3, NULL, 1, 'ADV', 3.41, 0, 0, NULL, 'N'),
(933, 26670, 0, 24, '2019-11-15', '2021-04-15', 20, 1028, 1028, 0, 67368, NULL, NULL, 50, '2019-12-22 10:32:25', NULL, 'Y', 3, NULL, 1, 'ADV', 3.41, 0, 0, NULL, 'N'),
(934, 26670, 0, 24, '2019-11-15', '2021-05-15', 21, 1028, 1028, 0, 66340, NULL, NULL, 50, '2019-12-22 10:32:25', NULL, 'Y', 3, NULL, 1, 'ADV', 3.41, 0, 0, NULL, 'N'),
(935, 26670, 0, 24, '2019-11-15', '2021-06-15', 22, 1028, 1028, 0, 65312, NULL, NULL, 50, '2019-12-22 10:32:25', NULL, 'Y', 3, NULL, 1, 'ADV', 3.41, 0, 0, NULL, 'N'),
(936, 26670, 0, 24, '2019-11-15', '2021-07-15', 23, 1028, 1028, 0, 64284, NULL, NULL, 50, '2019-12-22 10:32:25', NULL, 'Y', 3, NULL, 1, 'ADV', 3.41, 0, 0, NULL, 'N'),
(937, 26670, 0, 24, '2019-11-15', '2021-08-15', 24, 1028, 1028, 0, 63256, NULL, NULL, 50, '2019-12-22 10:32:25', NULL, 'Y', 3, NULL, 1, 'ADV', 3.41, 0, 0, NULL, 'N'),
(938, 26670, 0, 24, '2019-11-15', '2021-09-15', 25, 1026, 1026, 0, 62230, NULL, NULL, 50, '2019-12-22 10:32:25', NULL, 'Y', 3, NULL, 1, 'ADV', 3.41, 0, 0, NULL, 'N'),
(939, 62230, 0, 1, '2019-11-15', '2021-10-15', 26, 62230, 62230, 0, 0, NULL, NULL, 50, '2019-12-22 10:32:25', NULL, 'Y', 3, NULL, 1, 'LEFT', 70, 0, 0, NULL, 'N'),
(940, 1000, 0, 1, '2019-08-01', '2019-06-10', 1, 1000, 1000, 0, 72900, NULL, NULL, 51, '2019-12-22 12:05:23', NULL, 'Y', 3, NULL, 1, 'BOOK', 0, 0, 0, NULL, 'Y'),
(941, 22170, 0, 3, '2019-08-01', '2019-06-14', 2, 5090, 5090, 0, 67810, NULL, NULL, 51, '2019-12-22 12:05:23', '2019-12-23 10:26:02', 'Y', 3, 3, 1, 'ADV', 8.24, 0, 0, NULL, 'Y'),
(942, 22170, 0, 3, '2019-08-01', '2019-08-01', 3, 6090, 6090, 0, 61720, NULL, NULL, 51, '2019-12-22 12:05:23', '2019-12-23 10:26:51', 'Y', 3, 3, 1, 'ADV', 8.24, 0, 0, NULL, 'Y'),
(943, 22170, 0, 3, '2019-08-01', '2019-09-01', 4, 6090, 6090, 0, 55630, NULL, NULL, 51, '2019-12-22 12:05:23', '2019-12-23 10:28:50', 'Y', 3, 3, 1, 'ADV', 8.24, 0, 0, NULL, 'Y'),
(944, 51730, 0, 15, '2019-08-01', '2019-10-01', 5, 3708.67, 3708.67, 0, 51921.33, NULL, NULL, 51, '2019-12-22 12:05:23', '2019-12-23 10:29:45', 'Y', 3, 3, 1, 'LOAN', 5.02, 0, 0, NULL, 'Y'),
(945, 51730, 0, 15, '2019-08-01', '2019-11-01', 6, 3708.67, 3708.67, 0, 48212.66, NULL, NULL, 51, '2019-12-22 12:05:23', '2019-12-23 10:30:18', 'Y', 3, 3, 1, 'LOAN', 5.02, 0, 0, NULL, 'Y'),
(946, 51730, 0, 15, '2019-08-01', '2019-12-01', 7, 3708.67, 3708.67, 0, 44503.99, NULL, NULL, 51, '2019-12-22 12:05:23', '2019-12-23 10:31:16', 'Y', 3, 3, 1, 'LOAN', 5.02, 0, 0, NULL, 'Y'),
(947, 51730, 0, 15, '2019-08-01', '2020-01-01', 8, 3708.67, 3708.67, 0, 40795.32, NULL, NULL, 51, '2019-12-22 12:05:23', '2020-01-08 09:16:44', 'Y', 3, 3, 1, 'LOAN', 5.02, 0, 0, NULL, 'Y'),
(948, 51730, 0, 15, '2019-08-01', '2020-02-01', 9, 3708.67, 3708.67, 0, 37086.65, NULL, NULL, 51, '2019-12-22 12:05:23', '2020-02-04 09:02:25', 'Y', 3, 3, 1, 'LOAN', 5.02, 0, 0, NULL, 'Y'),
(949, 51730, 0, 15, '2019-08-01', '2020-03-01', 10, 3708.67, 3708.67, 0, 33377.98, NULL, NULL, 51, '2019-12-22 12:05:23', NULL, 'Y', 3, NULL, 1, 'LOAN', 5.02, 0, 0, NULL, 'N'),
(950, 51730, 0, 15, '2019-08-01', '2020-04-01', 11, 3708.67, 3708.67, 0, 29669.31, NULL, NULL, 51, '2019-12-22 12:05:23', NULL, 'Y', 3, NULL, 1, 'LOAN', 5.02, 0, 0, NULL, 'N'),
(951, 51730, 0, 15, '2019-08-01', '2020-05-01', 12, 3708.67, 3708.67, 0, 25960.64, NULL, NULL, 51, '2019-12-22 12:05:23', NULL, 'Y', 3, NULL, 1, 'LOAN', 5.02, 0, 0, NULL, 'N'),
(952, 51730, 0, 15, '2019-08-01', '2020-06-01', 13, 3708.67, 3708.67, 0, 22251.97, NULL, NULL, 51, '2019-12-22 12:05:23', NULL, 'Y', 3, NULL, 1, 'LOAN', 5.02, 0, 0, NULL, 'N'),
(953, 51730, 0, 15, '2019-08-01', '2020-07-01', 14, 3708.67, 3708.67, 0, 18543.3, NULL, NULL, 51, '2019-12-22 12:05:23', NULL, 'Y', 3, NULL, 1, 'LOAN', 5.02, 0, 0, NULL, 'N'),
(954, 51730, 0, 15, '2019-08-01', '2020-08-01', 15, 3708.67, 3708.67, 0, 14834.63, NULL, NULL, 51, '2019-12-22 12:05:23', NULL, 'Y', 3, NULL, 1, 'LOAN', 5.02, 0, 0, NULL, 'N'),
(955, 51730, 0, 15, '2019-08-01', '2020-09-01', 16, 3708.67, 3708.67, 0, 11125.96, NULL, NULL, 51, '2019-12-22 12:05:23', NULL, 'Y', 3, NULL, 1, 'LOAN', 5.02, 0, 0, NULL, 'N'),
(956, 51730, 0, 15, '2019-08-01', '2020-10-01', 17, 3708.67, 3708.67, 0, 7417.29, NULL, NULL, 51, '2019-12-22 12:05:23', NULL, 'Y', 3, NULL, 1, 'LOAN', 5.02, 0, 0, NULL, 'N'),
(957, 51730, 0, 15, '2019-08-01', '2020-11-01', 18, 3708.67, 3708.67, 0, 3708.62, NULL, NULL, 51, '2019-12-22 12:05:23', NULL, 'Y', 3, NULL, 1, 'LOAN', 5.02, 0, 0, NULL, 'N'),
(958, 51730, 0, 15, '2019-08-01', '2020-12-01', 19, 3708.62, 3708.62, 0, 0, NULL, NULL, 51, '2019-12-22 12:05:23', NULL, 'Y', 3, NULL, 1, 'LOAN', 5.02, 0, 0, NULL, 'N'),
(959, 1000, 0, 1, '2019-08-01', '2019-06-14', 1, 1000, 1000, 0, 72900, NULL, NULL, 52, '2019-12-22 14:07:11', NULL, 'Y', 3, NULL, 1, 'BOOK', 0, 0, 0, NULL, 'Y'),
(960, 22170, 0, 3, '2019-08-01', '2019-06-21', 2, 5090, 5090, 0, 67810, NULL, NULL, 52, '2019-12-22 14:07:11', '2019-12-23 10:33:46', 'Y', 3, 3, 1, 'ADV', 10, 0, 0, NULL, 'Y'),
(961, 22170, 0, 3, '2019-08-01', '2019-08-01', 3, 6090, 6090, 0, 61720, NULL, NULL, 52, '2019-12-22 14:07:11', '2019-12-23 10:34:29', 'Y', 3, 3, 1, 'ADV', 10, 0, 0, NULL, 'Y'),
(962, 22170, 0, 3, '2019-08-01', '2019-09-01', 4, 6090, 6090, 0, 55630, NULL, NULL, 52, '2019-12-22 14:07:11', '2019-12-23 10:35:23', 'Y', 3, 3, 1, 'ADV', 8.24, 0, 0, NULL, 'Y'),
(963, 51730, 0, 15, '2019-08-01', '2019-10-01', 5, 3708.67, 3708.67, 0, 51921.33, NULL, NULL, 52, '2019-12-22 14:07:11', '2019-12-23 10:45:05', 'Y', 3, 3, 1, 'LOAN', 5.02, 0, 0, NULL, 'Y'),
(964, 51730, 0, 15, '2019-08-01', '2019-11-01', 6, 3708.67, 3708.67, 0, 48212.66, NULL, NULL, 52, '2019-12-22 14:07:11', '2019-12-23 10:47:33', 'Y', 3, 3, 1, 'LOAN', 5.02, 0, 0, NULL, 'Y'),
(965, 51730, 0, 15, '2019-08-01', '2019-12-01', 7, 3708.67, 3708.67, 0, 44503.99, NULL, NULL, 52, '2019-12-22 14:07:11', '2019-12-30 15:50:50', 'Y', 3, 3, 1, 'LOAN', 5.02, 0, 0, NULL, 'Y'),
(966, 51730, 0, 15, '2019-08-01', '2020-01-01', 8, 3708.67, 3708.67, 0, 40795.32, NULL, NULL, 52, '2019-12-22 14:07:11', '2020-01-31 11:14:35', 'Y', 3, 3, 1, 'LOAN', 5.02, 0, 0, NULL, 'Y'),
(967, 51730, 0, 15, '2019-08-01', '2020-02-01', 9, 3708.67, 3708.67, 0, 37086.65, NULL, NULL, 52, '2019-12-22 14:07:11', NULL, 'Y', 3, NULL, 1, 'LOAN', 5.02, 0, 0, NULL, 'N'),
(968, 51730, 0, 15, '2019-08-01', '2020-03-01', 10, 3708.67, 3708.67, 0, 33377.98, NULL, NULL, 52, '2019-12-22 14:07:11', NULL, 'Y', 3, NULL, 1, 'LOAN', 5.02, 0, 0, NULL, 'N'),
(969, 51730, 0, 15, '2019-08-01', '2020-04-01', 11, 3708.67, 3708.67, 0, 29669.31, NULL, NULL, 52, '2019-12-22 14:07:11', NULL, 'Y', 3, NULL, 1, 'LOAN', 5.02, 0, 0, NULL, 'N'),
(970, 51730, 0, 15, '2019-08-01', '2020-05-01', 12, 3708.67, 3708.67, 0, 25960.64, NULL, NULL, 52, '2019-12-22 14:07:11', NULL, 'Y', 3, NULL, 1, 'LOAN', 5.02, 0, 0, NULL, 'N'),
(971, 51730, 0, 15, '2019-08-01', '2020-06-01', 13, 3708.67, 3708.67, 0, 22251.97, NULL, NULL, 52, '2019-12-22 14:07:11', NULL, 'Y', 3, NULL, 1, 'LOAN', 5.02, 0, 0, NULL, 'N'),
(972, 51730, 0, 15, '2019-08-01', '2020-07-01', 14, 3708.67, 3708.67, 0, 18543.3, NULL, NULL, 52, '2019-12-22 14:07:11', NULL, 'Y', 3, NULL, 1, 'LOAN', 5.02, 0, 0, NULL, 'N'),
(973, 51730, 0, 15, '2019-08-01', '2020-08-01', 15, 3708.67, 3708.67, 0, 14834.63, NULL, NULL, 52, '2019-12-22 14:07:11', NULL, 'Y', 3, NULL, 1, 'LOAN', 5.02, 0, 0, NULL, 'N'),
(974, 51730, 0, 15, '2019-08-01', '2020-09-01', 16, 3708.67, 3708.67, 0, 11125.96, NULL, NULL, 52, '2019-12-22 14:07:11', NULL, 'Y', 3, NULL, 1, 'LOAN', 5.02, 0, 0, NULL, 'N'),
(975, 51730, 0, 15, '2019-08-01', '2020-10-01', 17, 3708.67, 3708.67, 0, 7417.29, NULL, NULL, 52, '2019-12-22 14:07:11', NULL, 'Y', 3, NULL, 1, 'LOAN', 5.02, 0, 0, NULL, 'N'),
(976, 51730, 0, 15, '2019-08-01', '2020-11-01', 18, 3708.67, 3708.67, 0, 3708.62, NULL, NULL, 52, '2019-12-22 14:07:11', NULL, 'Y', 3, NULL, 1, 'LOAN', 5.02, 0, 0, NULL, 'N'),
(977, 51730, 0, 15, '2019-08-01', '2020-12-01', 19, 3708.62, 3708.62, 0, 0, NULL, NULL, 52, '2019-12-22 14:07:11', NULL, 'Y', 3, NULL, 1, 'LOAN', 5.02, 0, 0, NULL, 'N'),
(978, 12000, 0, 1, '2020-01-01', '2019-11-06', 1, 12000, 12000, 0, 80900, NULL, NULL, 53, '2019-12-22 14:34:20', NULL, 'Y', 3, NULL, 1, 'BOOK', 0, 0, 0, NULL, 'Y'),
(979, 27870, 0, 17, '2020-01-01', '2019-12-01', 2, 934, 934, 0, 79966, NULL, NULL, 53, '2019-12-22 14:34:20', '2019-12-23 11:09:26', 'Y', 3, 3, 1, 'ADV', 1.01, 0, 0, NULL, 'Y'),
(980, 27870, 0, 17, '2020-01-01', '2020-01-01', 3, 934, 934, 0, 79032, NULL, NULL, 53, '2019-12-22 14:34:20', '2020-01-04 09:29:04', 'Y', 3, 3, 1, 'ADV', 1.01, 0, 0, NULL, 'Y'),
(981, 27870, 0, 17, '2020-01-01', '2020-02-01', 4, 934, 934, 0, 78098, NULL, NULL, 53, '2019-12-22 14:34:20', '2020-02-04 09:31:26', 'Y', 3, 3, 1, 'ADV', 1.01, 0, 0, NULL, 'Y'),
(982, 27870, 0, 17, '2020-01-01', '2020-03-01', 5, 934, 934, 0, 77164, NULL, NULL, 53, '2019-12-22 14:34:20', NULL, 'Y', 3, NULL, 1, 'ADV', 1.01, 0, 0, NULL, 'N'),
(983, 27870, 0, 17, '2020-01-01', '2020-04-01', 6, 934, 934, 0, 76230, NULL, NULL, 53, '2019-12-22 14:34:20', NULL, 'Y', 3, NULL, 1, 'ADV', 1.01, 0, 0, NULL, 'N'),
(984, 27870, 0, 17, '2020-01-01', '2020-05-01', 7, 934, 934, 0, 75296, NULL, NULL, 53, '2019-12-22 14:34:20', NULL, 'Y', 3, NULL, 1, 'ADV', 1.01, 0, 0, NULL, 'N'),
(985, 27870, 0, 17, '2020-01-01', '2020-06-01', 8, 934, 934, 0, 74362, NULL, NULL, 53, '2019-12-22 14:34:20', NULL, 'Y', 3, NULL, 1, 'ADV', 1.01, 0, 0, NULL, 'N'),
(986, 27870, 0, 17, '2020-01-01', '2020-07-01', 9, 934, 934, 0, 73428, NULL, NULL, 53, '2019-12-22 14:34:20', NULL, 'Y', 3, NULL, 1, 'ADV', 1.01, 0, 0, NULL, 'N'),
(987, 27870, 0, 17, '2020-01-01', '2020-08-01', 10, 934, 934, 0, 72494, NULL, NULL, 53, '2019-12-22 14:34:20', NULL, 'Y', 3, NULL, 1, 'ADV', 1.01, 0, 0, NULL, 'N'),
(988, 27870, 0, 17, '2020-01-01', '2020-09-01', 11, 934, 934, 0, 71560, NULL, NULL, 53, '2019-12-22 14:34:20', NULL, 'Y', 3, NULL, 1, 'ADV', 1.01, 0, 0, NULL, 'N'),
(989, 27870, 0, 17, '2020-01-01', '2020-10-01', 12, 934, 934, 0, 70626, NULL, NULL, 53, '2019-12-22 14:34:20', NULL, 'Y', 3, NULL, 1, 'ADV', 1.01, 0, 0, NULL, 'N'),
(990, 27870, 0, 17, '2020-01-01', '2020-11-01', 13, 934, 934, 0, 69692, NULL, NULL, 53, '2019-12-22 14:34:20', NULL, 'Y', 3, NULL, 1, 'ADV', 1.01, 0, 0, NULL, 'N'),
(991, 27870, 0, 17, '2020-01-01', '2020-12-01', 14, 934, 934, 0, 68758, NULL, NULL, 53, '2019-12-22 14:34:20', NULL, 'Y', 3, NULL, 1, 'ADV', 1.01, 0, 0, NULL, 'N'),
(992, 27870, 0, 17, '2020-01-01', '2021-01-01', 15, 934, 934, 0, 67824, NULL, NULL, 53, '2019-12-22 14:34:20', NULL, 'Y', 3, NULL, 1, 'ADV', 1.01, 0, 0, NULL, 'N'),
(993, 27870, 0, 17, '2020-01-01', '2021-02-01', 16, 934, 934, 0, 66890, NULL, NULL, 53, '2019-12-22 14:34:20', NULL, 'Y', 3, NULL, 1, 'ADV', 1.01, 0, 0, NULL, 'N'),
(994, 27870, 0, 17, '2020-01-01', '2021-03-01', 17, 934, 934, 0, 65956, NULL, NULL, 53, '2019-12-22 14:34:20', NULL, 'Y', 3, NULL, 1, 'ADV', 1.01, 0, 0, NULL, 'N'),
(995, 27870, 0, 17, '2020-01-01', '2021-04-01', 18, 926, 926, 0, 65030, NULL, NULL, 53, '2019-12-22 14:34:20', NULL, 'Y', 3, NULL, 1, 'ADV', 1.01, 0, 0, NULL, 'N'),
(996, 65030, 0, 1, '2020-01-01', '2021-05-01', 19, 65030, 65030, 0, 0, NULL, NULL, 53, '2019-12-22 14:34:20', NULL, 'Y', 3, NULL, 1, 'LEFT', 70, 0, 0, NULL, 'N'),
(997, 19772.34, 0, 1, '2019-08-01', '2019-06-28', 1, 19376.89, 19376.89, 0, 59127.66, NULL, NULL, 54, '2019-12-22 14:52:50', NULL, 'Y', 3, NULL, 1, 'ADV', 25.06, 395.45, 2, NULL, 'N'),
(998, 59127.66, 0, 17, '2019-08-01', '2019-08-01', 2, 3478.1, 3478.1, 0, 55649.56, NULL, NULL, 54, '2019-12-22 14:52:50', NULL, 'Y', 3, NULL, 1, 'LOAN', 0, 0, 0, NULL, 'N'),
(999, 59127.66, 0, 17, '2019-08-01', '2019-09-01', 3, 3478.1, 3478.1, 0, 52171.46, NULL, NULL, 54, '2019-12-22 14:52:50', NULL, 'Y', 3, NULL, 1, 'LOAN', 0, 0, 0, NULL, 'N'),
(1000, 59127.66, 0, 17, '2019-08-01', '2019-10-01', 4, 3478.1, 3478.1, 0, 48693.36, NULL, NULL, 54, '2019-12-22 14:52:50', NULL, 'Y', 3, NULL, 1, 'LOAN', 0, 0, 0, NULL, 'N'),
(1001, 59127.66, 0, 17, '2019-08-01', '2019-11-01', 5, 3478.1, 3478.1, 0, 45215.26, NULL, NULL, 54, '2019-12-22 14:52:50', NULL, 'Y', 3, NULL, 1, 'LOAN', 0, 0, 0, NULL, 'N'),
(1002, 59127.66, 0, 17, '2019-08-01', '2019-12-01', 6, 3478.1, 3478.1, 0, 41737.16, NULL, NULL, 54, '2019-12-22 14:52:50', NULL, 'Y', 3, NULL, 1, 'LOAN', 0, 0, 0, NULL, 'N'),
(1003, 59127.66, 0, 17, '2019-08-01', '2020-01-01', 7, 3478.1, 3478.1, 0, 38259.06, NULL, NULL, 54, '2019-12-22 14:52:50', NULL, 'Y', 3, NULL, 1, 'LOAN', 0, 0, 0, NULL, 'N'),
(1004, 59127.66, 0, 17, '2019-08-01', '2020-02-01', 8, 3478.1, 3478.1, 0, 34780.96, NULL, NULL, 54, '2019-12-22 14:52:50', NULL, 'Y', 3, NULL, 1, 'LOAN', 0, 0, 0, NULL, 'N'),
(1005, 59127.66, 0, 17, '2019-08-01', '2020-03-01', 9, 3478.1, 3478.1, 0, 31302.86, NULL, NULL, 54, '2019-12-22 14:52:50', NULL, 'Y', 3, NULL, 1, 'LOAN', 0, 0, 0, NULL, 'N'),
(1006, 59127.66, 0, 17, '2019-08-01', '2020-04-01', 10, 3478.1, 3478.1, 0, 27824.76, NULL, NULL, 54, '2019-12-22 14:52:50', NULL, 'Y', 3, NULL, 1, 'LOAN', 0, 0, 0, NULL, 'N'),
(1007, 59127.66, 0, 17, '2019-08-01', '2020-05-01', 11, 3478.1, 3478.1, 0, 24346.66, NULL, NULL, 54, '2019-12-22 14:52:50', NULL, 'Y', 3, NULL, 1, 'LOAN', 0, 0, 0, NULL, 'N'),
(1008, 59127.66, 0, 17, '2019-08-01', '2020-06-01', 12, 3478.1, 3478.1, 0, 20868.56, NULL, NULL, 54, '2019-12-22 14:52:50', NULL, 'Y', 3, NULL, 1, 'LOAN', 0, 0, 0, NULL, 'N'),
(1009, 59127.66, 0, 17, '2019-08-01', '2020-07-01', 13, 3478.1, 3478.1, 0, 17390.46, NULL, NULL, 54, '2019-12-22 14:52:50', NULL, 'Y', 3, NULL, 1, 'LOAN', 0, 0, 0, NULL, 'N'),
(1010, 59127.66, 0, 17, '2019-08-01', '2020-08-01', 14, 3478.1, 3478.1, 0, 13912.36, NULL, NULL, 54, '2019-12-22 14:52:50', NULL, 'Y', 3, NULL, 1, 'LOAN', 0, 0, 0, NULL, 'N'),
(1011, 59127.66, 0, 17, '2019-08-01', '2020-09-01', 15, 3478.1, 3478.1, 0, 10434.26, NULL, NULL, 54, '2019-12-22 14:52:50', NULL, 'Y', 3, NULL, 1, 'LOAN', 0, 0, 0, NULL, 'N'),
(1012, 59127.66, 0, 17, '2019-08-01', '2020-10-01', 16, 3478.1, 3478.1, 0, 6956.16, NULL, NULL, 54, '2019-12-22 14:52:50', NULL, 'Y', 3, NULL, 1, 'LOAN', 0, 0, 0, NULL, 'N'),
(1013, 59127.66, 0, 17, '2019-08-01', '2020-11-01', 17, 3478.1, 3478.1, 0, 3478.06, NULL, NULL, 54, '2019-12-22 14:52:50', NULL, 'Y', 3, NULL, 1, 'LOAN', 0, 0, 0, NULL, 'N'),
(1014, 59127.66, 0, 17, '2019-08-01', '2020-12-01', 18, 3478.1, 3478.1, 0, 0, NULL, NULL, 54, '2019-12-22 14:52:50', NULL, 'Y', 3, NULL, 1, 'LOAN', 0, 0, 0, NULL, 'N'),
(1015, 30589.5, 0, 3, '2019-08-01', '2019-07-01', 1, 8896.5, 8896.5, 0, 93068.5, NULL, NULL, 55, '2019-12-23 14:15:14', '2019-12-23 14:54:47', 'Y', 3, 3, 1, 'ADV', 10, 0, 0, NULL, 'Y'),
(1016, 30589.5, 0, 3, '2019-08-01', '2019-08-01', 2, 8896.5, 8896.5, 0, 84172, NULL, NULL, 55, '2019-12-23 14:15:14', '2019-12-23 14:58:57', 'Y', 3, 3, 1, 'ADV', 10, 0, 0, NULL, 'Y'),
(1017, 30589.5, 0, 3, '2019-08-01', '2019-09-01', 3, 8896.5, 8896.5, 0, 75275.5, NULL, NULL, 55, '2019-12-23 14:15:14', '2019-12-23 15:00:25', 'Y', 3, 3, 1, 'ADV', 10, 0, 0, NULL, 'Y'),
(1018, 71375.5, 0, 18, '2019-08-01', '2019-10-01', 4, 4181.97, 4181.97, 0, 71093.53, NULL, NULL, 55, '2019-12-23 14:15:14', '2019-12-23 15:02:16', 'Y', 3, 3, 1, 'LOAN', 4.1, 0, 0, NULL, 'Y'),
(1019, 71375.5, 0, 18, '2019-08-01', '2019-11-01', 5, 4181.97, 4181.97, 0, 66911.56, NULL, NULL, 55, '2019-12-23 14:15:14', '2019-12-23 15:05:00', 'Y', 3, 3, 1, 'LOAN', 4.1, 0, 0, NULL, 'Y'),
(1020, 71375.5, 0, 18, '2019-08-01', '2019-12-01', 6, 4181.97, 4181.97, 0, 62729.59, NULL, NULL, 55, '2019-12-23 14:15:14', '2019-12-23 15:06:05', 'Y', 3, 3, 1, 'LOAN', 4.1, 0, 0, NULL, 'Y'),
(1021, 71375.5, 0, 18, '2019-08-01', '2020-01-01', 7, 4181.97, 4181.97, 0, 58547.62, NULL, NULL, 55, '2019-12-23 14:15:14', '2020-01-06 16:27:06', 'Y', 3, 3, 1, 'LOAN', 4.1, 0, 0, NULL, 'Y'),
(1022, 71375.5, 0, 18, '2019-08-01', '2020-02-01', 8, 4181.97, 4181.97, 0, 54365.65, NULL, NULL, 55, '2019-12-23 14:15:14', '2020-02-12 10:59:40', 'Y', 3, 4, 1, 'LOAN', 4.1, 0, 0, NULL, 'Y'),
(1023, 71375.5, 0, 18, '2019-08-01', '2020-03-01', 9, 4181.97, 4181.97, 0, 50183.68, NULL, NULL, 55, '2019-12-23 14:15:14', NULL, 'Y', 3, NULL, 1, 'LOAN', 4.1, 0, 0, NULL, 'N'),
(1024, 71375.5, 0, 18, '2019-08-01', '2020-04-01', 10, 4181.97, 4181.97, 0, 46001.71, NULL, NULL, 55, '2019-12-23 14:15:14', NULL, 'Y', 3, NULL, 1, 'LOAN', 4.1, 0, 0, NULL, 'N'),
(1025, 71375.5, 0, 18, '2019-08-01', '2020-05-01', 11, 4181.97, 4181.97, 0, 41819.74, NULL, NULL, 55, '2019-12-23 14:15:14', NULL, 'Y', 3, NULL, 1, 'LOAN', 4.1, 0, 0, NULL, 'N'),
(1026, 71375.5, 0, 18, '2019-08-01', '2020-06-01', 12, 4181.97, 4181.97, 0, 37637.77, NULL, NULL, 55, '2019-12-23 14:15:14', NULL, 'Y', 3, NULL, 1, 'LOAN', 4.1, 0, 0, NULL, 'N'),
(1027, 71375.5, 0, 18, '2019-08-01', '2020-07-01', 13, 4181.97, 4181.97, 0, 33455.8, NULL, NULL, 55, '2019-12-23 14:15:14', NULL, 'Y', 3, NULL, 1, 'LOAN', 4.1, 0, 0, NULL, 'N'),
(1028, 71375.5, 0, 18, '2019-08-01', '2020-08-01', 14, 4181.97, 4181.97, 0, 29273.83, NULL, NULL, 55, '2019-12-23 14:15:14', NULL, 'Y', 3, NULL, 1, 'LOAN', 4.1, 0, 0, NULL, 'N'),
(1029, 71375.5, 0, 18, '2019-08-01', '2020-09-01', 15, 4181.97, 4181.97, 0, 25091.86, NULL, NULL, 55, '2019-12-23 14:15:14', NULL, 'Y', 3, NULL, 1, 'LOAN', 4.1, 0, 0, NULL, 'N'),
(1030, 71375.5, 0, 18, '2019-08-01', '2020-10-01', 16, 4181.97, 4181.97, 0, 20909.89, NULL, NULL, 55, '2019-12-23 14:15:14', NULL, 'Y', 3, NULL, 1, 'LOAN', 4.1, 0, 0, NULL, 'N'),
(1031, 71375.5, 0, 18, '2019-08-01', '2020-11-01', 17, 4181.97, 4181.97, 0, 16727.92, NULL, NULL, 55, '2019-12-23 14:15:14', NULL, 'Y', 3, NULL, 1, 'LOAN', 4.1, 0, 0, NULL, 'N'),
(1032, 71375.5, 0, 18, '2019-08-01', '2020-12-01', 18, 4181.97, 4181.97, 0, 12545.95, NULL, NULL, 55, '2019-12-23 14:15:14', NULL, 'Y', 3, NULL, 1, 'LOAN', 4.1, 0, 0, NULL, 'N'),
(1033, 71375.5, 0, 18, '2019-08-01', '2021-01-01', 19, 4181.97, 4181.97, 0, 8363.98, NULL, NULL, 55, '2019-12-23 14:15:14', NULL, 'Y', 3, NULL, 1, 'LOAN', 4.1, 0, 0, NULL, 'N'),
(1034, 71375.5, 0, 18, '2019-08-01', '2021-02-01', 20, 4181.97, 4181.97, 0, 4182.01, NULL, NULL, 55, '2019-12-23 14:15:14', NULL, 'Y', 3, NULL, 1, 'LOAN', 4.1, 0, 0, NULL, 'N'),
(1035, 71375.5, 0, 18, '2019-08-01', '2021-03-01', 21, 4182.01, 4182.01, 0, 0, NULL, NULL, 55, '2019-12-23 14:15:14', NULL, 'Y', 3, NULL, 1, 'LOAN', 4.1, 0, 0, NULL, 'N'),
(1036, 2000, 0, 1, '2019-10-01', '2019-08-31', 1, 2000, 2000, 0, 118015, NULL, NULL, 56, '2019-12-23 15:45:20', NULL, 'Y', 3, NULL, 1, 'BOOK', 0, 0, 0, NULL, 'Y'),
(1037, 6000.75, 0, 1, '2019-10-01', '2019-09-07', 2, 4000.75, 4000.75, 0, 114014.25, NULL, NULL, 56, '2019-12-23 15:45:20', '2019-12-23 15:56:40', 'Y', 3, 3, 1, 'ADV', 5, 0, 0, NULL, 'Y'),
(1038, 114014.25, 0, 1, '2019-10-01', '2019-10-01', 3, 114014.25, 114014.25, 0, 0, NULL, NULL, 56, '2019-12-23 15:45:20', NULL, 'Y', 3, NULL, 1, 'LEFT', 95, 0, 0, NULL, 'N'),
(1039, 2000, 0, 1, '2020-01-15', '2019-12-26', 1, 2000, 2000, 0, 157000, NULL, NULL, 57, '2019-12-26 16:21:19', NULL, 'Y', 3, NULL, 1, 'BOOK', 0, 0, 0, NULL, 'Y'),
(1040, 47700, 0, 18, '2020-01-15', '2020-01-02', 2, 1000, 1000, 0, 156000, NULL, NULL, 57, '2019-12-26 16:21:19', '2019-12-27 14:02:15', 'Y', 3, 3, 1, 'ADV', 1.89, 0, 0, NULL, 'N'),
(1041, 47700, 0, 18, '2020-01-15', '2020-01-15', 3, 1000, 1000, 0, 155000, NULL, NULL, 57, '2019-12-26 16:21:19', NULL, 'Y', 3, NULL, 1, 'ADV', 1.89, 0, 0, NULL, 'N'),
(1042, 47700, 0, 18, '2020-01-15', '2020-02-15', 4, 1000, 1000, 0, 154000, NULL, NULL, 57, '2019-12-26 16:21:19', NULL, 'Y', 3, NULL, 1, 'ADV', 1.89, 0, 0, NULL, 'N'),
(1043, 47700, 0, 18, '2020-01-15', '2020-03-15', 5, 1000, 1000, 0, 153000, NULL, NULL, 57, '2019-12-26 16:21:19', NULL, 'Y', 3, NULL, 1, 'ADV', 1.89, 0, 0, NULL, 'N'),
(1044, 47700, 0, 18, '2020-01-15', '2020-04-15', 6, 1000, 1000, 0, 152000, NULL, NULL, 57, '2019-12-26 16:21:19', NULL, 'Y', 3, NULL, 1, 'ADV', 1.89, 0, 0, NULL, 'N'),
(1045, 47700, 0, 18, '2020-01-15', '2020-05-15', 7, 1000, 1000, 0, 151000, NULL, NULL, 57, '2019-12-26 16:21:19', NULL, 'Y', 3, NULL, 1, 'ADV', 1.89, 0, 0, NULL, 'N'),
(1046, 47700, 0, 18, '2020-01-15', '2020-06-15', 8, 1000, 1000, 0, 150000, NULL, NULL, 57, '2019-12-26 16:21:19', NULL, 'Y', 3, NULL, 1, 'ADV', 1.89, 0, 0, NULL, 'N'),
(1047, 47700, 0, 18, '2020-01-15', '2020-07-15', 9, 1000, 1000, 0, 149000, NULL, NULL, 57, '2019-12-26 16:21:19', NULL, 'Y', 3, NULL, 1, 'ADV', 1.89, 0, 0, NULL, 'N'),
(1048, 47700, 0, 18, '2020-01-15', '2020-08-15', 10, 1000, 1000, 0, 148000, NULL, NULL, 57, '2019-12-26 16:21:19', NULL, 'Y', 3, NULL, 1, 'ADV', 1.89, 0, 0, NULL, 'N'),
(1049, 47700, 0, 18, '2020-01-15', '2020-09-15', 11, 1000, 1000, 0, 147000, NULL, NULL, 57, '2019-12-26 16:21:19', NULL, 'Y', 3, NULL, 1, 'ADV', 1.89, 0, 0, NULL, 'N'),
(1050, 47700, 0, 18, '2020-01-15', '2020-10-15', 12, 1000, 1000, 0, 146000, NULL, NULL, 57, '2019-12-26 16:21:19', NULL, 'Y', 3, NULL, 1, 'ADV', 1.89, 0, 0, NULL, 'N'),
(1051, 47700, 0, 18, '2020-01-15', '2020-11-15', 13, 1000, 1000, 0, 145000, NULL, NULL, 57, '2019-12-26 16:21:19', NULL, 'Y', 3, NULL, 1, 'ADV', 1.89, 0, 0, NULL, 'N'),
(1052, 47700, 0, 18, '2020-01-15', '2020-12-15', 14, 1000, 1000, 0, 144000, NULL, NULL, 57, '2019-12-26 16:21:19', NULL, 'Y', 3, NULL, 1, 'ADV', 1.89, 0, 0, NULL, 'N'),
(1053, 47700, 0, 18, '2020-01-15', '2021-01-15', 15, 1000, 1000, 0, 143000, NULL, NULL, 57, '2019-12-26 16:21:19', NULL, 'Y', 3, NULL, 1, 'ADV', 1.89, 0, 0, NULL, 'N'),
(1054, 47700, 0, 18, '2020-01-15', '2021-02-15', 16, 1000, 1000, 0, 142000, NULL, NULL, 57, '2019-12-26 16:21:19', NULL, 'Y', 3, NULL, 1, 'ADV', 1.89, 0, 0, NULL, 'N'),
(1055, 47700, 0, 18, '2020-01-15', '2021-03-15', 17, 1000, 1000, 0, 141000, NULL, NULL, 57, '2019-12-26 16:21:19', NULL, 'Y', 3, NULL, 1, 'ADV', 1.89, 0, 0, NULL, 'N'),
(1056, 47700, 0, 18, '2020-01-15', '2021-04-15', 18, 1000, 1000, 0, 140000, NULL, NULL, 57, '2019-12-26 16:21:19', NULL, 'Y', 3, NULL, 1, 'ADV', 1.89, 0, 0, NULL, 'N'),
(1057, 47700, 0, 18, '2020-01-15', '2021-05-15', 19, 28700, 28700, 0, 111300, NULL, NULL, 57, '2019-12-26 16:21:19', NULL, 'Y', 3, NULL, 1, 'ADV', 1.89, 0, 0, NULL, 'N'),
(1058, 111300, 0, 1, '2020-01-15', '2021-06-15', 20, 111300, 111300, 0, 0, NULL, NULL, 57, '2019-12-26 16:21:19', NULL, 'Y', 3, NULL, 1, 'LEFT', 70, 0, 0, NULL, 'N'),
(1059, 26689.5, 0, 1, '2019-08-01', '2019-06-28', 1, 26155.71, 26155.71, 0, 75275.5, NULL, NULL, 58, '2019-12-27 10:31:41', '2019-12-27 11:28:40', 'Y', 3, 3, 1, 'ADV', 26.18, 533.79, 2, NULL, 'Y'),
(1060, 75275.5, 0, 17, '2019-08-01', '2019-08-01', 2, 3663.26, 3663.26, 0, 71612.24, NULL, NULL, 58, '2019-12-27 10:31:41', '2019-12-27 11:29:26', 'Y', 3, 3, 1, 'LOAN', 0, 0, 0, NULL, 'Y'),
(1061, 75275.5, 0, 17, '2019-08-01', '2019-09-01', 3, 4475.77, 4475.77, 0, 67136.47, NULL, NULL, 58, '2019-12-27 10:31:41', '2019-12-27 11:36:21', 'Y', 3, 3, 1, 'LOAN', 4.39, 0, 0, NULL, 'Y'),
(1062, 75275.5, 0, 17, '2019-08-01', '2019-10-01', 4, 4475.77, 4475.77, 0, 62660.7, NULL, NULL, 58, '2019-12-27 10:31:41', '2019-12-27 11:37:16', 'Y', 3, 3, 1, 'LOAN', 4.39, 0, 0, NULL, 'Y'),
(1063, 75275.5, 0, 17, '2019-08-01', '2019-11-01', 5, 4475.77, 4475.77, 0, 58184.93, NULL, NULL, 58, '2019-12-27 10:31:41', '2019-12-27 11:37:41', 'Y', 3, 3, 1, 'LOAN', 4.39, 0, 0, NULL, 'Y'),
(1064, 75275.5, 0, 17, '2019-08-01', '2019-12-01', 6, 4475.77, 4475.77, 0, 53709.16, NULL, NULL, 58, '2019-12-27 10:31:41', '2019-12-27 11:38:43', 'Y', 3, 3, 1, 'LOAN', 4.39, 0, 0, NULL, 'Y'),
(1065, 75275.5, 0, 17, '2019-08-01', '2020-01-01', 7, 4475.77, 4475.77, 0, 49233.39, NULL, NULL, 58, '2019-12-27 10:31:41', '2020-01-04 09:27:46', 'Y', 3, 3, 1, 'LOAN', 4.39, 0, 0, NULL, 'Y'),
(1066, 75275.5, 0, 17, '2019-08-01', '2020-02-01', 8, 4475.77, 4475.77, 0, 44757.62, NULL, NULL, 58, '2019-12-27 10:31:41', '2020-02-11 15:24:25', 'Y', 3, 3, 1, 'LOAN', 4.39, 0, 0, NULL, 'Y'),
(1067, 75275.5, 0, 17, '2019-08-01', '2020-03-01', 9, 4475.77, 4475.77, 0, 40281.85, NULL, NULL, 58, '2019-12-27 10:31:41', NULL, 'Y', 3, NULL, 1, 'LOAN', 4.39, 0, 0, NULL, 'N'),
(1068, 75275.5, 0, 17, '2019-08-01', '2020-04-01', 10, 4475.77, 4475.77, 0, 35806.08, NULL, NULL, 58, '2019-12-27 10:31:41', NULL, 'Y', 3, NULL, 1, 'LOAN', 4.39, 0, 0, NULL, 'N'),
(1069, 75275.5, 0, 17, '2019-08-01', '2020-05-01', 11, 4475.77, 4475.77, 0, 31330.31, NULL, NULL, 58, '2019-12-27 10:31:41', NULL, 'Y', 3, NULL, 1, 'LOAN', 4.39, 0, 0, NULL, 'N'),
(1070, 75275.5, 0, 17, '2019-08-01', '2020-06-01', 12, 4475.77, 4475.77, 0, 26854.54, NULL, NULL, 58, '2019-12-27 10:31:41', NULL, 'Y', 3, NULL, 1, 'LOAN', 4.39, 0, 0, NULL, 'N'),
(1071, 75275.5, 0, 17, '2019-08-01', '2020-07-01', 13, 4475.77, 4475.77, 0, 22378.77, NULL, NULL, 58, '2019-12-27 10:31:41', NULL, 'Y', 3, NULL, 1, 'LOAN', 4.39, 0, 0, NULL, 'N'),
(1072, 75275.5, 0, 17, '2019-08-01', '2020-08-01', 14, 4475.77, 4475.77, 0, 17903, NULL, NULL, 58, '2019-12-27 10:31:41', NULL, 'Y', 3, NULL, 1, 'LOAN', 4.39, 0, 0, NULL, 'N'),
(1073, 75275.5, 0, 17, '2019-08-01', '2020-09-01', 15, 4475.77, 4475.77, 0, 13427.23, NULL, NULL, 58, '2019-12-27 10:31:41', NULL, 'Y', 3, NULL, 1, 'LOAN', 4.39, 0, 0, NULL, 'N'),
(1074, 75275.5, 0, 17, '2019-08-01', '2020-10-01', 16, 4475.77, 4475.77, 0, 8951.46, NULL, NULL, 58, '2019-12-27 10:31:41', NULL, 'Y', 3, NULL, 1, 'LOAN', 4.39, 0, 0, NULL, 'N'),
(1075, 75275.5, 0, 17, '2019-08-01', '2020-11-01', 17, 4475.77, 4475.77, 0, 4475.69, NULL, NULL, 58, '2019-12-27 10:31:41', NULL, 'Y', 3, NULL, 1, 'LOAN', 4.39, 0, 0, NULL, 'N'),
(1076, 75275.5, 0, 17, '2019-08-01', '2020-12-01', 18, 4475.69, 4475.69, 0, 0, NULL, NULL, 58, '2019-12-27 10:31:41', NULL, 'Y', 3, NULL, 1, 'LOAN', 4.39, 0, 0, NULL, 'N'),
(1077, 19770, 0, 1, '2019-08-01', '2019-06-28', 1, 19374.6, 19374.6, 0, 59130, NULL, NULL, 59, '2019-12-27 11:21:21', '2019-12-27 11:30:34', 'Y', 3, 3, 1, 'ADV', 25.06, 395.4, 2, NULL, 'Y'),
(1078, 59130, 0, 17, '2019-08-01', '2019-08-01', 2, 2713.53, 2713.53, 0, 56416.47, NULL, NULL, 59, '2019-12-27 11:21:21', '2019-12-27 11:31:04', 'Y', 3, 3, 1, 'LOAN', 3.44, 0, 0, NULL, 'Y'),
(1079, 59130, 0, 17, '2019-08-01', '2019-09-01', 3, 3526.03, 3526.03, 0, 52890.44, NULL, NULL, 59, '2019-12-27 11:21:21', '2019-12-27 11:31:37', 'Y', 3, 3, 1, 'LOAN', 4.47, 0, 0, NULL, 'Y'),
(1080, 59130, 0, 17, '2019-08-01', '2019-10-01', 4, 3526.03, 3526.03, 0, 49364.41, NULL, NULL, 59, '2019-12-27 11:21:21', '2019-12-27 11:33:22', 'Y', 3, 3, 1, 'LOAN', 4.47, 0, 0, NULL, 'Y'),
(1081, 59130, 0, 17, '2019-08-01', '2019-11-01', 5, 3526.03, 3526.03, 0, 45838.38, NULL, NULL, 59, '2019-12-27 11:21:21', '2019-12-27 11:34:09', 'Y', 3, 3, 1, 'LOAN', 4.47, 0, 0, NULL, 'Y'),
(1082, 59130, 0, 17, '2019-08-01', '2019-12-01', 6, 3526.03, 3526.03, 0, 42312.35, NULL, NULL, 59, '2019-12-27 11:21:21', '2019-12-27 11:35:00', 'Y', 3, 3, 1, 'LOAN', 4.47, 0, 0, NULL, 'Y'),
(1083, 59130, 0, 17, '2019-08-01', '2020-01-01', 7, 3526.03, 3526.03, 0, 38786.32, NULL, NULL, 59, '2019-12-27 11:21:21', '2020-01-04 09:28:15', 'Y', 3, 3, 1, 'LOAN', 4.47, 0, 0, NULL, 'Y'),
(1084, 59130, 0, 17, '2019-08-01', '2020-02-01', 8, 3526.03, 3526.03, 0, 35260.29, NULL, NULL, 59, '2019-12-27 11:21:21', '2020-02-11 15:21:42', 'Y', 3, 3, 1, 'LOAN', 4.47, 0, 0, NULL, 'Y'),
(1085, 59130, 0, 17, '2019-08-01', '2020-03-01', 9, 3526.03, 3526.03, 0, 31734.26, NULL, NULL, 59, '2019-12-27 11:21:21', NULL, 'Y', 3, NULL, 1, 'LOAN', 4.47, 0, 0, NULL, 'N'),
(1086, 59130, 0, 17, '2019-08-01', '2020-04-01', 10, 3526.03, 3526.03, 0, 28208.23, NULL, NULL, 59, '2019-12-27 11:21:21', NULL, 'Y', 3, NULL, 1, 'LOAN', 4.47, 0, 0, NULL, 'N'),
(1087, 59130, 0, 17, '2019-08-01', '2020-05-01', 11, 3526.03, 3526.03, 0, 24682.2, NULL, NULL, 59, '2019-12-27 11:21:21', NULL, 'Y', 3, NULL, 1, 'LOAN', 4.47, 0, 0, NULL, 'N'),
(1088, 59130, 0, 17, '2019-08-01', '2020-06-01', 12, 3526.03, 3526.03, 0, 21156.17, NULL, NULL, 59, '2019-12-27 11:21:21', NULL, 'Y', 3, NULL, 1, 'LOAN', 4.47, 0, 0, NULL, 'N'),
(1089, 59130, 0, 17, '2019-08-01', '2020-07-01', 13, 3526.03, 3526.03, 0, 17630.14, NULL, NULL, 59, '2019-12-27 11:21:21', NULL, 'Y', 3, NULL, 1, 'LOAN', 4.47, 0, 0, NULL, 'N'),
(1090, 59130, 0, 17, '2019-08-01', '2020-08-01', 14, 3526.03, 3526.03, 0, 14104.11, NULL, NULL, 59, '2019-12-27 11:21:21', NULL, 'Y', 3, NULL, 1, 'LOAN', 4.47, 0, 0, NULL, 'N'),
(1091, 59130, 0, 17, '2019-08-01', '2020-09-01', 15, 3526.03, 3526.03, 0, 10578.08, NULL, NULL, 59, '2019-12-27 11:21:21', NULL, 'Y', 3, NULL, 1, 'LOAN', 4.47, 0, 0, NULL, 'N'),
(1092, 59130, 0, 17, '2019-08-01', '2020-10-01', 16, 3526.03, 3526.03, 0, 7052.05, NULL, NULL, 59, '2019-12-27 11:21:21', NULL, 'Y', 3, NULL, 1, 'LOAN', 4.47, 0, 0, NULL, 'N'),
(1093, 59130, 0, 17, '2019-08-01', '2020-11-01', 17, 3526.03, 3526.03, 0, 3526.02, NULL, NULL, 59, '2019-12-27 11:21:21', NULL, 'Y', 3, NULL, 1, 'LOAN', 4.47, 0, 0, NULL, 'N'),
(1094, 59130, 0, 17, '2019-08-01', '2020-12-01', 18, 3526.02, 3526.02, 0, 0, NULL, NULL, 59, '2019-12-27 11:21:21', NULL, 'Y', 3, NULL, 1, 'LOAN', 4.47, 0, 0, NULL, 'N'),
(1095, 2000, 0, 1, '2020-02-01', '2019-12-28', 1, 2000, 2000, 0, 88900, NULL, NULL, 60, '2019-12-28 10:37:49', NULL, 'Y', 3, NULL, 1, 'BOOK', 0, 0, 0, NULL, 'Y'),
(1096, 27270, 0, 18, '2020-02-01', '2020-01-04', 2, -485, -485, 0, 89385, NULL, NULL, 60, '2019-12-28 10:37:49', NULL, 'Y', 3, NULL, 1, 'ADV', 1.67, 0, 0, NULL, 'N'),
(1097, 27270, 0, 18, '2020-02-01', '2020-02-01', 3, 1515, 1515, 0, 87870, NULL, NULL, 60, '2019-12-28 10:37:49', NULL, 'Y', 3, NULL, 1, 'ADV', 1.67, 0, 0, NULL, 'N'),
(1098, 27270, 0, 18, '2020-02-01', '2020-03-01', 4, 1515, 1515, 0, 86355, NULL, NULL, 60, '2019-12-28 10:37:49', NULL, 'Y', 3, NULL, 1, 'ADV', 1.67, 0, 0, NULL, 'N'),
(1099, 27270, 0, 18, '2020-02-01', '2020-04-01', 5, 1515, 1515, 0, 84840, NULL, NULL, 60, '2019-12-28 10:37:49', NULL, 'Y', 3, NULL, 1, 'ADV', 1.67, 0, 0, NULL, 'N'),
(1100, 27270, 0, 18, '2020-02-01', '2020-05-01', 6, 1515, 1515, 0, 83325, NULL, NULL, 60, '2019-12-28 10:37:49', NULL, 'Y', 3, NULL, 1, 'ADV', 1.67, 0, 0, NULL, 'N'),
(1101, 27270, 0, 18, '2020-02-01', '2020-06-01', 7, 1515, 1515, 0, 81810, NULL, NULL, 60, '2019-12-28 10:37:49', NULL, 'Y', 3, NULL, 1, 'ADV', 1.67, 0, 0, NULL, 'N'),
(1102, 27270, 0, 18, '2020-02-01', '2020-07-01', 8, 1515, 1515, 0, 80295, NULL, NULL, 60, '2019-12-28 10:37:49', NULL, 'Y', 3, NULL, 1, 'ADV', 1.67, 0, 0, NULL, 'N'),
(1103, 27270, 0, 18, '2020-02-01', '2020-08-01', 9, 1515, 1515, 0, 78780, NULL, NULL, 60, '2019-12-28 10:37:49', NULL, 'Y', 3, NULL, 1, 'ADV', 1.67, 0, 0, NULL, 'N'),
(1104, 27270, 0, 18, '2020-02-01', '2020-09-01', 10, 1515, 1515, 0, 77265, NULL, NULL, 60, '2019-12-28 10:37:49', NULL, 'Y', 3, NULL, 1, 'ADV', 1.67, 0, 0, NULL, 'N'),
(1105, 27270, 0, 18, '2020-02-01', '2020-10-01', 11, 1515, 1515, 0, 75750, NULL, NULL, 60, '2019-12-28 10:37:49', NULL, 'Y', 3, NULL, 1, 'ADV', 1.67, 0, 0, NULL, 'N'),
(1106, 27270, 0, 18, '2020-02-01', '2020-11-01', 12, 1515, 1515, 0, 74235, NULL, NULL, 60, '2019-12-28 10:37:49', NULL, 'Y', 3, NULL, 1, 'ADV', 1.67, 0, 0, NULL, 'N'),
(1107, 27270, 0, 18, '2020-02-01', '2020-12-01', 13, 1515, 1515, 0, 72720, NULL, NULL, 60, '2019-12-28 10:37:49', NULL, 'Y', 3, NULL, 1, 'ADV', 1.67, 0, 0, NULL, 'N'),
(1108, 27270, 0, 18, '2020-02-01', '2021-01-01', 14, 1515, 1515, 0, 71205, NULL, NULL, 60, '2019-12-28 10:37:49', NULL, 'Y', 3, NULL, 1, 'ADV', 1.67, 0, 0, NULL, 'N'),
(1109, 27270, 0, 18, '2020-02-01', '2021-02-01', 15, 1515, 1515, 0, 69690, NULL, NULL, 60, '2019-12-28 10:37:49', NULL, 'Y', 3, NULL, 1, 'ADV', 1.67, 0, 0, NULL, 'N'),
(1110, 27270, 0, 18, '2020-02-01', '2021-03-01', 16, 1515, 1515, 0, 68175, NULL, NULL, 60, '2019-12-28 10:37:49', NULL, 'Y', 3, NULL, 1, 'ADV', 1.67, 0, 0, NULL, 'N'),
(1111, 27270, 0, 18, '2020-02-01', '2021-04-01', 17, 1515, 1515, 0, 66660, NULL, NULL, 60, '2019-12-28 10:37:49', NULL, 'Y', 3, NULL, 1, 'ADV', 1.67, 0, 0, NULL, 'N'),
(1112, 27270, 0, 18, '2020-02-01', '2021-05-01', 18, 1515, 1515, 0, 65145, NULL, NULL, 60, '2019-12-28 10:37:49', NULL, 'Y', 3, NULL, 1, 'ADV', 1.67, 0, 0, NULL, 'N'),
(1113, 27270, 0, 18, '2020-02-01', '2021-06-01', 19, 1515, 1515, 0, 63630, NULL, NULL, 60, '2019-12-28 10:37:49', NULL, 'Y', 3, NULL, 1, 'ADV', 1.67, 0, 0, NULL, 'N'),
(1114, 63630, 0, 1, '2020-02-01', '2021-07-01', 20, 63630, 63630, 0, 0, NULL, NULL, 60, '2019-12-28 10:37:49', NULL, 'Y', 3, NULL, 1, 'LEFT', 70, 0, 0, NULL, 'N'),
(1115, 2000, 0, 1, '2020-02-01', '2019-12-28', 1, 2000, 2000, 0, 88900, NULL, NULL, 61, '2019-12-28 10:42:11', NULL, 'Y', 3, NULL, 1, 'BOOK', 0, 0, 0, NULL, 'Y'),
(1116, 27270, 0, 18, '2020-02-01', '2020-01-04', 2, 2545, 2545, 0, 86355, NULL, NULL, 61, '2019-12-28 10:42:11', '2020-01-04 12:57:52', 'Y', 3, 3, 1, 'ADV', 5, 0, 0, NULL, 'Y'),
(1117, 27270, 0, 18, '2020-02-01', '2020-02-01', 3, 1337, 1337, 0, 85018, NULL, NULL, 61, '2019-12-28 10:42:11', '2020-02-01 12:42:33', 'Y', 3, 3, 1, 'ADV', 1.47, 0, 0, NULL, 'Y'),
(1118, 27270, 0, 18, '2020-02-01', '2020-03-01', 4, 1337, 1337, 0, 83681, NULL, NULL, 61, '2019-12-28 10:42:11', NULL, 'Y', 3, NULL, 1, 'ADV', 1.47, 0, 0, NULL, 'N'),
(1119, 27270, 0, 18, '2020-02-01', '2020-04-01', 5, 1337, 1337, 0, 82344, NULL, NULL, 61, '2019-12-28 10:42:11', NULL, 'Y', 3, NULL, 1, 'ADV', 1.47, 0, 0, NULL, 'N'),
(1120, 27270, 0, 18, '2020-02-01', '2020-05-01', 6, 1337, 1337, 0, 81007, NULL, NULL, 61, '2019-12-28 10:42:11', NULL, 'Y', 3, NULL, 1, 'ADV', 1.47, 0, 0, NULL, 'N'),
(1121, 27270, 0, 18, '2020-02-01', '2020-06-01', 7, 1337, 1337, 0, 79670, NULL, NULL, 61, '2019-12-28 10:42:11', NULL, 'Y', 3, NULL, 1, 'ADV', 1.47, 0, 0, NULL, 'N'),
(1122, 27270, 0, 18, '2020-02-01', '2020-07-01', 8, 1337, 1337, 0, 78333, NULL, NULL, 61, '2019-12-28 10:42:11', NULL, 'Y', 3, NULL, 1, 'ADV', 1.47, 0, 0, NULL, 'N'),
(1123, 27270, 0, 18, '2020-02-01', '2020-08-01', 9, 1337, 1337, 0, 76996, NULL, NULL, 61, '2019-12-28 10:42:11', NULL, 'Y', 3, NULL, 1, 'ADV', 1.47, 0, 0, NULL, 'N'),
(1124, 27270, 0, 18, '2020-02-01', '2020-09-01', 10, 1337, 1337, 0, 75659, NULL, NULL, 61, '2019-12-28 10:42:11', NULL, 'Y', 3, NULL, 1, 'ADV', 1.47, 0, 0, NULL, 'N'),
(1125, 27270, 0, 18, '2020-02-01', '2020-10-01', 11, 1337, 1337, 0, 74322, NULL, NULL, 61, '2019-12-28 10:42:11', NULL, 'Y', 3, NULL, 1, 'ADV', 1.47, 0, 0, NULL, 'N'),
(1126, 27270, 0, 18, '2020-02-01', '2020-11-01', 12, 1337, 1337, 0, 72985, NULL, NULL, 61, '2019-12-28 10:42:11', NULL, 'Y', 3, NULL, 1, 'ADV', 1.47, 0, 0, NULL, 'N'),
(1127, 27270, 0, 18, '2020-02-01', '2020-12-01', 13, 1337, 1337, 0, 71648, NULL, NULL, 61, '2019-12-28 10:42:11', NULL, 'Y', 3, NULL, 1, 'ADV', 1.47, 0, 0, NULL, 'N'),
(1128, 27270, 0, 18, '2020-02-01', '2021-01-01', 14, 1337, 1337, 0, 70311, NULL, NULL, 61, '2019-12-28 10:42:11', NULL, 'Y', 3, NULL, 1, 'ADV', 1.47, 0, 0, NULL, 'N'),
(1129, 27270, 0, 18, '2020-02-01', '2021-02-01', 15, 1337, 1337, 0, 68974, NULL, NULL, 61, '2019-12-28 10:42:11', NULL, 'Y', 3, NULL, 1, 'ADV', 1.47, 0, 0, NULL, 'N'),
(1130, 27270, 0, 18, '2020-02-01', '2021-03-01', 16, 1337, 1337, 0, 67637, NULL, NULL, 61, '2019-12-28 10:42:11', NULL, 'Y', 3, NULL, 1, 'ADV', 1.47, 0, 0, NULL, 'N'),
(1131, 27270, 0, 18, '2020-02-01', '2021-04-01', 17, 1337, 1337, 0, 66300, NULL, NULL, 61, '2019-12-28 10:42:11', NULL, 'Y', 3, NULL, 1, 'ADV', 1.47, 0, 0, NULL, 'N'),
(1132, 27270, 0, 18, '2020-02-01', '2021-05-01', 18, 1337, 1337, 0, 64963, NULL, NULL, 61, '2019-12-28 10:42:11', NULL, 'Y', 3, NULL, 1, 'ADV', 1.47, 0, 0, NULL, 'N'),
(1133, 27270, 0, 18, '2020-02-01', '2021-06-01', 19, 1333, 1333, 0, 63630, NULL, NULL, 61, '2019-12-28 10:42:11', NULL, 'Y', 3, NULL, 1, 'ADV', 1.47, 0, 0, NULL, 'N'),
(1134, 63630, 0, 1, '2020-02-01', '2021-07-01', 20, 63630, 63630, 0, 0, NULL, NULL, 61, '2019-12-28 10:42:11', NULL, 'Y', 3, NULL, 1, 'LEFT', 70, 0, 0, NULL, 'N'),
(1135, 2000, 0, 1, '2019-09-01', '2019-07-30', 1, 2000, 2000, 0, 125000, NULL, NULL, 62, '2019-12-30 09:43:51', NULL, 'Y', 3, NULL, 1, 'BOOK', 0, 0, 0, NULL, 'Y'),
(1136, 38100, 0, 3, '2019-09-01', '2019-08-06', 2, 10700, 10700, 0, 114300, NULL, NULL, 62, '2019-12-30 09:43:51', '2019-12-30 09:46:11', 'Y', 3, 3, 1, 'ADV', 10, 0, 0, NULL, 'Y'),
(1137, 38100, 0, 3, '2019-09-01', '2019-09-01', 3, 12700, 12700, 0, 101600, NULL, NULL, 62, '2019-12-30 09:43:51', '2019-12-30 09:47:31', 'Y', 3, 3, 1, 'ADV', 10, 0, 0, NULL, 'Y'),
(1138, 38100, 0, 3, '2019-09-01', '2019-10-01', 4, 12700, 12700, 0, 88900, NULL, NULL, 62, '2019-12-30 09:43:51', '2019-12-30 09:48:16', 'Y', 3, 3, 1, 'ADV', 10, 0, 0, NULL, 'Y'),
(1139, 88900, 0, 15, '2019-09-01', '2019-11-01', 5, 5926.67, 5926.67, 0, 82973.33, NULL, NULL, 62, '2019-12-30 09:43:51', '2019-12-30 09:48:53', 'Y', 3, 3, 1, 'LOAN', 0, 0, 0, NULL, 'Y'),
(1140, 88900, 0, 15, '2019-09-01', '2019-12-01', 6, 5926.67, 5926.67, 0, 77046.66, NULL, NULL, 62, '2019-12-30 09:43:51', '2019-12-30 09:49:59', 'Y', 3, 3, 1, 'LOAN', 0, 0, 0, NULL, 'Y'),
(1141, 88900, 0, 15, '2019-09-01', '2020-01-01', 7, 5926.67, 5926.67, 0, 71119.99, NULL, NULL, 62, '2019-12-30 09:43:51', '2020-01-05 11:25:21', 'Y', 3, 3, 1, 'LOAN', 0, 0, 0, NULL, 'Y'),
(1142, 88900, 0, 15, '2019-09-01', '2020-02-01', 8, 5926.67, 5926.67, 0, 65193.32, NULL, NULL, 62, '2019-12-30 09:43:51', '2020-02-05 10:47:56', 'Y', 3, 2, 1, 'LOAN', 0, 0, 0, NULL, 'Y'),
(1143, 88900, 0, 15, '2019-09-01', '2020-03-01', 9, 5926.67, 5926.67, 0, 59266.65, NULL, NULL, 62, '2019-12-30 09:43:51', NULL, 'Y', 3, NULL, 1, 'LOAN', 0, 0, 0, NULL, 'N'),
(1144, 88900, 0, 15, '2019-09-01', '2020-04-01', 10, 5926.67, 5926.67, 0, 53339.98, NULL, NULL, 62, '2019-12-30 09:43:51', NULL, 'Y', 3, NULL, 1, 'LOAN', 0, 0, 0, NULL, 'N'),
(1145, 88900, 0, 15, '2019-09-01', '2020-05-01', 11, 5926.67, 5926.67, 0, 47413.31, NULL, NULL, 62, '2019-12-30 09:43:51', NULL, 'Y', 3, NULL, 1, 'LOAN', 0, 0, 0, NULL, 'N'),
(1146, 88900, 0, 15, '2019-09-01', '2020-06-01', 12, 5926.67, 5926.67, 0, 41486.64, NULL, NULL, 62, '2019-12-30 09:43:51', NULL, 'Y', 3, NULL, 1, 'LOAN', 0, 0, 0, NULL, 'N'),
(1147, 88900, 0, 15, '2019-09-01', '2020-07-01', 13, 5926.67, 5926.67, 0, 35559.97, NULL, NULL, 62, '2019-12-30 09:43:51', NULL, 'Y', 3, NULL, 1, 'LOAN', 0, 0, 0, NULL, 'N'),
(1148, 88900, 0, 15, '2019-09-01', '2020-08-01', 14, 5926.67, 5926.67, 0, 29633.3, NULL, NULL, 62, '2019-12-30 09:43:51', NULL, 'Y', 3, NULL, 1, 'LOAN', 0, 0, 0, NULL, 'N'),
(1149, 88900, 0, 15, '2019-09-01', '2020-09-01', 15, 5926.67, 5926.67, 0, 23706.63, NULL, NULL, 62, '2019-12-30 09:43:51', NULL, 'Y', 3, NULL, 1, 'LOAN', 0, 0, 0, NULL, 'N'),
(1150, 88900, 0, 15, '2019-09-01', '2020-10-01', 16, 5926.67, 5926.67, 0, 17779.96, NULL, NULL, 62, '2019-12-30 09:43:51', NULL, 'Y', 3, NULL, 1, 'LOAN', 0, 0, 0, NULL, 'N'),
(1151, 88900, 0, 15, '2019-09-01', '2020-11-01', 17, 5926.67, 5926.67, 0, 11853.29, NULL, NULL, 62, '2019-12-30 09:43:51', NULL, 'Y', 3, NULL, 1, 'LOAN', 0, 0, 0, NULL, 'N'),
(1152, 88900, 0, 15, '2019-09-01', '2020-12-01', 18, 5926.67, 5926.67, 0, 5926.62, NULL, NULL, 62, '2019-12-30 09:43:51', NULL, 'Y', 3, NULL, 1, 'LOAN', 0, 0, 0, NULL, 'N'),
(1153, 88900, 0, 15, '2019-09-01', '2021-01-01', 19, 5926.67, 5926.67, 0, 0, NULL, NULL, 62, '2019-12-30 09:43:51', NULL, 'Y', 3, NULL, 1, 'LOAN', 0, 0, 0, NULL, 'N'),
(1154, 2000, 0, 1, '2020-02-01', '2020-01-04', 1, 2000, 2000, 0, 155000, NULL, NULL, 63, '2020-01-04 16:27:59', NULL, 'Y', 4, NULL, 1, 'BOOK', 0, 0, 0, NULL, 'Y'),
(1155, 47100, 0, 18, '2020-02-01', '2020-01-10', 2, 5850, 5850, 0, 149150, NULL, NULL, 63, '2020-01-04 16:27:59', '2020-01-04 16:46:46', 'Y', 4, 4, 1, 'ADV', 5, 0, 0, NULL, 'N'),
(1156, 47100, 0, 18, '2020-02-01', '2020-02-01', 3, 2309, 2309, 0, 146841, NULL, NULL, 63, '2020-01-04 16:27:59', NULL, 'Y', 4, NULL, 1, 'ADV', 1.47, 0, 0, NULL, 'N'),
(1157, 47100, 0, 18, '2020-02-01', '2020-03-01', 4, 2309, 2309, 0, 144532, NULL, NULL, 63, '2020-01-04 16:27:59', NULL, 'Y', 4, NULL, 1, 'ADV', 1.47, 0, 0, NULL, 'N');
INSERT INTO `tbl_installment` (`inst_id`, `inst_loan_amount`, `inst_interest_rate`, `inst_period_month`, `inst_first_installment_date`, `inst_date`, `inst_num`, `inst_amt_pay`, `inst_amt_principle`, `inst_amt_interest`, `inst_amt_balance`, `inst_amt_penalty`, `inst_cancel_yn`, `sell_id`, `regDt`, `upDt`, `useYn`, `regUsr`, `upUsr`, `com_id`, `inst_type`, `inst_pay_per`, `inst_dis_amt`, `inst_dis_per`, `inst_loan_amount_per`, `inst_paid_yn`) VALUES
(1158, 47100, 0, 18, '2020-02-01', '2020-04-01', 5, 2309, 2309, 0, 142223, NULL, NULL, 63, '2020-01-04 16:27:59', NULL, 'Y', 4, NULL, 1, 'ADV', 1.47, 0, 0, NULL, 'N'),
(1159, 47100, 0, 18, '2020-02-01', '2020-05-01', 6, 2309, 2309, 0, 139914, NULL, NULL, 63, '2020-01-04 16:27:59', NULL, 'Y', 4, NULL, 1, 'ADV', 1.47, 0, 0, NULL, 'N'),
(1160, 47100, 0, 18, '2020-02-01', '2020-06-01', 7, 2309, 2309, 0, 137605, NULL, NULL, 63, '2020-01-04 16:27:59', NULL, 'Y', 4, NULL, 1, 'ADV', 1.47, 0, 0, NULL, 'N'),
(1161, 47100, 0, 18, '2020-02-01', '2020-07-01', 8, 2309, 2309, 0, 135296, NULL, NULL, 63, '2020-01-04 16:27:59', NULL, 'Y', 4, NULL, 1, 'ADV', 1.47, 0, 0, NULL, 'N'),
(1162, 47100, 0, 18, '2020-02-01', '2020-08-01', 9, 2309, 2309, 0, 132987, NULL, NULL, 63, '2020-01-04 16:27:59', NULL, 'Y', 4, NULL, 1, 'ADV', 1.47, 0, 0, NULL, 'N'),
(1163, 47100, 0, 18, '2020-02-01', '2020-09-01', 10, 2309, 2309, 0, 130678, NULL, NULL, 63, '2020-01-04 16:27:59', NULL, 'Y', 4, NULL, 1, 'ADV', 1.47, 0, 0, NULL, 'N'),
(1164, 47100, 0, 18, '2020-02-01', '2020-10-01', 11, 2309, 2309, 0, 128369, NULL, NULL, 63, '2020-01-04 16:27:59', NULL, 'Y', 4, NULL, 1, 'ADV', 1.47, 0, 0, NULL, 'N'),
(1165, 47100, 0, 18, '2020-02-01', '2020-11-01', 12, 2309, 2309, 0, 126060, NULL, NULL, 63, '2020-01-04 16:27:59', NULL, 'Y', 4, NULL, 1, 'ADV', 1.47, 0, 0, NULL, 'N'),
(1166, 47100, 0, 18, '2020-02-01', '2020-12-01', 13, 2309, 2309, 0, 123751, NULL, NULL, 63, '2020-01-04 16:27:59', NULL, 'Y', 4, NULL, 1, 'ADV', 1.47, 0, 0, NULL, 'N'),
(1167, 47100, 0, 18, '2020-02-01', '2021-01-01', 14, 2309, 2309, 0, 121442, NULL, NULL, 63, '2020-01-04 16:27:59', NULL, 'Y', 4, NULL, 1, 'ADV', 1.47, 0, 0, NULL, 'N'),
(1168, 47100, 0, 18, '2020-02-01', '2021-02-01', 15, 2309, 2309, 0, 119133, NULL, NULL, 63, '2020-01-04 16:27:59', NULL, 'Y', 4, NULL, 1, 'ADV', 1.47, 0, 0, NULL, 'N'),
(1169, 47100, 0, 18, '2020-02-01', '2021-03-01', 16, 2309, 2309, 0, 116824, NULL, NULL, 63, '2020-01-04 16:27:59', NULL, 'Y', 4, NULL, 1, 'ADV', 1.47, 0, 0, NULL, 'N'),
(1170, 47100, 0, 18, '2020-02-01', '2021-04-01', 17, 2309, 2309, 0, 114515, NULL, NULL, 63, '2020-01-04 16:27:59', NULL, 'Y', 4, NULL, 1, 'ADV', 1.47, 0, 0, NULL, 'N'),
(1171, 47100, 0, 18, '2020-02-01', '2021-05-01', 18, 2309, 2309, 0, 112206, NULL, NULL, 63, '2020-01-04 16:27:59', NULL, 'Y', 4, NULL, 1, 'ADV', 1.47, 0, 0, NULL, 'N'),
(1172, 47100, 0, 18, '2020-02-01', '2021-06-01', 19, 2306, 2306, 0, 109900, NULL, NULL, 63, '2020-01-04 16:27:59', NULL, 'Y', 4, NULL, 1, 'ADV', 1.47, 0, 0, NULL, 'N'),
(1173, 109900, 0, 1, '2020-02-01', '2021-07-01', 20, 109900, 109900, 0, 0, NULL, NULL, 63, '2020-01-04 16:27:59', NULL, 'Y', 4, NULL, 1, 'LEFT', 70, 0, 0, NULL, 'N'),
(1174, 49800, 0, 16, '2020-02-15', '2020-01-10', 1, 8300, 8300, 0, 157700, NULL, NULL, 64, '2020-01-10 10:09:41', '2020-01-10 10:12:32', 'Y', 3, 3, 1, 'ADV', 5, 0, 0, NULL, 'Y'),
(1175, 49800, 0, 16, '2020-02-15', '2020-02-15', 2, 2767, 2767, 0, 154933, NULL, NULL, 64, '2020-01-10 10:09:41', '2020-01-15 08:48:09', 'Y', 3, 3, 1, 'ADV', 1.67, 0, 0, NULL, 'Y'),
(1176, 49800, 0, 16, '2020-02-15', '2020-03-15', 3, 2767, 2767, 0, 152166, NULL, NULL, 64, '2020-01-10 10:09:41', NULL, 'Y', 3, NULL, 1, 'ADV', 1.67, 0, 0, NULL, 'N'),
(1177, 49800, 0, 16, '2020-02-15', '2020-04-15', 4, 2767, 2767, 0, 149399, NULL, NULL, 64, '2020-01-10 10:09:41', NULL, 'Y', 3, NULL, 1, 'ADV', 1.67, 0, 0, NULL, 'N'),
(1178, 49800, 0, 16, '2020-02-15', '2020-05-15', 5, 2767, 2767, 0, 146632, NULL, NULL, 64, '2020-01-10 10:09:41', NULL, 'Y', 3, NULL, 1, 'ADV', 1.67, 0, 0, NULL, 'N'),
(1179, 49800, 0, 16, '2020-02-15', '2020-06-15', 6, 2767, 2767, 0, 143865, NULL, NULL, 64, '2020-01-10 10:09:41', NULL, 'Y', 3, NULL, 1, 'ADV', 1.67, 0, 0, NULL, 'N'),
(1180, 49800, 0, 16, '2020-02-15', '2020-07-15', 7, 2767, 2767, 0, 141098, NULL, NULL, 64, '2020-01-10 10:09:41', NULL, 'Y', 3, NULL, 1, 'ADV', 1.67, 0, 0, NULL, 'N'),
(1181, 49800, 0, 16, '2020-02-15', '2020-08-15', 8, 2767, 2767, 0, 138331, NULL, NULL, 64, '2020-01-10 10:09:41', NULL, 'Y', 3, NULL, 1, 'ADV', 1.67, 0, 0, NULL, 'N'),
(1182, 49800, 0, 16, '2020-02-15', '2020-09-15', 9, 2767, 2767, 0, 135564, NULL, NULL, 64, '2020-01-10 10:09:41', NULL, 'Y', 3, NULL, 1, 'ADV', 1.67, 0, 0, NULL, 'N'),
(1183, 49800, 0, 16, '2020-02-15', '2020-10-15', 10, 2767, 2767, 0, 132797, NULL, NULL, 64, '2020-01-10 10:09:41', NULL, 'Y', 3, NULL, 1, 'ADV', 1.67, 0, 0, NULL, 'N'),
(1184, 49800, 0, 16, '2020-02-15', '2020-11-15', 11, 2767, 2767, 0, 130030, NULL, NULL, 64, '2020-01-10 10:09:41', NULL, 'Y', 3, NULL, 1, 'ADV', 1.67, 0, 0, NULL, 'N'),
(1185, 49800, 0, 16, '2020-02-15', '2020-12-15', 12, 2767, 2767, 0, 127263, NULL, NULL, 64, '2020-01-10 10:09:41', NULL, 'Y', 3, NULL, 1, 'ADV', 1.67, 0, 0, NULL, 'N'),
(1186, 49800, 0, 16, '2020-02-15', '2021-01-15', 13, 2767, 2767, 0, 124496, NULL, NULL, 64, '2020-01-10 10:09:41', NULL, 'Y', 3, NULL, 1, 'ADV', 1.67, 0, 0, NULL, 'N'),
(1187, 49800, 0, 16, '2020-02-15', '2021-02-15', 14, 2767, 2767, 0, 121729, NULL, NULL, 64, '2020-01-10 10:09:41', NULL, 'Y', 3, NULL, 1, 'ADV', 1.67, 0, 0, NULL, 'N'),
(1188, 49800, 0, 16, '2020-02-15', '2021-03-15', 15, 2767, 2767, 0, 118962, NULL, NULL, 64, '2020-01-10 10:09:41', NULL, 'Y', 3, NULL, 1, 'ADV', 1.67, 0, 0, NULL, 'N'),
(1189, 49800, 0, 16, '2020-02-15', '2021-04-15', 16, 2762, 2762, 0, 116200, NULL, NULL, 64, '2020-01-10 10:09:41', NULL, 'Y', 3, NULL, 1, 'ADV', 1.67, 0, 0, NULL, 'N'),
(1190, 116200, 0, 1, '2020-02-15', '2021-05-15', 17, 116200, 116200, 0, 0, NULL, NULL, 64, '2020-01-10 10:09:41', NULL, 'Y', 3, NULL, 1, 'LEFT', 70, 0, 0, NULL, 'N'),
(1191, 2000, 0, 1, '2019-08-15', '2019-07-07', 1, 2000, 2000, 0, 78900, NULL, NULL, 65, '2020-01-16 11:58:08', NULL, 'Y', 3, NULL, 1, 'BOOK', 0, 0, 0, NULL, 'Y'),
(1192, 24270, 0, 3, '2019-08-15', '2019-07-15', 2, 4790, 4790, 0, 74110, NULL, NULL, 65, '2020-01-16 11:58:08', '2020-01-16 12:02:44', 'Y', 3, 3, 1, 'ADV', 10, 0, 0, NULL, 'Y'),
(1193, 24270, 0, 3, '2019-08-15', '2019-08-15', 3, 6790, 6790, 0, 67320, NULL, NULL, 65, '2020-01-16 11:58:08', '2020-01-16 12:03:31', 'Y', 3, 3, 1, 'ADV', 10, 0, 0, NULL, 'Y'),
(1194, 24270, 0, 3, '2019-08-15', '2019-09-15', 4, 6790, 6790, 0, 60530, NULL, NULL, 65, '2020-01-16 11:58:08', '2020-01-16 12:04:03', 'Y', 3, 3, 1, 'ADV', 10, 0, 0, NULL, 'Y'),
(1195, 56630, 0, 15, '2019-08-15', '2019-10-15', 5, 4035.33, 4035.33, 0, 56494.67, NULL, NULL, 65, '2020-01-16 11:58:08', '2020-01-16 12:04:44', 'Y', 3, 3, 1, 'LOAN', 4.99, 0, 0, NULL, 'Y'),
(1196, 56630, 0, 15, '2019-08-15', '2019-11-15', 6, 4035.33, 4035.33, 0, 52459.34, NULL, NULL, 65, '2020-01-16 11:58:08', '2020-01-16 12:05:12', 'Y', 3, 3, 1, 'LOAN', 4.99, 0, 0, NULL, 'Y'),
(1197, 56630, 0, 15, '2019-08-15', '2019-12-15', 7, 4035.33, 4035.33, 0, 48424.01, NULL, NULL, 65, '2020-01-16 11:58:08', '2020-01-16 12:06:08', 'Y', 3, 3, 1, 'LOAN', 4.99, 0, 0, NULL, 'Y'),
(1198, 56630, 0, 15, '2019-08-15', '2020-01-15', 8, 4035.33, 4035.33, 0, 44388.68, NULL, NULL, 65, '2020-01-16 11:58:08', '2020-01-16 12:06:46', 'Y', 3, 3, 1, 'LOAN', 4.99, 0, 0, NULL, 'Y'),
(1199, 56630, 0, 15, '2019-08-15', '2020-02-15', 9, 4035.33, 4035.33, 0, 40353.35, NULL, NULL, 65, '2020-01-16 11:58:08', '2020-02-20 09:34:33', 'Y', 3, 3, 1, 'LOAN', 4.99, 0, 0, NULL, 'Y'),
(1200, 56630, 0, 15, '2019-08-15', '2020-03-15', 10, 4035.33, 4035.33, 0, 36318.02, NULL, NULL, 65, '2020-01-16 11:58:08', NULL, 'Y', 3, NULL, 1, 'LOAN', 4.99, 0, 0, NULL, 'N'),
(1201, 56630, 0, 15, '2019-08-15', '2020-04-15', 11, 4035.33, 4035.33, 0, 32282.69, NULL, NULL, 65, '2020-01-16 11:58:08', NULL, 'Y', 3, NULL, 1, 'LOAN', 4.99, 0, 0, NULL, 'N'),
(1202, 56630, 0, 15, '2019-08-15', '2020-05-15', 12, 4035.33, 4035.33, 0, 28247.36, NULL, NULL, 65, '2020-01-16 11:58:08', NULL, 'Y', 3, NULL, 1, 'LOAN', 4.99, 0, 0, NULL, 'N'),
(1203, 56630, 0, 15, '2019-08-15', '2020-06-15', 13, 4035.33, 4035.33, 0, 24212.03, NULL, NULL, 65, '2020-01-16 11:58:08', NULL, 'Y', 3, NULL, 1, 'LOAN', 4.99, 0, 0, NULL, 'N'),
(1204, 56630, 0, 15, '2019-08-15', '2020-07-15', 14, 4035.33, 4035.33, 0, 20176.7, NULL, NULL, 65, '2020-01-16 11:58:08', NULL, 'Y', 3, NULL, 1, 'LOAN', 4.99, 0, 0, NULL, 'N'),
(1205, 56630, 0, 15, '2019-08-15', '2020-08-15', 15, 4035.33, 4035.33, 0, 16141.37, NULL, NULL, 65, '2020-01-16 11:58:08', NULL, 'Y', 3, NULL, 1, 'LOAN', 4.99, 0, 0, NULL, 'N'),
(1206, 56630, 0, 15, '2019-08-15', '2020-09-15', 16, 4035.33, 4035.33, 0, 12106.04, NULL, NULL, 65, '2020-01-16 11:58:08', NULL, 'Y', 3, NULL, 1, 'LOAN', 4.99, 0, 0, NULL, 'N'),
(1207, 56630, 0, 15, '2019-08-15', '2020-10-15', 17, 4035.33, 4035.33, 0, 8070.71, NULL, NULL, 65, '2020-01-16 11:58:08', NULL, 'Y', 3, NULL, 1, 'LOAN', 4.99, 0, 0, NULL, 'N'),
(1208, 56630, 0, 15, '2019-08-15', '2020-11-15', 18, 4035.33, 4035.33, 0, 4035.38, NULL, NULL, 65, '2020-01-16 11:58:08', NULL, 'Y', 3, NULL, 1, 'LOAN', 4.99, 0, 0, NULL, 'N'),
(1209, 56630, 0, 15, '2019-08-15', '2020-12-15', 19, 4035.38, 4035.38, 0, 0, NULL, NULL, 65, '2020-01-16 11:58:08', NULL, 'Y', 3, NULL, 1, 'LOAN', 4.99, 0, 0, NULL, 'N'),
(1210, 32700, 0, 1, '2019-08-15', '2019-07-15', 1, 32700, 32700, 0, 76300, NULL, NULL, 66, '2020-01-17 11:51:12', '2020-02-12 15:43:15', 'Y', 3, 3, 1, 'ADV', 30, 0, 0, NULL, 'Y'),
(1211, 76300, 0, 5, '2019-08-15', '2019-08-15', 2, 16350, 16350, 0, 59950, NULL, NULL, 66, '2020-01-17 11:51:12', '2020-02-12 15:43:41', 'Y', 3, 3, 1, 'LOAN', 15, 0, 0, NULL, 'Y'),
(1212, 76300, 0, 5, '2019-08-15', '2019-09-15', 3, 16350, 16350, 0, 43600, NULL, NULL, 66, '2020-01-17 11:51:12', '2020-02-12 15:44:05', 'Y', 3, 3, 1, 'LOAN', 15, 0, 0, NULL, 'Y'),
(1213, 76300, 0, 5, '2019-08-15', '2019-10-15', 4, 16350, 16350, 0, 27250, NULL, NULL, 66, '2020-01-17 11:51:12', '2020-02-12 15:44:44', 'Y', 3, 3, 1, 'LOAN', 15, 0, 0, NULL, 'Y'),
(1214, 76300, 0, 5, '2019-08-15', '2019-11-15', 5, 16350, 16350, 0, 10900, NULL, NULL, 66, '2020-01-17 11:51:12', '2020-02-12 15:45:17', 'Y', 3, 3, 1, 'LOAN', 15, 0, 0, NULL, 'Y'),
(1215, 76300, 0, 5, '2019-08-15', '2019-12-15', 6, 10900, 10900, 0, 0, NULL, NULL, 66, '2020-01-17 11:51:12', '2020-02-12 15:45:44', 'Y', 3, 3, 1, 'LOAN', 15, 0, 0, NULL, 'Y'),
(1216, 99000, 0, 6, '2019-08-15', '2019-02-15', 1, 29700, 29700, 0, 69300, NULL, NULL, 67, '2020-01-17 14:49:17', '2020-02-12 15:46:19', 'Y', 3, 3, 1, 'ADV', 30, 0, 0, NULL, 'Y'),
(1217, 99000, 0, 6, '2019-08-15', '2019-08-15', 2, 14850, 14850, 0, 54450, NULL, NULL, 67, '2020-01-17 14:49:17', '2020-02-12 15:46:45', 'Y', 3, 3, 1, 'ADV', 15, 0, 0, NULL, 'Y'),
(1218, 99000, 0, 6, '2019-08-15', '2019-09-15', 3, 14850, 14850, 0, 39600, NULL, NULL, 67, '2020-01-17 14:49:17', '2020-02-12 15:47:48', 'Y', 3, 3, 1, 'ADV', 15, 0, 0, NULL, 'Y'),
(1219, 99000, 0, 6, '2019-08-15', '2019-10-15', 4, 14850, 14850, 0, 24750, NULL, NULL, 67, '2020-01-17 14:49:17', '2020-02-12 15:48:36', 'Y', 3, 3, 1, 'ADV', 15, 0, 0, NULL, 'Y'),
(1220, 99000, 0, 6, '2019-08-15', '2019-11-15', 5, 14850, 14850, 0, 9900, NULL, NULL, 67, '2020-01-17 14:49:17', '2020-02-12 15:49:00', 'Y', 3, 3, 1, 'ADV', 15, 0, 0, NULL, 'Y'),
(1221, 99000, 0, 6, '2019-08-15', '2019-12-15', 6, 9900, 9900, 0, 0, NULL, NULL, 67, '2020-01-17 14:49:17', '2020-02-12 15:49:26', 'Y', 3, 3, 1, 'ADV', 10, 0, 0, NULL, 'Y'),
(1222, 1000, 0, 1, '2019-07-28', '2019-06-14', 1, 1000, 1000, 0, 129000, NULL, NULL, 68, '2020-01-17 15:01:02', NULL, 'Y', 3, NULL, 1, 'BOOK', 0, 0, 0, NULL, 'Y'),
(1223, 130000, 0, 6, '2019-07-28', '2019-06-28', 2, 38000, 38000, 0, 91000, NULL, NULL, 68, '2020-01-17 15:01:02', '2020-01-27 14:44:50', 'Y', 3, 3, 1, 'ADV', 30, 0, 0, NULL, 'Y'),
(1224, 130000, 0, 6, '2019-07-28', '2019-07-28', 3, 19500, 19500, 0, 71500, NULL, NULL, 68, '2020-01-17 15:01:02', '2020-01-27 14:45:23', 'Y', 3, 3, 1, 'ADV', 15, 0, 0, NULL, 'Y'),
(1225, 130000, 0, 6, '2019-07-28', '2019-08-28', 4, 19500, 19500, 0, 52000, NULL, NULL, 68, '2020-01-17 15:01:02', '2020-01-27 14:45:55', 'Y', 3, 3, 1, 'ADV', 15, 0, 0, NULL, 'Y'),
(1226, 130000, 0, 6, '2019-07-28', '2019-09-28', 5, 19500, 19500, 0, 32500, NULL, NULL, 68, '2020-01-17 15:01:02', '2020-01-27 14:46:20', 'Y', 3, 3, 1, 'ADV', 15, 0, 0, NULL, 'Y'),
(1227, 130000, 0, 6, '2019-07-28', '2019-10-28', 6, 19500, 19500, 0, 13000, NULL, NULL, 68, '2020-01-17 15:01:02', '2020-01-27 14:46:53', 'Y', 3, 3, 1, 'ADV', 15, 0, 0, NULL, 'Y'),
(1228, 130000, 0, 6, '2019-07-28', '2019-11-28', 7, 13000, 13000, 0, 0, NULL, NULL, 68, '2020-01-17 15:01:02', '2020-01-27 14:47:27', 'Y', 3, 3, 1, 'ADV', 10, 0, 0, NULL, 'Y'),
(1229, 1000, 0, 1, '2019-07-28', '2019-03-18', 1, 1000, 1000, 0, 84900, NULL, NULL, 69, '2020-01-17 15:05:50', NULL, 'Y', 3, NULL, 1, 'BOOK', 0, 0, 0, NULL, 'Y'),
(1230, 85900, 0, 6, '2019-07-28', '2019-06-28', 2, 24770, 24770, 0, 60130, NULL, NULL, 69, '2020-01-17 15:05:50', '2020-02-12 11:17:27', 'Y', 3, 3, 1, 'ADV', 30, 0, 0, NULL, 'Y'),
(1231, 85900, 0, 6, '2019-07-28', '2019-07-28', 3, 12885, 12885, 0, 47245, NULL, NULL, 69, '2020-01-17 15:05:50', '2020-02-12 11:19:54', 'Y', 3, 3, 1, 'ADV', 15, 0, 0, NULL, 'Y'),
(1232, 85900, 0, 6, '2019-07-28', '2019-08-28', 4, 12885, 12885, 0, 34360, NULL, NULL, 69, '2020-01-17 15:05:50', '2020-02-12 11:26:25', 'Y', 3, 3, 1, 'ADV', 15, 0, 0, NULL, 'Y'),
(1233, 85900, 0, 6, '2019-07-28', '2019-09-28', 5, 12885, 12885, 0, 21475, NULL, NULL, 69, '2020-01-17 15:05:50', '2020-02-12 11:26:50', 'Y', 3, 3, 1, 'ADV', 15, 0, 0, NULL, 'Y'),
(1234, 85900, 0, 6, '2019-07-28', '2019-10-28', 6, 12885, 12885, 0, 8590, NULL, NULL, 69, '2020-01-17 15:05:50', '2020-02-12 11:31:08', 'Y', 3, 3, 1, 'ADV', 15, 0, 0, NULL, 'Y'),
(1235, 85900, 0, 6, '2019-07-28', '2019-11-28', 7, 8590, 8590, 0, 0, NULL, NULL, 69, '2020-01-17 15:05:50', '2020-02-12 11:32:54', 'Y', 3, 3, 1, 'ADV', 10, 0, 0, NULL, 'Y'),
(1236, 1000, 0, 1, '2019-08-17', '2019-06-14', 1, 1000, 1000, 0, 89000, NULL, NULL, 70, '2020-01-17 15:14:49', NULL, 'Y', 3, NULL, 1, 'BOOK', 0, 0, 0, NULL, 'Y'),
(1237, 90000, 0, 6, '2019-08-17', '2019-07-17', 2, 26000, 26000, 0, 63000, NULL, NULL, 70, '2020-01-17 15:14:49', '2020-01-28 10:36:06', 'Y', 3, 3, 1, 'ADV', 30, 0, 0, NULL, 'Y'),
(1238, 90000, 0, 6, '2019-08-17', '2019-08-17', 3, 13500, 13500, 0, 49500, NULL, NULL, 70, '2020-01-17 15:14:49', '2020-01-28 10:36:50', 'Y', 3, 3, 1, 'ADV', 15, 0, 0, NULL, 'Y'),
(1239, 90000, 0, 6, '2019-08-17', '2019-09-17', 4, 13500, 13500, 0, 36000, NULL, NULL, 70, '2020-01-17 15:14:49', '2020-01-28 10:38:50', 'Y', 3, 3, 1, 'ADV', 15, 0, 0, NULL, 'Y'),
(1240, 90000, 0, 6, '2019-08-17', '2019-10-17', 5, 13500, 13500, 0, 22500, NULL, NULL, 70, '2020-01-17 15:14:49', '2020-01-28 10:42:18', 'Y', 3, 3, 1, 'ADV', 15, 0, 0, NULL, 'Y'),
(1241, 90000, 0, 6, '2019-08-17', '2019-11-17', 6, 13500, 13500, 0, 9000, NULL, NULL, 70, '2020-01-17 15:14:49', '2020-01-28 10:44:27', 'Y', 3, 3, 1, 'ADV', 15, 0, 0, NULL, 'Y'),
(1242, 90000, 0, 6, '2019-08-17', '2019-12-17', 7, 9000, 9000, 0, 0, NULL, NULL, 70, '2020-01-17 15:14:49', '2020-01-28 10:45:44', 'Y', 3, 3, 1, 'ADV', 10, 0, 0, NULL, 'Y'),
(1243, 2000, 0, 1, '2019-08-17', '2019-07-17', 1, 2000, 2000, 0, 91900, NULL, NULL, 71, '2020-01-17 15:17:49', NULL, 'Y', 3, NULL, 1, 'BOOK', 0, 0, 0, NULL, 'Y'),
(1244, 93900, 0, 6, '2019-08-17', '2019-07-17', 2, 26170, 26170, 0, 65730, NULL, NULL, 71, '2020-01-17 15:17:49', '2020-02-12 13:07:24', 'Y', 3, 3, 1, 'ADV', 30, 0, 0, NULL, 'Y'),
(1245, 93900, 0, 6, '2019-08-17', '2019-08-17', 3, 14085, 14085, 0, 51645, NULL, NULL, 71, '2020-01-17 15:17:49', '2020-02-12 13:09:06', 'Y', 3, 3, 1, 'ADV', 15, 0, 0, NULL, 'Y'),
(1246, 93900, 0, 6, '2019-08-17', '2019-09-17', 4, 14085, 14085, 0, 37560, NULL, NULL, 71, '2020-01-17 15:17:49', '2020-02-12 13:12:47', 'Y', 3, 3, 1, 'ADV', 15, 0, 0, NULL, 'Y'),
(1247, 93900, 0, 6, '2019-08-17', '2019-10-17', 5, 14085, 14085, 0, 23475, NULL, NULL, 71, '2020-01-17 15:17:49', '2020-02-12 15:14:28', 'Y', 3, 3, 1, 'ADV', 15, 0, 0, NULL, 'Y'),
(1248, 93900, 0, 6, '2019-08-17', '2019-11-17', 6, 14085, 14085, 0, 9390, NULL, NULL, 71, '2020-01-17 15:17:49', '2020-02-12 15:19:09', 'Y', 3, 3, 1, 'ADV', 15, 0, 0, NULL, 'Y'),
(1249, 93900, 0, 6, '2019-08-17', '2019-12-17', 7, 9390, 9390, 0, 0, NULL, NULL, 71, '2020-01-17 15:17:49', '2020-02-12 15:20:13', 'Y', 3, 3, 1, 'ADV', 10, 0, 0, NULL, 'Y'),
(1250, 2000, 0, 1, '2019-08-28', '2019-08-01', 1, 2000, 2000, 0, 93215, NULL, NULL, 72, '2020-01-17 15:46:53', NULL, 'Y', 3, NULL, 1, 'BOOK', 0, 0, 0, NULL, 'Y'),
(1251, 4760.75, 0, 1, '2019-08-28', '2019-08-08', 2, 2760.75, 2760.75, 0, 90454.25, NULL, NULL, 72, '2020-01-17 15:46:53', '2020-02-12 15:26:56', 'Y', 3, 3, 1, 'ADV', 5, 0, 0, NULL, 'Y'),
(1252, 90454.25, 0, 6, '2019-08-28', '2019-08-28', 3, 27136.28, 27136.28, 0, 63317.97, NULL, NULL, 72, '2020-01-17 15:46:53', '2020-02-12 15:27:51', 'Y', 3, 3, 1, 'LOAN', 0, 0, 0, NULL, 'Y'),
(1253, 90454.25, 0, 6, '2019-08-28', '2019-09-28', 4, 13568.14, 13568.14, 0, 49749.83, NULL, NULL, 72, '2020-01-17 15:46:53', '2020-02-12 15:28:22', 'Y', 3, 3, 1, 'LOAN', 14.25, 0, 0, NULL, 'Y'),
(1254, 90454.25, 0, 6, '2019-08-28', '2019-10-28', 5, 13568.14, 13568.14, 0, 36181.69, NULL, NULL, 72, '2020-01-17 15:46:53', '2020-02-12 15:28:50', 'Y', 3, 3, 1, 'LOAN', 14.25, 0, 0, NULL, 'Y'),
(1255, 90454.25, 0, 6, '2019-08-28', '2019-11-28', 6, 13568.14, 13568.14, 0, 22613.55, NULL, NULL, 72, '2020-01-17 15:46:53', '2020-02-12 15:29:20', 'Y', 3, 3, 1, 'LOAN', 14.25, 0, 0, NULL, 'Y'),
(1256, 90454.25, 0, 6, '2019-08-28', '2019-12-28', 7, 13568.14, 13568.14, 0, 9045.41, NULL, NULL, 72, '2020-01-17 15:46:53', '2020-02-12 15:30:20', 'Y', 3, 3, 1, 'LOAN', 14.25, 0, 0, NULL, 'Y'),
(1257, 90454.25, 0, 6, '2019-08-28', '2020-01-28', 8, 9045.41, 9045.41, 0, 0, NULL, NULL, 72, '2020-01-17 15:46:53', '2020-02-12 15:41:31', 'Y', 3, 3, 1, 'LOAN', 14.25, 0, 0, NULL, 'Y'),
(1258, 2000, 0, 1, '2019-08-28', '2019-08-01', 1, 2000, 2000, 0, 71900, NULL, NULL, 73, '2020-01-17 15:54:07', NULL, 'Y', 3, NULL, 1, 'BOOK', 0, 0, 0, NULL, 'Y'),
(1259, 3695, 0, 1, '2019-08-28', '2019-08-08', 2, 1695, 1695, 0, 70205, NULL, NULL, 73, '2020-01-17 15:54:07', '2020-02-12 15:36:49', 'Y', 3, 3, 1, 'ADV', 5, 0, 0, NULL, 'Y'),
(1260, 70205, 0, 6, '2019-08-28', '2019-08-28', 3, 21061.5, 21061.5, 0, 49143.5, NULL, NULL, 73, '2020-01-17 15:54:07', '2020-02-12 15:37:17', 'Y', 3, 3, 1, 'LOAN', 0.03, 0, 0, NULL, 'Y'),
(1261, 70205, 0, 6, '2019-08-28', '2019-09-28', 4, 10530.75, 10530.75, 0, 38612.75, NULL, NULL, 73, '2020-01-17 15:54:07', '2020-02-12 15:37:41', 'Y', 3, 3, 1, 'LOAN', 14.25, 0, 0, NULL, 'Y'),
(1262, 70205, 0, 6, '2019-08-28', '2019-10-28', 5, 10530.75, 10530.75, 0, 28082, NULL, NULL, 73, '2020-01-17 15:54:07', '2020-02-12 15:38:51', 'Y', 3, 3, 1, 'LOAN', 14.25, 0, 0, NULL, 'Y'),
(1263, 70205, 0, 6, '2019-08-28', '2019-11-28', 6, 10530.75, 10530.75, 0, 17551.25, NULL, NULL, 73, '2020-01-17 15:54:07', '2020-02-12 15:39:35', 'Y', 3, 3, 1, 'LOAN', 14.25, 0, 0, NULL, 'Y'),
(1264, 70205, 0, 6, '2019-08-28', '2019-12-28', 7, 10530.75, 10530.75, 0, 7020.5, NULL, NULL, 73, '2020-01-17 15:54:07', '2020-02-12 15:40:07', 'Y', 3, 3, 1, 'LOAN', 14.25, 0, 0, NULL, 'Y'),
(1265, 70205, 0, 6, '2019-08-28', '2020-01-28', 8, 7020.5, 7020.5, 0, 0, NULL, NULL, 73, '2020-01-17 15:54:07', '2020-02-12 15:40:31', 'Y', 3, 3, 1, 'LOAN', 14.25, 0, 0, NULL, 'Y'),
(1266, 2000, 0, 1, '2019-08-28', '2019-08-01', 1, 2000, 2000, 0, 71900, NULL, NULL, 74, '2020-01-17 15:57:16', NULL, 'Y', 3, NULL, 1, 'BOOK', 0, 0, 0, NULL, 'Y'),
(1267, 3695, 0, 1, '2019-08-28', '2019-08-08', 2, 1695, 1695, 0, 70205, NULL, NULL, 74, '2020-01-17 15:57:16', NULL, 'Y', 3, NULL, 1, 'ADV', 5, 0, 0, NULL, 'N'),
(1268, 70205, 0, 6, '2019-08-28', '2019-08-28', 3, 21061.5, 21061.5, 0, 49143.5, NULL, NULL, 74, '2020-01-17 15:57:16', NULL, 'Y', 3, NULL, 1, 'LOAN', 0, 0, 0, NULL, 'N'),
(1269, 70205, 0, 6, '2019-08-28', '2019-09-28', 4, 10530.75, 10530.75, 0, 38612.75, NULL, NULL, 74, '2020-01-17 15:57:16', NULL, 'Y', 3, NULL, 1, 'LOAN', 14.25, 0, 0, NULL, 'N'),
(1270, 70205, 0, 6, '2019-08-28', '2019-10-28', 5, 10530.75, 10530.75, 0, 28082, NULL, NULL, 74, '2020-01-17 15:57:16', NULL, 'Y', 3, NULL, 1, 'LOAN', 14.25, 0, 0, NULL, 'N'),
(1271, 70205, 0, 6, '2019-08-28', '2019-11-28', 6, 10530.75, 10530.75, 0, 17551.25, NULL, NULL, 74, '2020-01-17 15:57:16', NULL, 'Y', 3, NULL, 1, 'LOAN', 14.25, 0, 0, NULL, 'N'),
(1272, 70205, 0, 6, '2019-08-28', '2019-12-28', 7, 10530.75, 10530.75, 0, 7020.5, NULL, NULL, 74, '2020-01-17 15:57:16', NULL, 'Y', 3, NULL, 1, 'LOAN', 14.25, 0, 0, NULL, 'N'),
(1273, 70205, 0, 6, '2019-08-28', '2020-01-28', 8, 7020.5, 7020.5, 0, 0, NULL, NULL, 74, '2020-01-17 15:57:16', NULL, 'Y', 3, NULL, 1, 'LOAN', 14.25, 0, 0, NULL, 'N'),
(1274, 2000, 0, 1, '2019-08-28', '2019-08-01', 1, 2000, 2000, 0, 71900, NULL, NULL, 75, '2020-01-17 16:00:12', NULL, 'Y', 3, NULL, 1, 'BOOK', 0, 0, 0, NULL, 'Y'),
(1275, 3695, 0, 1, '2019-08-28', '2019-08-08', 2, 1695, 1695, 0, 70205, NULL, NULL, 75, '2020-01-17 16:00:12', '2020-02-12 15:31:44', 'Y', 3, 3, 1, 'ADV', 5, 0, 0, NULL, 'Y'),
(1276, 70205, 0, 6, '2019-08-28', '2019-08-28', 3, 21061.5, 21061.5, 0, 49143.5, NULL, NULL, 75, '2020-01-17 16:00:12', '2020-02-12 15:32:43', 'Y', 3, 3, 1, 'LOAN', 0, 0, 0, NULL, 'Y'),
(1277, 70205, 0, 6, '2019-08-28', '2019-09-28', 4, 10530.75, 10530.75, 0, 38612.75, NULL, NULL, 75, '2020-01-17 16:00:12', '2020-02-12 15:33:29', 'Y', 3, 3, 1, 'LOAN', 14.25, 0, 0, NULL, 'Y'),
(1278, 70205, 0, 6, '2019-08-28', '2019-10-28', 5, 10530.75, 10530.75, 0, 28082, NULL, NULL, 75, '2020-01-17 16:00:12', '2020-02-12 15:33:55', 'Y', 3, 3, 1, 'LOAN', 14.25, 0, 0, NULL, 'Y'),
(1279, 70205, 0, 6, '2019-08-28', '2019-11-28', 6, 10530.75, 10530.75, 0, 17551.25, NULL, NULL, 75, '2020-01-17 16:00:12', '2020-02-12 15:35:03', 'Y', 3, 3, 1, 'LOAN', 14.25, 0, 0, NULL, 'Y'),
(1280, 70205, 0, 6, '2019-08-28', '2019-12-28', 7, 10530.75, 10530.75, 0, 7020.5, NULL, NULL, 75, '2020-01-17 16:00:12', '2020-02-12 15:35:39', 'Y', 3, 3, 1, 'LOAN', 14.25, 0, 0, NULL, 'Y'),
(1281, 70205, 0, 6, '2019-08-28', '2020-01-28', 8, 7020.5, 7020.5, 0, 0, NULL, NULL, 75, '2020-01-17 16:00:12', '2020-02-12 15:36:16', 'Y', 3, 3, 1, 'LOAN', 14.25, 0, 0, NULL, 'Y'),
(1282, 91000, 0, 6, '2019-07-28', '2019-06-28', 1, 27300, 27300, 0, 63700, NULL, NULL, 76, '2020-01-17 16:30:33', '2020-02-12 15:21:57', 'Y', 3, 3, 1, 'ADV', 30, 0, 0, NULL, 'Y'),
(1283, 91000, 0, 6, '2019-07-28', '2019-07-28', 2, 13650, 13650, 0, 50050, NULL, NULL, 76, '2020-01-17 16:30:33', '2020-02-12 15:22:24', 'Y', 3, 3, 1, 'ADV', 15, 0, 0, NULL, 'Y'),
(1284, 91000, 0, 6, '2019-07-28', '2019-08-28', 3, 13650, 13650, 0, 36400, NULL, NULL, 76, '2020-01-17 16:30:33', '2020-02-12 15:24:17', 'Y', 3, 3, 1, 'ADV', 15, 0, 0, NULL, 'Y'),
(1285, 91000, 0, 6, '2019-07-28', '2019-09-28', 4, 13650, 13650, 0, 22750, NULL, NULL, 76, '2020-01-17 16:30:33', '2020-02-12 15:24:39', 'Y', 3, 3, 1, 'ADV', 15, 0, 0, NULL, 'Y'),
(1286, 91000, 0, 6, '2019-07-28', '2019-10-28', 5, 13650, 13650, 0, 9100, NULL, NULL, 76, '2020-01-17 16:30:33', '2020-02-12 15:25:30', 'Y', 3, 3, 1, 'ADV', 15, 0, 0, NULL, 'Y'),
(1287, 91000, 0, 6, '2019-07-28', '2019-11-28', 6, 9100, 9100, 0, 0, NULL, NULL, 76, '2020-01-17 16:30:33', '2020-02-12 15:25:57', 'Y', 3, 3, 1, 'ADV', 10, 0, 0, NULL, 'Y'),
(1288, 2000, 0, 1, '2020-02-01', '2020-01-12', 1, 2000, 2000, 0, 138000, NULL, NULL, 77, '2020-01-18 14:06:58', NULL, 'Y', 2, NULL, 1, 'BOOK', 0, 0, 0, NULL, 'Y'),
(1289, 42000, 0, 17, '2020-02-01', '2020-02-01', 2, 2353, 2353, 0, 135647, NULL, NULL, 77, '2020-01-18 14:06:58', NULL, 'Y', 2, NULL, 1, 'ADV', 3.11, 0, 0, NULL, 'N'),
(1290, 42000, 0, 17, '2020-02-01', '2020-03-01', 3, 2353, 2353, 0, 133294, NULL, NULL, 77, '2020-01-18 14:06:58', NULL, 'Y', 2, NULL, 1, 'ADV', 1.68, 0, 0, NULL, 'N'),
(1291, 42000, 0, 17, '2020-02-01', '2020-04-01', 4, 2353, 2353, 0, 130941, NULL, NULL, 77, '2020-01-18 14:06:58', NULL, 'Y', 2, NULL, 1, 'ADV', 1.68, 0, 0, NULL, 'N'),
(1292, 42000, 0, 17, '2020-02-01', '2020-05-01', 5, 2353, 2353, 0, 128588, NULL, NULL, 77, '2020-01-18 14:06:58', NULL, 'Y', 2, NULL, 1, 'ADV', 1.68, 0, 0, NULL, 'N'),
(1293, 42000, 0, 17, '2020-02-01', '2020-06-01', 6, 2353, 2353, 0, 126235, NULL, NULL, 77, '2020-01-18 14:06:58', NULL, 'Y', 2, NULL, 1, 'ADV', 1.68, 0, 0, NULL, 'N'),
(1294, 42000, 0, 17, '2020-02-01', '2020-07-01', 7, 2353, 2353, 0, 123882, NULL, NULL, 77, '2020-01-18 14:06:58', NULL, 'Y', 2, NULL, 1, 'ADV', 1.68, 0, 0, NULL, 'N'),
(1295, 42000, 0, 17, '2020-02-01', '2020-08-01', 8, 2353, 2353, 0, 121529, NULL, NULL, 77, '2020-01-18 14:06:58', NULL, 'Y', 2, NULL, 1, 'ADV', 1.68, 0, 0, NULL, 'N'),
(1296, 42000, 0, 17, '2020-02-01', '2020-09-01', 9, 2353, 2353, 0, 119176, NULL, NULL, 77, '2020-01-18 14:06:58', NULL, 'Y', 2, NULL, 1, 'ADV', 1.68, 0, 0, NULL, 'N'),
(1297, 42000, 0, 17, '2020-02-01', '2020-10-01', 10, 2353, 2353, 0, 116823, NULL, NULL, 77, '2020-01-18 14:06:58', NULL, 'Y', 2, NULL, 1, 'ADV', 1.68, 0, 0, NULL, 'N'),
(1298, 42000, 0, 17, '2020-02-01', '2020-11-01', 11, 2353, 2353, 0, 114470, NULL, NULL, 77, '2020-01-18 14:06:58', NULL, 'Y', 2, NULL, 1, 'ADV', 1.68, 0, 0, NULL, 'N'),
(1299, 42000, 0, 17, '2020-02-01', '2020-12-01', 12, 2353, 2353, 0, 112117, NULL, NULL, 77, '2020-01-18 14:06:58', NULL, 'Y', 2, NULL, 1, 'ADV', 1.68, 0, 0, NULL, 'N'),
(1300, 42000, 0, 17, '2020-02-01', '2021-01-01', 13, 2353, 2353, 0, 109764, NULL, NULL, 77, '2020-01-18 14:06:58', NULL, 'Y', 2, NULL, 1, 'ADV', 1.68, 0, 0, NULL, 'N'),
(1301, 42000, 0, 17, '2020-02-01', '2021-02-01', 14, 2353, 2353, 0, 107411, NULL, NULL, 77, '2020-01-18 14:06:58', NULL, 'Y', 2, NULL, 1, 'ADV', 1.68, 0, 0, NULL, 'N'),
(1302, 42000, 0, 17, '2020-02-01', '2021-03-01', 15, 2353, 2353, 0, 105058, NULL, NULL, 77, '2020-01-18 14:06:58', NULL, 'Y', 2, NULL, 1, 'ADV', 1.68, 0, 0, NULL, 'N'),
(1303, 42000, 0, 17, '2020-02-01', '2021-04-01', 16, 2353, 2353, 0, 102705, NULL, NULL, 77, '2020-01-18 14:06:58', NULL, 'Y', 2, NULL, 1, 'ADV', 1.68, 0, 0, NULL, 'N'),
(1304, 42000, 0, 17, '2020-02-01', '2021-05-01', 17, 2353, 2353, 0, 100352, NULL, NULL, 77, '2020-01-18 14:06:58', NULL, 'Y', 2, NULL, 1, 'ADV', 1.68, 0, 0, NULL, 'N'),
(1305, 42000, 0, 17, '2020-02-01', '2021-06-01', 18, 2352, 2352, 0, 98000, NULL, NULL, 77, '2020-01-18 14:06:58', NULL, 'Y', 2, NULL, 1, 'ADV', 1.68, 0, 0, NULL, 'N'),
(1306, 98000, 0, 1, '2020-02-01', '2021-07-01', 19, 98000, 98000, 0, 0, NULL, NULL, 77, '2020-01-18 14:06:58', NULL, 'Y', 2, NULL, 1, 'LEFT', 70, 0, 0, NULL, 'N'),
(1307, 2000, 0, 1, '2020-03-01', '2020-01-19', 1, 2000, 2000, 0, 137000, NULL, NULL, 78, '2020-01-19 11:05:42', NULL, 'Y', 4, NULL, 1, 'BOOK', 0, 0, 0, NULL, 'Y'),
(1308, 41700, 0, 17, '2020-03-01', '2020-01-19', 2, 1000, 1000, 0, 136000, NULL, NULL, 78, '2020-01-19 11:05:42', NULL, 'Y', 4, NULL, 1, 'ADV', 2.16, 0, 0, NULL, 'N'),
(1309, 41700, 0, 17, '2020-03-01', '2020-03-01', 3, 1000, 1000, 0, 135000, NULL, NULL, 78, '2020-01-19 11:05:42', NULL, 'Y', 4, NULL, 1, 'ADV', 2.16, 0, 0, NULL, 'N'),
(1310, 41700, 0, 17, '2020-03-01', '2020-04-01', 4, 1000, 1000, 0, 134000, NULL, NULL, 78, '2020-01-19 11:05:42', NULL, 'Y', 4, NULL, 1, 'ADV', 2.16, 0, 0, NULL, 'N'),
(1311, 41700, 0, 17, '2020-03-01', '2020-05-01', 5, 1000, 1000, 0, 133000, NULL, NULL, 78, '2020-01-19 11:05:42', NULL, 'Y', 4, NULL, 1, 'ADV', 2.16, 0, 0, NULL, 'N'),
(1312, 41700, 0, 17, '2020-03-01', '2020-06-01', 6, 1000, 1000, 0, 132000, NULL, NULL, 78, '2020-01-19 11:05:42', NULL, 'Y', 4, NULL, 1, 'ADV', 2.16, 0, 0, NULL, 'N'),
(1313, 41700, 0, 17, '2020-03-01', '2020-07-01', 7, 1000, 1000, 0, 131000, NULL, NULL, 78, '2020-01-19 11:05:42', NULL, 'Y', 4, NULL, 1, 'ADV', 2.16, 0, 0, NULL, 'N'),
(1314, 41700, 0, 17, '2020-03-01', '2020-08-01', 8, 1000, 1000, 0, 130000, NULL, NULL, 78, '2020-01-19 11:05:42', NULL, 'Y', 4, NULL, 1, 'ADV', 2.16, 0, 0, NULL, 'N'),
(1315, 41700, 0, 17, '2020-03-01', '2020-09-01', 9, 1000, 1000, 0, 129000, NULL, NULL, 78, '2020-01-19 11:05:42', NULL, 'Y', 4, NULL, 1, 'ADV', 2.16, 0, 0, NULL, 'N'),
(1316, 41700, 0, 17, '2020-03-01', '2020-10-01', 10, 1000, 1000, 0, 128000, NULL, NULL, 78, '2020-01-19 11:05:42', NULL, 'Y', 4, NULL, 1, 'ADV', 2.16, 0, 0, NULL, 'N'),
(1317, 41700, 0, 17, '2020-03-01', '2020-11-01', 11, 1000, 1000, 0, 127000, NULL, NULL, 78, '2020-01-19 11:05:42', NULL, 'Y', 4, NULL, 1, 'ADV', 2.16, 0, 0, NULL, 'N'),
(1318, 41700, 0, 17, '2020-03-01', '2020-12-01', 12, 1000, 1000, 0, 126000, NULL, NULL, 78, '2020-01-19 11:05:42', NULL, 'Y', 4, NULL, 1, 'ADV', 2.16, 0, 0, NULL, 'N'),
(1319, 41700, 0, 17, '2020-03-01', '2021-01-01', 13, 1000, 1000, 0, 125000, NULL, NULL, 78, '2020-01-19 11:05:42', NULL, 'Y', 4, NULL, 1, 'ADV', 2.16, 0, 0, NULL, 'N'),
(1320, 41700, 0, 17, '2020-03-01', '2021-02-01', 14, 1000, 1000, 0, 124000, NULL, NULL, 78, '2020-01-19 11:05:42', NULL, 'Y', 4, NULL, 1, 'ADV', 2.16, 0, 0, NULL, 'N'),
(1321, 41700, 0, 17, '2020-03-01', '2021-03-01', 15, 1000, 1000, 0, 123000, NULL, NULL, 78, '2020-01-19 11:05:42', NULL, 'Y', 4, NULL, 1, 'ADV', 2.16, 0, 0, NULL, 'N'),
(1322, 41700, 0, 17, '2020-03-01', '2021-04-01', 16, 1000, 1000, 0, 122000, NULL, NULL, 78, '2020-01-19 11:05:42', NULL, 'Y', 4, NULL, 1, 'ADV', 2.16, 0, 0, NULL, 'N'),
(1323, 41700, 0, 17, '2020-03-01', '2021-05-01', 17, 1000, 1000, 0, 121000, NULL, NULL, 78, '2020-01-19 11:05:42', NULL, 'Y', 4, NULL, 1, 'ADV', 2.16, 0, 0, NULL, 'N'),
(1324, 41700, 0, 17, '2020-03-01', '2021-06-01', 18, 23700, 23700, 0, 97300, NULL, NULL, 78, '2020-01-19 11:05:42', NULL, 'Y', 4, NULL, 1, 'ADV', 2.16, 0, 0, NULL, 'N'),
(1325, 97300, 0, 1, '2020-03-01', '2021-07-01', 19, 97300, 97300, 0, 0, NULL, NULL, 78, '2020-01-19 11:05:42', NULL, 'Y', 4, NULL, 1, 'LEFT', 70, 0, 0, NULL, 'N'),
(1326, 2000, 0, 1, '2020-01-25', '2020-01-19', 1, 2000, 2000, 0, 137000, NULL, NULL, 79, '2020-01-20 11:39:50', NULL, 'Y', 3, NULL, 1, 'BOOK', 0, 0, 0, NULL, 'Y'),
(1327, 41700, 0, 17, '2020-01-25', '2020-01-25', 2, 1000, 1000, 0, 136000, NULL, NULL, 79, '2020-01-20 11:39:50', '2020-01-28 17:08:25', 'Y', 3, 3, 1, 'ADV', 2.16, 0, 0, NULL, 'Y'),
(1328, 41700, 0, 17, '2020-01-25', '2020-03-01', 3, 1000, 1000, 0, 135000, NULL, NULL, 79, '2020-01-20 11:39:50', NULL, 'Y', 3, NULL, 1, 'ADV', 0.72, 0, 0, NULL, 'N'),
(1329, 41700, 0, 17, '2020-01-25', '2020-04-01', 4, 1000, 1000, 0, 134000, NULL, NULL, 79, '2020-01-20 11:39:50', NULL, 'Y', 3, NULL, 1, 'ADV', 0.72, 0, 0, NULL, 'N'),
(1330, 41700, 0, 17, '2020-01-25', '2020-05-01', 5, 1000, 1000, 0, 133000, NULL, NULL, 79, '2020-01-20 11:39:50', NULL, 'Y', 3, NULL, 1, 'ADV', 0.72, 0, 0, NULL, 'N'),
(1331, 41700, 0, 17, '2020-01-25', '2020-06-01', 6, 1000, 1000, 0, 132000, NULL, NULL, 79, '2020-01-20 11:39:50', NULL, 'Y', 3, NULL, 1, 'ADV', 0.72, 0, 0, NULL, 'N'),
(1332, 41700, 0, 17, '2020-01-25', '2020-07-01', 7, 1000, 1000, 0, 131000, NULL, NULL, 79, '2020-01-20 11:39:50', NULL, 'Y', 3, NULL, 1, 'ADV', 0.72, 0, 0, NULL, 'N'),
(1333, 41700, 0, 17, '2020-01-25', '2020-08-01', 8, 1000, 1000, 0, 130000, NULL, NULL, 79, '2020-01-20 11:39:50', NULL, 'Y', 3, NULL, 1, 'ADV', 0.72, 0, 0, NULL, 'N'),
(1334, 41700, 0, 17, '2020-01-25', '2020-09-01', 9, 1000, 1000, 0, 129000, NULL, NULL, 79, '2020-01-20 11:39:50', NULL, 'Y', 3, NULL, 1, 'ADV', 0.72, 0, 0, NULL, 'N'),
(1335, 41700, 0, 17, '2020-01-25', '2020-10-01', 10, 1000, 1000, 0, 128000, NULL, NULL, 79, '2020-01-20 11:39:50', NULL, 'Y', 3, NULL, 1, 'ADV', 0.72, 0, 0, NULL, 'N'),
(1336, 41700, 0, 17, '2020-01-25', '2020-11-01', 11, 1000, 1000, 0, 127000, NULL, NULL, 79, '2020-01-20 11:39:50', NULL, 'Y', 3, NULL, 1, 'ADV', 0.72, 0, 0, NULL, 'N'),
(1337, 41700, 0, 17, '2020-01-25', '2020-12-01', 12, 1000, 1000, 0, 126000, NULL, NULL, 79, '2020-01-20 11:39:50', NULL, 'Y', 3, NULL, 1, 'ADV', 0.72, 0, 0, NULL, 'N'),
(1338, 41700, 0, 17, '2020-01-25', '2021-01-01', 13, 1000, 1000, 0, 125000, NULL, NULL, 79, '2020-01-20 11:39:50', NULL, 'Y', 3, NULL, 1, 'ADV', 0.72, 0, 0, NULL, 'N'),
(1339, 41700, 0, 17, '2020-01-25', '2021-02-01', 14, 1000, 1000, 0, 124000, NULL, NULL, 79, '2020-01-20 11:39:50', NULL, 'Y', 3, NULL, 1, 'ADV', 0.72, 0, 0, NULL, 'N'),
(1340, 41700, 0, 17, '2020-01-25', '2021-03-01', 15, 1000, 1000, 0, 123000, NULL, NULL, 79, '2020-01-20 11:39:50', NULL, 'Y', 3, NULL, 1, 'ADV', 0.72, 0, 0, NULL, 'N'),
(1341, 41700, 0, 17, '2020-01-25', '2021-04-01', 16, 1000, 1000, 0, 122000, NULL, NULL, 79, '2020-01-20 11:39:50', NULL, 'Y', 3, NULL, 1, 'ADV', 0.72, 0, 0, NULL, 'N'),
(1342, 41700, 0, 17, '2020-01-25', '2021-05-01', 17, 1000, 1000, 0, 121000, NULL, NULL, 79, '2020-01-20 11:39:50', NULL, 'Y', 3, NULL, 1, 'ADV', 0.72, 0, 0, NULL, 'N'),
(1343, 41700, 0, 17, '2020-01-25', '2021-06-01', 18, 23700, 23700, 0, 97300, NULL, NULL, 79, '2020-01-20 11:39:50', NULL, 'Y', 3, NULL, 1, 'ADV', 17.05, 0, 0, NULL, 'N'),
(1344, 97300, 0, 1, '2020-01-25', '2021-07-01', 19, 97300, 97300, 0, 0, NULL, NULL, 79, '2020-01-20 11:39:50', NULL, 'Y', 3, NULL, 1, 'LEFT', 70, 0, 0, NULL, 'N'),
(1345, 2000, 0, 1, '2019-08-01', '2019-07-01', 1, 2000, 2000, 0, 128000, NULL, NULL, 80, '2020-02-03 10:45:31', NULL, 'Y', 3, NULL, 1, 'BOOK', 0, 0, 0, NULL, 'Y'),
(1346, 26000, 0, 2, '2019-08-01', '2019-07-08', 2, 11000, 11000, 0, 117000, NULL, NULL, 80, '2020-02-03 10:45:31', '2020-02-12 11:38:21', 'Y', 3, 3, 1, 'ADV', 10, 0, 0, NULL, 'Y'),
(1347, 26000, 0, 2, '2019-08-01', '2019-08-01', 3, 13000, 13000, 0, 104000, NULL, NULL, 80, '2020-02-03 10:45:31', '2020-02-12 11:38:59', 'Y', 3, 3, 1, 'ADV', 10, 0, 0, NULL, 'Y'),
(1348, 104000, 0, 6, '2019-08-01', '2019-09-01', 4, 31200, 31200, 0, 72800, NULL, NULL, 80, '2020-02-03 10:45:31', '2020-02-12 12:46:56', 'Y', 3, 3, 1, 'LOAN', 0, 0, 0, NULL, 'Y'),
(1349, 104000, 0, 6, '2019-08-01', '2019-10-01', 5, 15600, 15600, 0, 57200, NULL, NULL, 80, '2020-02-03 10:45:31', '2020-02-12 12:47:42', 'Y', 3, 3, 1, 'LOAN', 12, 0, 0, NULL, 'Y'),
(1350, 104000, 0, 6, '2019-08-01', '2019-11-01', 6, 15600, 15600, 0, 41600, NULL, NULL, 80, '2020-02-03 10:45:31', '2020-02-12 12:51:05', 'Y', 3, 3, 1, 'LOAN', 12, 0, 0, NULL, 'Y'),
(1351, 104000, 0, 6, '2019-08-01', '2019-12-01', 7, 15600, 15600, 0, 26000, NULL, NULL, 80, '2020-02-03 10:45:31', '2020-02-12 12:52:38', 'Y', 3, 3, 1, 'LOAN', 12, 0, 0, NULL, 'Y'),
(1352, 104000, 0, 6, '2019-08-01', '2020-01-01', 8, 15600, 15600, 0, 10400, NULL, NULL, 80, '2020-02-03 10:45:31', '2020-02-12 13:00:39', 'Y', 3, 3, 1, 'LOAN', 12, 0, 0, NULL, 'Y'),
(1353, 104000, 0, 6, '2019-08-01', '2020-02-01', 9, 10400, 10400, 0, 0, NULL, NULL, 80, '2020-02-03 10:45:31', '2020-02-12 13:01:38', 'Y', 3, 3, 1, 'LOAN', 12, 0, 0, NULL, 'Y'),
(1354, 2000, 0, 1, '2019-08-01', '2019-06-23', 1, 2000, 2000, 0, 97000, NULL, NULL, 81, '2020-02-03 11:27:08', NULL, 'Y', 3, NULL, 1, 'BOOK', 0, 0, 0, NULL, 'Y'),
(1355, 9900, 0, 1, '2019-08-01', '2019-07-01', 2, 7900, 7900, 0, 89100, NULL, NULL, 81, '2020-02-03 11:27:08', NULL, 'Y', 3, NULL, 1, 'ADV', 10, 0, 0, NULL, 'N'),
(1356, 89100, 1, 2, '2019-08-01', '2019-08-01', 3, 44605.7, 44531.45, 74.25, 44568.55, NULL, NULL, 81, '2020-02-03 11:27:08', NULL, 'Y', 3, NULL, 1, 'LOAN', 0, 0, 0, NULL, 'N'),
(1357, 89100, 1, 2, '2019-08-01', '2019-09-01', 4, 44605.7, 44568.56, 37.14, 0, NULL, NULL, 81, '2020-02-03 11:27:08', NULL, 'Y', 3, NULL, 1, 'LOAN', 0, 0, 0, NULL, 'N'),
(1358, 2000, 0, 1, '2019-09-01', '2019-07-28', 1, 2000, 2000, 0, 113000, NULL, NULL, 82, '2020-02-03 15:04:33', NULL, 'Y', 3, NULL, 1, 'BOOK', 0, 0, 0, NULL, 'Y'),
(1359, 34500, 0, 1, '2019-09-01', '2019-08-01', 2, 31810, 31810, 0, 80500, NULL, NULL, 82, '2020-02-03 15:04:33', NULL, 'Y', 3, NULL, 1, 'ADV', 30, 690, 2, NULL, 'N'),
(1360, 80500, 0, 1, '2019-09-01', '2019-09-01', 3, 80500, 80500, 0, 0, NULL, NULL, 82, '2020-02-03 15:04:33', NULL, 'Y', 3, NULL, 1, 'LOAN', 0, 0, 0, NULL, 'N'),
(1361, 80400, 0, 3, '2019-08-15', '2019-07-21', 1, 26800, 26800, 0, 241200, NULL, NULL, 83, '2020-02-03 15:46:01', NULL, 'Y', 3, NULL, 1, 'ADV', 10, 0, 0, NULL, 'N'),
(1362, 80400, 0, 3, '2019-08-15', '2019-08-15', 2, 26800, 26800, 0, 214400, NULL, NULL, 83, '2020-02-03 15:46:01', NULL, 'Y', 3, NULL, 1, 'ADV', 10, 0, 0, NULL, 'N'),
(1363, 80400, 0, 3, '2019-08-15', '2019-09-15', 3, 26800, 26800, 0, 187600, NULL, NULL, 83, '2020-02-03 15:46:01', NULL, 'Y', 3, NULL, 1, 'ADV', 10, 0, 0, NULL, 'N'),
(1364, 187600, 0, 1, '2019-08-15', '2019-10-15', 4, 187600, 187600, 0, 0, NULL, NULL, 83, '2020-02-03 15:46:01', NULL, 'Y', 3, NULL, 1, 'LOAN', 0, 0, 0, NULL, 'N'),
(1365, 2000, 0, 1, '2019-12-15', '2019-11-17', 1, 2000, 2000, 0, 90900, NULL, NULL, 84, '2020-02-08 13:57:10', NULL, 'Y', 3, NULL, 1, 'BOOK', 0, 0, 0, NULL, 'Y'),
(1366, 27870, 0, 18, '2019-12-15', '2019-11-23', 2, 2645, 2645, 0, 88255, NULL, NULL, 84, '2020-02-08 13:57:10', '2020-02-08 14:02:03', 'Y', 3, 3, 1, 'ADV', 5, 0, 0, NULL, 'Y'),
(1367, 27870, 0, 18, '2019-12-15', '2019-12-15', 3, 1367, 1367, 0, 86888, NULL, NULL, 84, '2020-02-08 13:57:10', '2020-02-08 14:02:45', 'Y', 3, 3, 1, 'ADV', 1.47, 0, 0, NULL, 'Y'),
(1368, 27870, 0, 18, '2019-12-15', '2020-01-15', 4, 1367, 1367, 0, 85521, NULL, NULL, 84, '2020-02-08 13:57:10', '2020-02-08 14:03:41', 'Y', 3, 3, 1, 'ADV', 1.47, 0, 0, NULL, 'Y'),
(1369, 27870, 0, 18, '2019-12-15', '2020-02-15', 5, 1367, 1367, 0, 84154, NULL, NULL, 84, '2020-02-08 13:57:10', '2020-02-19 09:33:25', 'Y', 3, 3, 1, 'ADV', 1.47, 0, 0, NULL, 'Y'),
(1370, 27870, 0, 18, '2019-12-15', '2020-03-15', 6, 1367, 1367, 0, 82787, NULL, NULL, 84, '2020-02-08 13:57:10', NULL, 'Y', 3, NULL, 1, 'ADV', 1.47, 0, 0, NULL, 'N'),
(1371, 27870, 0, 18, '2019-12-15', '2020-04-15', 7, 1367, 1367, 0, 81420, NULL, NULL, 84, '2020-02-08 13:57:10', NULL, 'Y', 3, NULL, 1, 'ADV', 1.47, 0, 0, NULL, 'N'),
(1372, 27870, 0, 18, '2019-12-15', '2020-05-15', 8, 1367, 1367, 0, 80053, NULL, NULL, 84, '2020-02-08 13:57:10', NULL, 'Y', 3, NULL, 1, 'ADV', 1.47, 0, 0, NULL, 'N'),
(1373, 27870, 0, 18, '2019-12-15', '2020-06-15', 9, 1367, 1367, 0, 78686, NULL, NULL, 84, '2020-02-08 13:57:10', NULL, 'Y', 3, NULL, 1, 'ADV', 1.47, 0, 0, NULL, 'N'),
(1374, 27870, 0, 18, '2019-12-15', '2020-07-15', 10, 1367, 1367, 0, 77319, NULL, NULL, 84, '2020-02-08 13:57:10', NULL, 'Y', 3, NULL, 1, 'ADV', 1.47, 0, 0, NULL, 'N'),
(1375, 27870, 0, 18, '2019-12-15', '2020-08-15', 11, 1367, 1367, 0, 75952, NULL, NULL, 84, '2020-02-08 13:57:10', NULL, 'Y', 3, NULL, 1, 'ADV', 1.47, 0, 0, NULL, 'N'),
(1376, 27870, 0, 18, '2019-12-15', '2020-09-15', 12, 1367, 1367, 0, 74585, NULL, NULL, 84, '2020-02-08 13:57:10', NULL, 'Y', 3, NULL, 1, 'ADV', 1.47, 0, 0, NULL, 'N'),
(1377, 27870, 0, 18, '2019-12-15', '2020-10-15', 13, 1367, 1367, 0, 73218, NULL, NULL, 84, '2020-02-08 13:57:10', NULL, 'Y', 3, NULL, 1, 'ADV', 1.47, 0, 0, NULL, 'N'),
(1378, 27870, 0, 18, '2019-12-15', '2020-11-15', 14, 1367, 1367, 0, 71851, NULL, NULL, 84, '2020-02-08 13:57:10', NULL, 'Y', 3, NULL, 1, 'ADV', 1.47, 0, 0, NULL, 'N'),
(1379, 27870, 0, 18, '2019-12-15', '2020-12-15', 15, 1367, 1367, 0, 70484, NULL, NULL, 84, '2020-02-08 13:57:10', NULL, 'Y', 3, NULL, 1, 'ADV', 1.47, 0, 0, NULL, 'N'),
(1380, 27870, 0, 18, '2019-12-15', '2021-01-15', 16, 1367, 1367, 0, 69117, NULL, NULL, 84, '2020-02-08 13:57:10', NULL, 'Y', 3, NULL, 1, 'ADV', 1.47, 0, 0, NULL, 'N'),
(1381, 27870, 0, 18, '2019-12-15', '2021-02-15', 17, 1367, 1367, 0, 67750, NULL, NULL, 84, '2020-02-08 13:57:10', NULL, 'Y', 3, NULL, 1, 'ADV', 1.47, 0, 0, NULL, 'N'),
(1382, 27870, 0, 18, '2019-12-15', '2021-03-15', 18, 1367, 1367, 0, 66383, NULL, NULL, 84, '2020-02-08 13:57:10', NULL, 'Y', 3, NULL, 1, 'ADV', 1.47, 0, 0, NULL, 'N'),
(1383, 27870, 0, 18, '2019-12-15', '2021-04-15', 19, 1353, 1353, 0, 65030, NULL, NULL, 84, '2020-02-08 13:57:10', NULL, 'Y', 3, NULL, 1, 'ADV', 1.47, 0, 0, NULL, 'N'),
(1384, 65030, 0, 1, '2019-12-15', '2021-05-15', 20, 65030, 65030, 0, 0, NULL, NULL, 84, '2020-02-08 13:57:10', NULL, 'Y', 3, NULL, 1, 'LEFT', 70, 0, 0, NULL, 'N'),
(1385, 2000, 0, 1, '2019-09-01', '2019-07-31', 1, 2000, 2000, 0, 71900, NULL, NULL, 85, '2020-02-08 14:31:59', NULL, 'Y', 3, NULL, 1, 'BOOK', 0, 0, 0, NULL, 'Y'),
(1386, 11670, 0, 2, '2019-09-01', '2019-08-09', 2, 8000, 8000, 0, 63900, NULL, NULL, 85, '2020-02-08 14:31:59', '2020-02-08 14:36:54', 'Y', 3, 3, 1, 'ADV', 7.89, 0, 0, NULL, 'Y'),
(1387, 11670, 0, 2, '2019-09-01', '2019-09-01', 3, 1670, 1670, 0, 62230, NULL, NULL, 85, '2020-02-08 14:31:59', NULL, 'Y', 3, NULL, 1, 'ADV', 2.26, 0, 0, NULL, 'N'),
(1388, 62230, 0, 1, '2019-09-01', '2019-10-01', 4, 62230, 62230, 0, 0, NULL, NULL, 85, '2020-02-08 14:31:59', NULL, 'Y', 3, NULL, 1, 'LEFT', 85, 0, 0, NULL, 'N'),
(1389, 2000, 0, 1, '2019-12-01', '2019-10-11', 1, 2000, 2000, 0, 133000, NULL, NULL, 86, '2020-02-08 14:50:41', NULL, 'Y', 3, NULL, 1, 'BOOK', 0, 0, 0, NULL, 'Y'),
(1390, 67500, 0, 1, '2019-12-01', '2019-11-01', 2, 62800, 62800, 0, 67500, NULL, NULL, 86, '2020-02-08 14:50:41', '2020-02-08 14:54:05', 'Y', 3, 3, 1, 'ADV', 50, 2700, 4, NULL, 'Y'),
(1391, 67500, 0, 1, '2019-12-01', '2019-12-01', 3, 67500, 67500, 0, 0, NULL, NULL, 86, '2020-02-08 14:50:41', NULL, 'Y', 3, NULL, 1, 'LOAN', 0, 0, 0, NULL, 'N');

-- --------------------------------------------------------

--
-- Table structure for table `tbl_installment_payment`
--

DROP TABLE IF EXISTS `tbl_installment_payment`;
CREATE TABLE IF NOT EXISTS `tbl_installment_payment` (
  `inst_paid_id` int(11) NOT NULL AUTO_INCREMENT,
  `inst_total_paid_amount` double DEFAULT NULL,
  `inst_paid_yn` varchar(1) DEFAULT NULL,
  `inst_paid_date` date DEFAULT NULL,
  `inst_paid_des` text,
  `inst_paid_status` varchar(5) DEFAULT NULL,
  `inst_cancel_yn` varchar(1) DEFAULT NULL,
  `rec_id` int(11) DEFAULT NULL,
  `met_id` int(11) DEFAULT NULL,
  `inst_id` int(11) DEFAULT NULL,
  `regDt` datetime DEFAULT NULL,
  `upDt` datetime DEFAULT NULL,
  `useYn` varchar(1) DEFAULT NULL,
  `regUsr` int(11) DEFAULT NULL,
  `upUsr` int(11) DEFAULT NULL,
  `com_id` int(11) DEFAULT NULL,
  `inst_paid_penalty` double DEFAULT NULL,
  `inst_paid_inv_code` varchar(10) DEFAULT NULL,
  `inst_paid_code` varchar(10) DEFAULT NULL,
  `inst_paid_tran_id` varchar(100) DEFAULT NULL,
  PRIMARY KEY (`inst_paid_id`)
) ENGINE=MyISAM AUTO_INCREMENT=429 DEFAULT CHARSET=utf8;

--
-- Dumping data for table `tbl_installment_payment`
--

INSERT INTO `tbl_installment_payment` (`inst_paid_id`, `inst_total_paid_amount`, `inst_paid_yn`, `inst_paid_date`, `inst_paid_des`, `inst_paid_status`, `inst_cancel_yn`, `rec_id`, `met_id`, `inst_id`, `regDt`, `upDt`, `useYn`, `regUsr`, `upUsr`, `com_id`, `inst_paid_penalty`, `inst_paid_inv_code`, `inst_paid_code`, `inst_paid_tran_id`) VALUES
(1, 2000, 'Y', '2019-07-31', NULL, 'BOOK', NULL, 2, 1, 1, '2019-10-22 16:38:03', NULL, 'Y', 2, NULL, 1, NULL, '000001', NULL, NULL),
(2, 29106, 'N', '2019-10-23', 'ទូរចង្ក្រានលើ-ក្រោម ចង្ក្រានអគ្គីសនី ម៉ាស៊ីនបឺតផ្សែង  Minibar  ទូរទូរទស្សន៍', 'ADV', NULL, 5, 2, 20, '2019-10-23 14:38:34', '2019-10-23 14:39:57', 'N', 3, 3, 1, 0, '000001', '000002', ''),
(3, 29106, 'Y', '2019-06-17', 'ទូរចង្ក្រានលើ-ក្រោម ចង្ក្រានអគ្គីសនី ម៉ាស៊ីនបឺតផ្សែង  Minibar  ទូរទូរទស្សន៍', 'ADV', NULL, 5, 2, 20, '2019-10-23 14:41:10', NULL, 'Y', 3, NULL, 1, 0, '000001', '000003', ''),
(4, 3850, 'Y', '2019-08-02', 'ទូរចង្ក្រានលើ-ក្រោម ចង្ក្រានអគ្គីសនី ម៉ាស៊ីនបឺតផ្សែង  Minibar  ទូរទូរទស្សន៍', 'LOAN', NULL, 5, 2, 21, '2019-10-23 14:48:56', NULL, 'Y', 3, NULL, 1, 0, '000002', '000004', ''),
(5, 3850, 'Y', '2019-09-03', 'ទូរចង្ក្រានលើ-ក្រោម ចង្ក្រានអគ្គីសនី ម៉ាស៊ីនបឺតផ្សែង  Minibar  ទូរទូរទស្សន៍', 'LOAN', NULL, 2, 2, 22, '2019-10-23 14:50:31', NULL, 'Y', 3, NULL, 1, 0, '000003', '000005', ''),
(6, 3850, 'Y', '2019-10-02', 'ទូរចង្ក្រានលើ-ក្រោម ចង្ក្រានអគ្គីសនី ម៉ាស៊ីនបឺតផ្សែង  Minibar  ទូរទូរទស្សន៍', 'LOAN', NULL, 2, 2, 23, '2019-10-23 14:51:26', NULL, 'Y', 3, NULL, 1, 0, '000004', '000006', ''),
(7, 9900, 'Y', '2019-06-17', 'ទូរចង្ក្រានលើ-ក្រោម ចង្ក្រានអគ្គីសនី ម៉ាស៊ីនបឺតផ្សែង  Minibar  ទូរទូរទស្សន៍', 'ADV', NULL, 5, 2, 39, '2019-10-23 15:02:51', NULL, 'Y', 3, NULL, 1, 0, '000001', '000007', ''),
(8, 9900, 'Y', '2019-07-27', 'ទូរចង្ក្រានលើ-ក្រោម ចង្ក្រានអគ្គីសនី ម៉ាស៊ីនបឺតផ្សែង  Minibar  ទូរទូរទស្សន៍', 'ADV', NULL, 5, 2, 40, '2019-10-23 15:05:28', NULL, 'Y', 3, NULL, 1, 0, '000002', '000008', ''),
(9, 9900, 'Y', '2019-09-01', 'ទូរចង្ក្រានលើ-ក្រោម ចង្ក្រានអគ្គីសនី ម៉ាស៊ីនបឺតផ្សែង  Minibar  ទូរទូរទស្សន៍', 'ADV', NULL, 2, 2, 41, '2019-10-23 15:06:18', NULL, 'Y', 3, NULL, 1, 0, '000003', '000009', ''),
(10, 3850, 'Y', '2019-10-01', 'ទូរចង្ក្រានលើ-ក្រោម ចង្ក្រានអគ្គីសនី ម៉ាស៊ីនបឺតផ្សែង  Minibar  ទូរទូរទស្សន៍', 'LOAN', NULL, 2, 2, 42, '2019-10-23 15:07:10', NULL, 'Y', 3, NULL, 1, 0, '000004', '000010', ''),
(11, 9900, 'Y', '2019-06-17', 'ទូរចង្ក្រានលើ-ក្រោម ចង្ក្រានអគ្គីសនី ម៉ាស៊ីនបឺតផ្សែង  Minibar  ទូរទូរទស្សន៍', 'ADV', NULL, 5, 2, 60, '2019-10-23 15:20:44', NULL, 'Y', 3, NULL, 1, 0, '000001', '000011', ''),
(12, 9900, 'Y', '2019-08-02', 'ទូរចង្ក្រានលើ-ក្រោម ចង្ក្រានអគ្គីសនី ម៉ាស៊ីនបឺតផ្សែង  Minibar  ទូរទូរទស្សន៍', 'ADV', NULL, 5, 2, 61, '2019-10-23 15:21:43', NULL, 'Y', 3, NULL, 1, 0, '000002', '000012', ''),
(13, 9900, 'Y', '2019-09-03', 'ទូរចង្ក្រានលើ-ក្រោម ចង្ក្រានអគ្គីសនី ម៉ាស៊ីនបឺតផ្សែង  Minibar  ទូរទូរទស្សន៍', 'ADV', NULL, 5, 2, 62, '2019-10-23 15:22:36', NULL, 'Y', 3, NULL, 1, 0, '000003', '000013', ''),
(14, 3850, 'Y', '2019-10-02', 'ទូរចង្ក្រានលើ-ក្រោម ចង្ក្រានអគ្គីសនី ម៉ាស៊ីនបឺតផ្សែង  Minibar  ទូរទូរទស្សន៍', 'LOAN', NULL, 2, 2, 63, '2019-10-23 15:23:32', NULL, 'Y', 3, NULL, 1, 0, '000004', '000014', ''),
(15, 2000, 'Y', '2019-06-24', NULL, 'BOOK', NULL, 5, 2, 81, '2019-10-23 15:35:16', NULL, 'Y', 3, NULL, 1, NULL, '000001', NULL, NULL),
(16, 2000, 'Y', '2019-06-24', NULL, 'BOOK', NULL, 5, 2, 103, '2019-10-23 15:45:36', NULL, 'Y', 3, NULL, 1, NULL, '000001', NULL, NULL),
(17, 7900, 'Y', '2019-07-01', 'ទូរចង្ក្រានលើ-ក្រោម ចង្ក្រានអគ្គីសនី ម៉ាស៊ីនបឺតផ្សែង  Minibar  ទូរទូរទស្សន៍', 'ADV', NULL, 5, 2, 104, '2019-10-24 09:07:45', NULL, 'Y', 3, NULL, 1, 0, '000002', '000017', ''),
(18, 9900, 'Y', '2019-08-01', 'ទូរចង្ក្រានលើ-ក្រោម ចង្ក្រានអគ្គីសនី ម៉ាស៊ីនបឺតផ្សែង  Minibar  ទូរទូរទស្សន៍', 'ADV', NULL, 5, 2, 105, '2019-10-24 09:08:59', NULL, 'Y', 3, NULL, 1, 0, '000003', '000018', ''),
(19, 9900, 'Y', '2019-09-01', 'ទូរចង្ក្រានលើ-ក្រោម ចង្ក្រានអគ្គីសនី ម៉ាស៊ីនបឺតផ្សែង  Minibar  ទូរទូរទស្សន៍', 'ADV', NULL, 5, 2, 106, '2019-10-24 09:10:07', NULL, 'Y', 3, NULL, 1, 0, '000004', '000019', ''),
(20, 3850, 'Y', '2019-10-04', 'ទូរចង្ក្រានលើ-ក្រោម ចង្ក្រានអគ្គីសនី ម៉ាស៊ីនបឺតផ្សែង  Minibar  ទូរទូរទស្សន៍', 'LOAN', NULL, 2, 2, 107, '2019-10-24 09:15:25', NULL, 'Y', 3, NULL, 1, 0, '000005', '000020', ''),
(21, 2000, 'Y', '2019-06-21', NULL, 'BOOK', NULL, 5, 2, 125, '2019-10-24 09:35:08', NULL, 'Y', 3, NULL, 1, NULL, '000001', NULL, NULL),
(22, 45520, 'Y', '2019-06-24', 'ទូរចង្ក្រានលើ-ក្រោម ចង្ក្រានអគ្គីសនី ម៉ាស៊ីនបឺតផ្សែង  Minibar  ទូរទូរទស្សន៍', 'ADV', NULL, 5, 2, 126, '2019-10-24 09:38:15', NULL, 'Y', 3, NULL, 1, 0, '000002', '000022', ''),
(23, 4950, 'Y', '2019-08-03', 'ទូរចង្ក្រានលើ-ក្រោម ចង្ក្រានអគ្គីសនី ម៉ាស៊ីនបឺតផ្សែង  Minibar  ទូរទូរទស្សន៍', 'LOAN', NULL, 5, 2, 127, '2019-10-24 09:39:50', NULL, 'Y', 3, NULL, 1, 0, '000003', '000023', ''),
(24, 4950, 'Y', '2019-09-06', 'ទូរចង្ក្រានលើ-ក្រោម ចង្ក្រានអគ្គីសនី ម៉ាស៊ីនបឺតផ្សែង  Minibar  ទូរទូរទស្សន៍', 'LOAN', NULL, 5, 2, 128, '2019-10-24 09:41:10', NULL, 'Y', 3, NULL, 1, 0, '000004', '000024', ''),
(25, 4950, 'Y', '2019-10-04', 'ទូរចង្ក្រានលើ-ក្រោម ចង្ក្រានអគ្គីសនី ម៉ាស៊ីនបឺតផ្សែង  Minibar  ទូរទូរទស្សន៍', 'LOAN', NULL, 2, 2, 129, '2019-10-24 09:41:54', NULL, 'Y', 3, NULL, 1, 0, '000005', '000025', ''),
(26, 2000, 'Y', '2019-06-20', NULL, 'BOOK', NULL, 5, 2, 137, '2019-10-24 09:56:48', NULL, 'Y', 3, NULL, 1, NULL, '000001', NULL, NULL),
(27, 10250, 'Y', '2019-06-26', 'ទូរចង្ក្រានលើ-ក្រោម ចង្ក្រានអគ្គីសនី ម៉ាស៊ីនបឺតផ្សែង  Minibar  ទូរទូរទស្សន៍', 'ADV', NULL, 5, 2, 138, '2019-10-24 09:59:57', NULL, 'Y', 3, NULL, 1, 0, '000002', '000027', ''),
(28, 12250, 'Y', '2019-08-01', 'ទូរចង្ក្រានលើ-ក្រោម ចង្ក្រានអគ្គីសនី ម៉ាស៊ីនបឺតផ្សែង  Minibar  ទូរទូរទស្សន៍', 'ADV', NULL, 5, 2, 139, '2019-10-24 10:00:38', NULL, 'Y', 3, NULL, 1, 0, '000003', '000028', ''),
(29, 12250, 'Y', '2019-09-04', 'ទូរចង្ក្រានលើ-ក្រោម ចង្ក្រានអគ្គីសនី ម៉ាស៊ីនបឺតផ្សែង  Minibar  ទូរទូរទស្សន៍', 'ADV', NULL, 2, 2, 140, '2019-10-24 10:01:29', NULL, 'Y', 3, NULL, 1, 0, '000004', '000029', ''),
(30, 5716.67, 'Y', '2019-10-01', 'ទូរចង្ក្រានលើ-ក្រោម ចង្ក្រានអគ្គីសនី ម៉ាស៊ីនបឺតផ្សែង  Minibar  ទូរទូរទស្សន៍', 'LOAN', NULL, 2, 2, 141, '2019-10-24 10:02:08', NULL, 'Y', 3, NULL, 1, 0, '000005', '000030', ''),
(31, 2000, 'Y', '2019-06-23', NULL, 'BOOK', NULL, 5, 2, 156, '2019-10-24 10:08:19', NULL, 'Y', 3, NULL, 1, NULL, '000001', NULL, NULL),
(32, 7900, 'Y', '2019-07-01', 'ទូរចង្ក្រានលើ-ក្រោម ចង្ក្រានអគ្គីសនី ម៉ាស៊ីនបឺតផ្សែង  Minibar  ទូរទូរទស្សន៍', 'ADV', NULL, 5, 2, 157, '2019-10-24 10:09:22', NULL, 'Y', 3, NULL, 1, 0, '000002', '000032', ''),
(33, 9900, 'Y', '2019-07-31', 'ទូរចង្ក្រានលើ-ក្រោម ចង្ក្រានអគ្គីសនី ម៉ាស៊ីនបឺតផ្សែង  Minibar  ទូរទូរទស្សន៍', 'ADV', NULL, 5, 2, 158, '2019-10-24 10:10:10', NULL, 'Y', 3, NULL, 1, 0, '000003', '000033', ''),
(34, 9900, 'Y', '2019-09-01', 'ទូរចង្ក្រានលើ-ក្រោម ចង្ក្រានអគ្គីសនី ម៉ាស៊ីនបឺតផ្សែង  Minibar  ទូរទូរទស្សន៍', 'ADV', NULL, 2, 2, 159, '2019-10-24 10:11:35', NULL, 'Y', 3, NULL, 1, 0, '000004', '000034', ''),
(35, 3850, 'Y', '2019-10-01', 'ទូរចង្ក្រានលើ-ក្រោម ចង្ក្រានអគ្គីសនី ម៉ាស៊ីនបឺតផ្សែង  Minibar  ទូរទូរទស្សន៍', 'LOAN', NULL, 2, 2, 160, '2019-10-24 10:13:02', NULL, 'Y', 3, NULL, 1, 0, '000005', '000035', ''),
(36, 2000, 'Y', '2019-06-26', NULL, 'BOOK', NULL, 5, 2, 178, '2019-10-24 10:20:40', NULL, 'Y', 3, NULL, 1, NULL, '000001', NULL, NULL),
(37, 7900, 'Y', '2019-07-01', 'ទូរចង្ក្រានលើ-ក្រោម ចង្ក្រានអគ្គីសនី ម៉ាស៊ីនបឺតផ្សែង  Minibar  ទូរទូរទស្សន៍', 'ADV', NULL, 5, 1, 179, '2019-10-24 10:25:17', NULL, 'Y', 3, NULL, 1, 0, '000002', '000037', ''),
(38, 9900, 'Y', '2019-08-02', 'ទូរចង្ក្រានលើ-ក្រោម ចង្ក្រានអគ្គីសនី ម៉ាស៊ីនបឺតផ្សែង  Minibar  ទូរទូរទស្សន៍', 'ADV', NULL, 5, 1, 180, '2019-10-24 10:27:26', NULL, 'Y', 3, NULL, 1, 0, '000003', '000038', ''),
(39, 9900, 'Y', '2019-09-04', 'ទូរចង្ក្រានលើ-ក្រោម ចង្ក្រានអគ្គីសនី ម៉ាស៊ីនបឺតផ្សែង  Minibar  ទូរទូរទស្សន៍', 'ADV', NULL, 2, 1, 181, '2019-10-24 10:28:13', NULL, 'Y', 3, NULL, 1, 0, '000004', '000039', ''),
(40, 4620, 'Y', '2019-10-04', 'ទូរចង្ក្រានលើ-ក្រោម ចង្ក្រានអគ្គីសនី ម៉ាស៊ីនបឺតផ្សែង  Minibar  ទូរទូរទស្សន៍', 'LOAN', NULL, 2, 1, 182, '2019-10-24 10:30:25', NULL, 'Y', 3, NULL, 1, 0, '000005', '000040', ''),
(41, 11100, 'Y', '2019-06-24', 'ទូរចង្ក្រានលើ-ក្រោម ចង្ក្រានអគ្គីសនី ម៉ាស៊ីនបឺតផ្សែង  Minibar  ទូរទូរទស្សន៍', 'ADV', NULL, 5, 2, 197, '2019-10-24 10:44:49', NULL, 'Y', 3, NULL, 1, 0, '000001', '000041', ''),
(42, 11100, 'Y', '2019-08-01', 'ទូរចង្ក្រានលើ-ក្រោម ចង្ក្រានអគ្គីសនី ម៉ាស៊ីនបឺតផ្សែង  Minibar  ទូរទូរទស្សន៍', 'ADV', NULL, 5, 2, 198, '2019-10-24 10:45:20', NULL, 'Y', 3, NULL, 1, 0, '000002', '000042', ''),
(43, 11100, 'Y', '2019-09-01', 'ទូរចង្ក្រានលើ-ក្រោម ចង្ក្រានអគ្គីសនី ម៉ាស៊ីនបឺតផ្សែង  Minibar  ទូរទូរទស្សន៍', 'ADV', NULL, 5, 2, 199, '2019-10-24 10:46:14', NULL, 'Y', 3, NULL, 1, 0, '000003', '000043', ''),
(44, 5180, 'Y', '2019-10-04', 'ទូរចង្ក្រានលើ-ក្រោម ចង្ក្រានអគ្គីសនី ម៉ាស៊ីនបឺតផ្សែង  Minibar  ទូរទូរទស្សន៍', 'LOAN', NULL, 2, 2, 200, '2019-10-24 10:48:04', NULL, 'Y', 3, NULL, 1, 0, '000004', '000044', ''),
(45, 21900, 'Y', '2019-06-24', 'ទូរចង្ក្រានលើ-ក្រោម ចង្ក្រានអគ្គីសនី ម៉ាស៊ីនបឺតផ្សែង  Minibar  ទូរទូរទស្សន៍', 'ADV', NULL, 5, 2, 236, '2019-10-24 11:22:11', NULL, 'Y', 3, NULL, 1, 0, '000001', '000045', ''),
(46, 21900, 'Y', '2019-08-01', 'ទូរចង្ក្រានលើ-ក្រោម ចង្ក្រានអគ្គីសនី ម៉ាស៊ីនបឺតផ្សែង  Minibar  ទូរទូរទស្សន៍', 'ADV', NULL, 5, 2, 237, '2019-10-24 11:22:43', NULL, 'Y', 3, NULL, 1, 0, '000002', '000046', ''),
(47, 21900, 'Y', '2019-09-01', 'ទូរចង្ក្រានលើ-ក្រោម ចង្ក្រានអគ្គីសនី ម៉ាស៊ីនបឺតផ្សែង  Minibar  ទូរទូរទស្សន៍', 'ADV', NULL, 5, 2, 238, '2019-10-24 11:23:29', NULL, 'Y', 3, NULL, 1, 0, '000003', '000047', ''),
(48, 10220, 'Y', '2019-10-17', 'ទូរចង្ក្រានលើ-ក្រោម ចង្ក្រានអគ្គីសនី ម៉ាស៊ីនបឺតផ្សែង  Minibar  ទូរទូរទស្សន៍', 'LOAN', NULL, 2, 2, 239, '2019-10-24 11:24:49', NULL, 'Y', 3, NULL, 1, 0, '000004', '000048', ''),
(49, 2000, 'Y', '2019-07-23', NULL, 'BOOK', NULL, 5, 2, 254, '2019-10-24 11:43:01', NULL, 'Y', 3, NULL, 1, NULL, '000001', NULL, NULL),
(50, 10500, 'Y', '2019-07-31', 'ទូរចង្ក្រានលើ-ក្រោម ចង្ក្រានអគ្គីសនី ម៉ាស៊ីនបឺតផ្សែង  Minibar  ទូរទូរទស្សន៍', 'ADV', NULL, 2, 2, 255, '2019-10-24 11:47:08', NULL, 'Y', 3, NULL, 1, 0, '000002', '000050', ''),
(51, 12500, 'Y', '2019-09-03', 'ទូរចង្ក្រានលើ-ក្រោម ចង្ក្រានអគ្គីសនី ម៉ាស៊ីនបឺតផ្សែង  Minibar  ទូរទូរទស្សន៍', 'ADV', NULL, 2, 2, 256, '2019-10-24 11:47:45', NULL, 'Y', 3, NULL, 1, 0, '000003', '000051', ''),
(52, 12500, 'Y', '2019-10-14', 'ទូរចង្ក្រានលើ-ក្រោម ចង្ក្រានអគ្គីសនី ម៉ាស៊ីនបឺតផ្សែង  Minibar  ទូរទូរទស្សន៍', 'ADV', NULL, 2, 2, 257, '2019-10-24 11:48:33', NULL, 'Y', 3, NULL, 1, 0, '000004', '000052', ''),
(53, 124200, 'Y', '2019-07-25', 'ទូរចង្ក្រានលើ-ក្រោម ចង្ក្រានអគ្គីសនី ម៉ាស៊ីនបឺតផ្សែង  Minibar  ទូរទូរទស្សន៍', 'ADV', NULL, 2, 2, 259, '2019-10-24 12:03:00', NULL, 'Y', 3, NULL, 1, 0, '000001', '000053', ''),
(54, 2000, 'Y', '2019-07-25', NULL, 'BOOK', NULL, 2, 2, 260, '2019-10-24 12:12:49', NULL, 'Y', 3, NULL, 1, NULL, '000001', NULL, NULL),
(55, 9500, 'Y', '2019-08-05', 'ទូរចង្ក្រានលើ-ក្រោម ចង្ក្រានអគ្គីសនី ម៉ាស៊ីនបឺតផ្សែង  Minibar  ទូរទូរទស្សន៍', 'ADV', NULL, 2, 2, 261, '2019-10-24 12:14:45', NULL, 'Y', 3, NULL, 1, 0, '000002', '000055', ''),
(56, 11500, 'Y', '2019-09-05', 'ទូរចង្ក្រានលើ-ក្រោម ចង្ក្រានអគ្គីសនី ម៉ាស៊ីនបឺតផ្សែង  Minibar  ទូរទូរទស្សន៍', 'ADV', NULL, 2, 2, 262, '2019-10-24 12:15:47', NULL, 'Y', 3, NULL, 1, 0, '000003', '000056', ''),
(57, 11500, 'Y', '2019-10-07', 'ទូរចង្ក្រានលើ-ក្រោម ចង្ក្រានអគ្គីសនី ម៉ាស៊ីនបឺតផ្សែង  Minibar  ទូរទូរទស្សន៍', 'ADV', NULL, 2, 2, 263, '2019-10-24 12:17:41', NULL, 'Y', 3, NULL, 1, 0, '000004', '000057', ''),
(58, 2000, 'Y', '2019-07-31', NULL, 'BOOK', NULL, 2, 2, 279, '2019-10-24 14:52:59', NULL, 'Y', 3, NULL, 1, NULL, '000001', NULL, NULL),
(59, 10500, 'Y', '2019-08-09', 'ទូរចង្ក្រានលើ-ក្រោម ចង្ក្រានអគ្គីសនី ម៉ាស៊ីនបឺតផ្សែង  Minibar  ទូរទូរទស្សន៍', 'ADV', NULL, 2, 2, 280, '2019-10-24 14:55:22', NULL, 'Y', 3, NULL, 1, 0, '000002', '000059', ''),
(60, 12500, 'Y', '2019-09-03', 'ទូរចង្ក្រានលើ-ក្រោម ចង្ក្រានអគ្គីសនី ម៉ាស៊ីនបឺតផ្សែង  Minibar  ទូរទូរទស្សន៍', 'ADV', NULL, 2, 2, 281, '2019-10-24 14:56:11', NULL, 'Y', 3, NULL, 1, 0, '000003', '000060', ''),
(61, 12500, 'Y', '2019-10-05', 'ទូរចង្ក្រានលើ-ក្រោម ចង្ក្រានអគ្គីសនី ម៉ាស៊ីនបឺតផ្សែង  Minibar  ទូរទូរទស្សន៍', 'ADV', NULL, 2, 2, 282, '2019-10-24 14:57:25', NULL, 'Y', 3, NULL, 1, 0, '000004', '000061', ''),
(62, 34500, 'Y', '2019-08-05', 'ទូរចង្ក្រានលើ-ក្រោម ចង្ក្រានអគ្គីសនី ម៉ាស៊ីនបឺតផ្សែង  Minibar  ទូរទូរទស្សន៍', 'ADV', NULL, 2, 2, 298, '2019-10-24 15:09:02', NULL, 'Y', 3, NULL, 1, 0, '000001', '000062', ''),
(63, 4735.29, 'Y', '2019-09-05', 'ទូរចង្ក្រានលើ-ក្រោម ចង្ក្រានអគ្គីសនី ម៉ាស៊ីនបឺតផ្សែង  Minibar  ទូរទូរទស្សន៍', 'LOAN', NULL, 2, 2, 299, '2019-10-24 15:11:14', NULL, 'Y', 3, NULL, 1, 0, '000002', '000063', ''),
(64, 4735.29, 'Y', '2019-10-07', 'ទូរចង្ក្រានលើ-ក្រោម ចង្ក្រានអគ្គីសនី ម៉ាស៊ីនបឺតផ្សែង  Minibar  ទូរទូរទស្សន៍', 'LOAN', NULL, 2, 2, 300, '2019-10-24 15:13:23', NULL, 'Y', 3, NULL, 1, 0, '000003', '000064', ''),
(65, 2000, 'Y', '2019-10-03', NULL, 'BOOK', NULL, 2, 1, 316, '2019-10-24 15:27:27', NULL, 'Y', 3, NULL, 1, NULL, '000001', NULL, NULL),
(66, 4750, 'Y', '2019-10-05', 'ទូរចង្ក្រានលើ-ក្រោម ចង្ក្រានអគ្គីសនី ម៉ាស៊ីនបឺតផ្សែង  Minibar  ទូរទូរទស្សន៍', 'ADV', NULL, 2, 1, 317, '2019-10-24 15:44:59', NULL, 'Y', 3, NULL, 1, 0, '000002', '000066', ''),
(67, 6750, 'Y', '2019-10-05', 'ទូរចង្ក្រានលើ-ក្រោម ចង្ក្រានអគ្គីសនី ម៉ាស៊ីនបឺតផ្សែង  Minibar  ទូរទូរទស្សន៍', 'ADV', NULL, 2, 1, 318, '2019-10-24 15:50:43', NULL, 'Y', 3, NULL, 1, 0, '000003', '000067', ''),
(68, 6750, 'Y', '2019-10-05', 'ទូរចង្ក្រានលើ-ក្រោម ចង្ក្រានអគ្គីសនី ម៉ាស៊ីនបឺតផ្សែង  Minibar  ទូរទូរទស្សន៍', 'ADV', NULL, 2, 1, 319, '2019-10-24 15:57:07', NULL, 'Y', 3, NULL, 1, 0, '000004', '000068', ''),
(69, 19800, 'Y', '2019-06-26', 'ទូរចង្ក្រានលើ-ក្រោម ចង្ក្រានអគ្គីសនី ម៉ាស៊ីនបឺតផ្សែង  Minibar  ទូរទូរទស្សន៍', 'ADV', NULL, 5, 1, 215, '2019-10-28 14:31:29', NULL, 'Y', 3, NULL, 1, 0, '000001', '000069', ''),
(70, 19800, 'Y', '2019-08-02', 'ទូរចង្ក្រានលើ-ក្រោម ចង្ក្រានអគ្គីសនី ម៉ាស៊ីនបឺតផ្សែង  Minibar  ទូរទូរទស្សន៍', 'ADV', NULL, 5, 1, 216, '2019-10-28 14:32:38', NULL, 'Y', 3, NULL, 1, 0, '000002', '000070', ''),
(71, 19800, 'Y', '2019-09-02', 'ទូរចង្ក្រានលើ-ក្រោម ចង្ក្រានអគ្គីសនី ម៉ាស៊ីនបឺតផ្សែង  Minibar  ទូរទូរទស្សន៍', 'ADV', NULL, 2, 1, 217, '2019-10-28 14:33:34', NULL, 'Y', 3, NULL, 1, 0, '000003', '000071', ''),
(72, 7700, 'Y', '2019-10-04', 'ទូរចង្ក្រានលើ-ក្រោម ចង្ក្រានអគ្គីសនី ម៉ាស៊ីនបឺតផ្សែង  Minibar  ទូរទូរទស្សន៍', 'LOAN', NULL, 2, 1, 218, '2019-10-28 14:34:23', NULL, 'Y', 3, NULL, 1, 0, '000004', '000072', ''),
(73, 13900, 'Y', '2019-08-07', 'ទូរចង្ក្រានលើ-ក្រោម ចង្ក្រានអគ្គីសនី ម៉ាស៊ីនបឺតផ្សែង ទូរទូរទស្សន៍', 'ADV', NULL, 5, 2, 2, '2019-10-28 15:18:07', NULL, 'Y', 3, NULL, 1, 0, '000002', '000073', ''),
(74, 15900, 'Y', '2019-09-03', 'ទូរចង្ក្រានលើ-ក្រោម ចង្ក្រានអគ្គីសនី ម៉ាស៊ីនបឺតផ្សែង ទូរទូរទស្សន៍', 'ADV', NULL, 2, 2, 3, '2019-10-28 15:18:58', NULL, 'Y', 3, NULL, 1, 0, '000003', '000074', ''),
(75, 15900, 'Y', '2019-10-03', 'ទូរចង្ក្រានលើ-ក្រោម ចង្ក្រានអគ្គីសនី ម៉ាស៊ីនបឺតផ្សែង  ទូរទូរទស្សន៍', 'ADV', NULL, 2, 2, 4, '2019-10-28 15:19:28', NULL, 'Y', 3, NULL, 1, 0, '000004', '000075', ''),
(76, 2000, 'Y', '2019-09-06', NULL, 'BOOK', NULL, 5, 1, 344, '2019-10-28 15:25:33', NULL, 'Y', 3, NULL, 1, NULL, '000001', NULL, NULL),
(77, 62800, 'Y', '2019-10-11', 'ទូរចង្ក្រានលើ-ក្រោម ចង្ក្រានអគ្គីសនី ម៉ាស៊ីនបឺតផ្សែង ទូរទូរទស្សន៍', 'ADV', NULL, 2, 2, 345, '2019-10-28 15:29:12', NULL, 'Y', 3, NULL, 1, 0, '000002', '000077', ''),
(78, 2000, 'Y', '2019-07-01', NULL, 'BOOK', NULL, 5, 1, 405, '2019-10-28 16:08:43', NULL, 'Y', 3, NULL, 1, NULL, '000001', NULL, NULL),
(79, 2000, 'Y', '2019-07-01', NULL, 'BOOK', NULL, 5, 1, 409, '2019-10-28 16:14:32', NULL, 'Y', 3, NULL, 1, NULL, '000001', NULL, NULL),
(80, 11000, 'N', '2019-07-08', 'ទូរចង្ក្រានលើ-ក្រោម ចង្ក្រានអគ្គីសនី ម៉ាស៊ីនបឺតផ្សែង ទូរទូរទស្សន៍', 'ADV', NULL, 2, 1, 410, '2019-10-28 16:15:43', '2020-01-17 16:01:13', 'N', 3, 3, 1, 0, '000002', '000080', ''),
(81, 13000, 'N', '2019-08-06', 'ទូរចង្ក្រានលើ-ក្រោម ចង្ក្រានអគ្គីសនី ម៉ាស៊ីនបឺតផ្សែង ទូរទូរទស្សន៍', 'ADV', NULL, 2, 2, 411, '2019-10-28 16:16:34', '2020-01-17 16:01:08', 'N', 3, 3, 1, 0, '000003', '000081', ''),
(82, 2000, 'Y', '2019-07-15', NULL, 'BOOK', NULL, 2, 2, 413, '2019-10-28 16:33:40', NULL, 'Y', 3, NULL, 1, NULL, '000001', NULL, NULL),
(83, 2000, 'Y', '2019-07-15', NULL, 'BOOK', NULL, 2, 2, 435, '2019-10-28 16:36:19', NULL, 'Y', 3, NULL, 1, NULL, '000001', NULL, NULL),
(84, 10900, 'Y', '2019-07-21', 'ទូរចង្ក្រានលើ-ក្រោម ចង្ក្រានអគ្គីសនី ម៉ាស៊ីនបឺតផ្សែង ទូរទូរទស្សន៍', 'ADV', NULL, 2, 2, 414, '2019-10-28 16:40:01', NULL, 'Y', 3, NULL, 1, 0, '000002', '000084', ''),
(85, 12900, 'Y', '2019-08-18', 'ទូរចង្ក្រានលើ-ក្រោម ចង្ក្រានអគ្គីសនី ម៉ាស៊ីនបឺតផ្សែង ទូរទូរទស្សន៍', 'ADV', NULL, 2, 2, 415, '2019-10-28 16:40:49', NULL, 'Y', 3, NULL, 1, 0, '000003', '000085', ''),
(86, 12900, 'Y', '2019-09-18', 'ទូរចង្ក្រានលើ-ក្រោម ចង្ក្រានអគ្គីសនី ម៉ាស៊ីនបឺតផ្សែង ទូរទូរទស្សន៍', 'ADV', NULL, 2, 2, 416, '2019-10-28 16:42:34', NULL, 'Y', 3, NULL, 1, 0, '000004', '000086', ''),
(87, 10900, 'Y', '2019-07-21', 'ទូរចង្ក្រានលើ-ក្រោម ចង្ក្រានអគ្គីសនី ម៉ាស៊ីនបឺតផ្សែង ទូរទូរទស្សន៍', 'ADV', NULL, 2, 2, 436, '2019-10-28 16:56:58', NULL, 'Y', 3, NULL, 1, 0, '000002', '000087', ''),
(88, 12900, 'Y', '2019-08-18', 'ទូរចង្ក្រានលើ-ក្រោម ចង្ក្រានអគ្គីសនី ម៉ាស៊ីនបឺតផ្សែង ទូរទូរទស្សន៍', 'ADV', NULL, 2, 2, 437, '2019-10-28 16:57:45', NULL, 'Y', 3, NULL, 1, 0, '000003', '000088', ''),
(89, 12900, 'Y', '2019-09-18', 'ទូរចង្ក្រានលើ-ក្រោម ចង្ក្រានអគ្គីសនី ម៉ាស៊ីនបឺតផ្សែង ទូរទូរទស្សន៍', 'ADV', NULL, 2, 2, 438, '2019-10-28 16:58:23', NULL, 'Y', 3, NULL, 1, 0, '000004', '000089', ''),
(90, 5016.67, 'Y', '2019-10-16', 'ទូរចង្ក្រានលើ-ក្រោម ចង្ក្រានអគ្គីសនី ម៉ាស៊ីនបឺតផ្សែង ទូរទូរទស្សន៍', 'LOAN', NULL, 2, 2, 439, '2019-10-28 16:59:04', NULL, 'Y', 3, NULL, 1, 0, '000005', '000090', ''),
(91, 2000, 'Y', '2019-08-09', NULL, 'BOOK', NULL, 2, 2, 457, '2019-10-29 11:42:25', NULL, 'Y', 3, NULL, 1, NULL, '000001', NULL, NULL),
(92, 10900, 'Y', '2019-09-20', 'ទូរចង្ក្រានលើ-ក្រោម ចង្ក្រានអគ្គីសនី ម៉ាស៊ីនបឺតផ្សែងទូរទូរទស្សន៍', 'ADV', NULL, 2, 2, 458, '2019-10-29 12:07:52', NULL, 'Y', 3, NULL, 1, 0, '000002', '000092', ''),
(93, 12900, 'Y', '2019-10-17', 'ទូរចង្ក្រានលើ-ក្រោម ចង្ក្រានអគ្គីសនី ម៉ាស៊ីនបឺតផ្សែងទូរទូរទស្សន៍', 'ADV', NULL, 2, 2, 459, '2019-10-29 12:08:27', NULL, 'Y', 3, NULL, 1, 0, '000003', '000093', ''),
(94, 5016.67, 'Y', '2019-10-16', 'ទូរចង្ក្រានលើ-ក្រោម ចង្ក្រានអគ្គីសនី ម៉ាស៊ីនបឺតផ្សែងទូរទូរទស្សន៍', 'LOAN', NULL, 2, 2, 417, '2019-10-29 15:25:30', NULL, 'Y', 3, NULL, 1, 0, '000005', '000094', ''),
(95, 12000, 'Y', '2019-10-01', 'ទូរចង្ក្រានលើ-ក្រោម ចង្ក្រានអគ្គីសនី ម៉ាស៊ីនបឺតផ្សែងទូរទូរទស្សន៍', 'ADV', NULL, 2, 2, 363, '2019-10-29 15:27:04', NULL, 'Y', 3, NULL, 1, 0, '000001', '000095', ''),
(96, 12000, 'Y', '2019-10-01', 'ទូរចង្ក្រានលើ-ក្រោម ចង្ក្រានអគ្គីសនី ម៉ាស៊ីនបឺតផ្សែងទូរទូរទស្សន៍', 'ADV', NULL, 2, 2, 384, '2019-10-29 15:27:33', NULL, 'Y', 3, NULL, 1, 0, '000001', '000096', ''),
(97, 12000, 'Y', '2019-11-01', 'ទូរចង្ក្រានលើ-ក្រោម ចង្ក្រានអគ្គីសនី ម៉ាស៊ីនបឺតផ្សែង  ទូរទូរទស្សន៍', 'ADV', NULL, 2, 2, 364, '2019-11-01 12:45:20', NULL, 'Y', 3, NULL, 1, 0, '000002', '000097', ''),
(98, 12000, 'Y', '2019-11-01', 'ទូរចង្ក្រានលើ-ក្រោម ចង្ក្រានអគ្គីសនី ម៉ាស៊ីនបឺតផ្សែង  Minibar  ទូរទូរទស្សន៍', 'ADV', NULL, 2, 2, 385, '2019-11-01 12:47:52', NULL, 'Y', 3, NULL, 1, 0, '000002', '000098', ''),
(99, 3850, 'Y', '2019-11-01', 'ទូរចង្ក្រានលើ-ក្រោម ចង្ក្រានអគ្គីសនី ម៉ាស៊ីនបឺតផ្សែង  Minibar  ទូរទូរទស្សន៍', 'LOAN', NULL, 2, 2, 43, '2019-11-01 12:49:41', NULL, 'Y', 3, NULL, 1, 0, '000005', '000099', ''),
(100, 10220, 'Y', '2019-11-01', 'ទូរចង្ក្រានលើ-ក្រោម ចង្ក្រានអគ្គីសនី ម៉ាស៊ីនបឺតផ្សែង  Minibar  ទូរទូរទស្សន៍', 'LOAN', NULL, 2, 2, 240, '2019-11-01 12:51:03', NULL, 'Y', 3, NULL, 1, 0, '000005', '000100', ''),
(101, 3850, 'Y', '2019-11-01', 'ទូរចង្រ្កានលើ-ក្រោម ចង្រ្កានអគ្គីសនី ម៉ាស៊ីនបឺតផ្សែង ទូរទូរស្សន៍', 'LOAN', NULL, 2, 2, 24, '2019-11-02 11:10:42', NULL, 'Y', 3, NULL, 1, 0, '000005', '000101', ''),
(102, 3850, 'Y', '2019-11-01', 'ទូរចង្ក្រានលើ-ក្រោម ចង្ក្រានអគ្គីសនី ម៉ាស៊ីនបឺតផ្សែង  Minibar  ទូរទូរទស្សន៍', 'LOAN', NULL, 2, 2, 64, '2019-11-02 11:24:36', NULL, 'Y', 3, NULL, 1, 0, '000005', '000102', ''),
(103, 4620, 'Y', '2019-11-04', 'ទូរចង្ក្រានលើ-ក្រោម ចង្ក្រានអគ្គីសនី ម៉ាស៊ីនបឺតផ្សែង  Minibar  ទូរទូរទស្សន៍', 'LOAN', NULL, 2, 1, 183, '2019-11-04 10:41:11', NULL, 'Y', 3, NULL, 1, 0, '000006', '000103', ''),
(104, 7700, 'Y', '2019-11-04', 'ទូរចង្ក្រានលើ-ក្រោម ចង្ក្រានអគ្គីសនី  ម៉ាស៊ីនបឺតផ្សែង  Minibar  ទូរទូរទស្សន៍', 'LOAN', NULL, 2, 1, 219, '2019-11-04 14:18:01', NULL, 'Y', 3, NULL, 1, 0, '000005', '000104', ''),
(105, 4950, 'Y', '2019-11-04', 'ទូរចង្ក្រានលើ-ក្រោម ចង្ក្រានអគ្គីសនី ម៉ាស៊ីនបឺតផ្សែង  Minibar  ទូរទូរទស្សន៍', 'LOAN', NULL, 2, 2, 130, '2019-11-04 15:38:48', NULL, 'Y', 3, NULL, 1, 0, '000006', '000105', ''),
(106, 5180, 'Y', '2019-11-04', 'ទូរចង្ក្រានលើ-ក្រោម ចង្ក្រានអគ្គីសនី ម៉ាស៊ីនបឺតផ្សែង  Minibar  ទូរទូរទស្សន៍', 'LOAN', NULL, 2, 2, 201, '2019-11-04 15:40:19', NULL, 'Y', 3, NULL, 1, 0, '000005', '000106', ''),
(107, 3850, 'Y', '2019-11-03', 'ទូរចង្ក្រានលើ-ក្រោម ចង្ក្រានអគ្គីសនី ម៉ាស៊ីនបឺតផ្សែង  Minibar  ទូរទូរទស្សន៍', 'LOAN', NULL, 2, 2, 108, '2019-11-05 14:43:03', NULL, 'Y', 3, NULL, 1, 0, '000006', '000107', ''),
(108, 5716.67, 'Y', '2019-11-02', 'ទូរចង្ក្រានលើ-ក្រោម ចង្ក្រានអគ្គីសនី ម៉ាស៊ីនបឺតផ្សែង  Minibar  ទូរទូរទស្សន៍', 'LOAN', NULL, 2, 2, 142, '2019-11-05 14:46:49', NULL, 'Y', 3, NULL, 1, 0, '000006', '000108', ''),
(109, 3850, 'Y', '2019-11-01', 'ទូរចង្ក្រានលើ-ក្រោម ចង្ក្រានអគ្គីសនី ម៉ាស៊ីនបឺតផ្សែង  Minibar  ទូរទូរទស្សន៍', 'LOAN', NULL, 2, 2, 161, '2019-11-05 14:48:54', NULL, 'Y', 3, NULL, 1, 0, '000006', '000109', ''),
(110, 5366.67, 'Y', '2019-11-05', 'ទូរចង្ក្រានលើ-ក្រោម ចង្ក្រានអគ្គីសនី ម៉ាស៊ីនបឺតផ្សែង  Minibar  ទូរទូរទស្សន៍', 'LOAN', NULL, 2, 2, 264, '2019-11-05 14:53:36', NULL, 'Y', 3, NULL, 1, 0, '000005', '000110', ''),
(111, 4735.29, 'Y', '2019-11-05', 'ទូរចង្ក្រានលើ-ក្រោម ចង្ក្រានអគ្គីសនី ម៉ាស៊ីនបឺតផ្សែង  Minibar  ទូរទូរទស្សន៍', 'LOAN', NULL, 2, 2, 301, '2019-11-05 14:54:41', NULL, 'Y', 3, NULL, 1, 0, '000004', '000111', ''),
(112, 2000, 'Y', '2019-10-21', NULL, 'BOOK', NULL, 2, 2, 476, '2019-11-06 16:01:40', NULL, 'Y', 3, NULL, 1, NULL, '000001', NULL, NULL),
(113, 12900, 'Y', '2019-11-18', 'ទូរចង្ក្រានលើ-ក្រោម ចង្ក្រានអគ្គីសនី ម៉ាស៊ីនបឺតផ្សែង   ទូរទូរទស្សន៍', 'ADV', NULL, 2, 2, 460, '2019-11-19 16:00:50', NULL, 'Y', 3, NULL, 1, 0, '000004', '000113', ''),
(114, 5016.67, 'Y', '2019-11-18', 'ទូរចង្ក្រានលើ-ក្រោម ចង្ក្រានអគ្គីសនី ម៉ាស៊ីនបឺតផ្សែង   ទូរទូរទស្សន៍', 'LOAN', NULL, 5, 2, 418, '2019-11-19 16:44:54', NULL, 'Y', 3, NULL, 1, 0, '000006', '000114', ''),
(115, 5016.67, 'Y', '2019-11-18', 'ទូរចង្ក្រានលើ-ក្រោម ចង្ក្រានអគ្គីសនី ម៉ាស៊ីនបឺតផ្សែង   ទូរទូរទស្សន៍', 'LOAN', NULL, 5, 1, 440, '2019-11-19 16:45:51', NULL, 'Y', 3, NULL, 1, 0, '000006', '000115', ''),
(116, 2000, 'Y', '2019-10-18', NULL, 'BOOK', NULL, 2, 2, 498, '2019-11-19 17:06:29', NULL, 'Y', 3, NULL, 1, NULL, '000001', NULL, NULL),
(117, 2000, 'Y', '2019-10-18', NULL, 'BOOK', NULL, 2, 2, 595, '2019-11-30 16:19:50', NULL, 'Y', 2, NULL, 1, NULL, '000001', NULL, NULL),
(118, 2000, 'Y', '2019-10-18', NULL, 'BOOK', NULL, 2, 2, 621, '2019-11-30 16:26:09', NULL, 'Y', 2, NULL, 1, NULL, '000001', NULL, NULL),
(119, 3850, 'Y', '2019-12-01', 'ទូរចង្ក្រានលើ-ក្រោម ចង្ក្រានអគ្គីសនី ម៉ាស៊ីនបឺតផ្សែង  Minibar  ទូរទូរទស្សន៍', 'LOAN', NULL, 2, 2, 162, '2019-12-02 11:08:18', NULL, 'Y', 3, NULL, 1, 0, '000007', '000119', ''),
(120, 3850, 'N', '2019-12-02', 'ទូរចង្ក្រានលើ-ក្រោម ចង្ក្រានអគ្គីសនី ម៉ាស៊ីនបឺតផ្សែង  Minibar  ទូរទូរទស្សន៍', 'LOAN', NULL, 2, 2, 25, '2019-12-02 12:26:03', '2019-12-03 09:26:01', 'N', 3, 3, 1, 0, '000006', '000120', ''),
(121, 12000, 'Y', '2019-12-02', 'ទូរចង្ក្រានលើ-ក្រោម ចង្ក្រានអគ្គីសនី ម៉ាស៊ីនបឺតផ្សែង  Minibar  ទូរទូរទស្សន៍', 'ADV', NULL, 2, 2, 365, '2019-12-02 12:28:00', NULL, 'Y', 3, NULL, 1, 0, '000003', '000121', ''),
(122, 12000, 'Y', '2019-12-02', 'ទូរចង្ក្រានលើ-ក្រោម ចង្ក្រានអគ្គីសនី ម៉ាស៊ីនបឺតផ្សែង  Minibar  ទូរទូរទស្សន៍', 'ADV', NULL, 2, 2, 386, '2019-12-02 12:28:57', NULL, 'Y', 3, NULL, 1, 0, '000003', '000122', ''),
(123, 3850, 'Y', '2019-12-02', 'ទូរចង្ក្រានលើ-ក្រោម ចង្ក្រានអគ្គីសនី ម៉ាស៊ីនបឺតផ្សែង  Minibar  ទូរទូរទស្សន៍', 'LOAN', NULL, 2, 2, 44, '2019-12-02 12:29:44', NULL, 'Y', 3, NULL, 1, 0, '000006', '000123', ''),
(124, 2000, 'Y', '2019-10-18', NULL, 'BOOK', NULL, 2, 2, 647, '2019-12-02 13:02:18', NULL, 'Y', 3, NULL, 1, NULL, '000001', NULL, NULL),
(125, 2000, 'Y', '2019-10-18', NULL, 'BOOK', NULL, 2, 2, 673, '2019-12-02 13:11:06', NULL, 'Y', 3, NULL, 1, NULL, '000001', NULL, NULL),
(126, 2000, 'Y', '2019-10-18', NULL, 'BOOK', NULL, 2, 2, 699, '2019-12-02 14:21:22', NULL, 'Y', 3, NULL, 1, NULL, '000001', NULL, NULL),
(127, 10220, 'Y', '2019-12-02', 'ទូរចង្ក្រានលើ-ក្រោម ចង្ក្រានអគ្គីសនី  ម៉ាស៊ីនបឺតផ្សែង  Minibar  ទូរទូរទស្សន៍', 'LOAN', NULL, 2, 2, 241, '2019-12-02 16:41:11', NULL, 'Y', 3, NULL, 1, 0, '000006', '000127', ''),
(128, 3850, 'Y', '2019-12-03', 'ទូរចង្ក្រានលើ-ក្រោម ចង្ក្រានអគ្គីសនី ម៉ាស៊ីនបឺតផ្សែង  Minibar  ទូរទូរទស្សន៍', 'LOAN', NULL, 2, 2, 65, '2019-12-03 09:20:37', NULL, 'Y', 3, NULL, 1, 0, '000006', '000128', ''),
(129, 3850, 'Y', '2019-12-03', 'ទូរចង្ក្រានលើ-ក្រោម ចង្ក្រានអគ្គីសនី   ម៉ាស៊ីនបឺតផ្សែង  Minibar  ទូរទូរទស្សន៍', 'LOAN', NULL, 2, 2, 25, '2019-12-03 09:26:33', NULL, 'Y', 3, NULL, 1, 0, '000006', '000129', ''),
(130, 59920, 'Y', '2019-11-06', 'ទូរចង្ក្រានលើ-ក្រោម ចង្ក្រានអគ្គីសនី  ម៉ាស៊ីនបឺតផ្សែង  Minibar  ទូរទូរទស្សន៍', 'ADV', NULL, 2, 2, 477, '2019-12-03 11:34:53', NULL, 'Y', 3, NULL, 1, 0, '000002', '000130', ''),
(131, 2000, 'Y', '2019-10-25', NULL, 'BOOK', NULL, 5, 2, 725, '2019-12-03 14:22:06', NULL, 'Y', 3, NULL, 1, NULL, '000001', NULL, NULL),
(132, 7700, 'Y', '2019-12-03', 'ទូរចង្ក្រានលើ-ក្រោម ចង្ក្រានអគ្គីសនី ម៉ាស៊ីនបឺតផ្សែង  Minibar  ទូរទូរទស្សន៍', 'LOAN', NULL, 2, 2, 220, '2019-12-03 15:04:58', NULL, 'Y', 3, NULL, 1, 0, '000006', '000132', ''),
(133, 5366.67, 'N', '2019-12-04', 'ទូរចង្ក្រានលើ-ក្រោម ចង្ក្រានអគ្គីសនី  ម៉ាស៊ីនបឺតផ្សែង  Minibar  ទូរទូរទស្សន៍', 'LOAN', NULL, 2, 2, 265, '2019-12-04 16:20:19', '2019-12-04 16:38:38', 'N', 3, 3, 1, 0, '000006', '000133', ''),
(134, 4735.29, 'N', '2019-12-04', 'ទូរចង្ក្រានលើ-ក្រោម ចង្ក្រានអគ្គីសនី ម៉ាស៊ីនបឺតផ្សែង  Minibar  ទូរទូរទស្សន៍', 'LOAN', NULL, 2, 2, 302, '2019-12-04 16:22:08', '2019-12-04 16:38:32', 'N', 3, 3, 1, 0, '000005', '000134', ''),
(135, 3850, 'Y', '2019-12-04', 'ទូរចង្ក្រានលើ-ក្រោម ចង្ក្រានអគ្គីសនី ម៉ាស៊ីនបឺតផ្សែង  Minibar  ទូរទូរទស្សន៍', 'LOAN', NULL, 2, 2, 109, '2019-12-04 16:39:20', NULL, 'Y', 3, NULL, 1, 0, '000007', '000135', ''),
(136, 3225, 'Y', '2019-12-05', 'ទូរចង្ក្រានលើ-ក្រោម ចង្ក្រានអគ្គីសនី  ម៉ាស៊ីនបឺតផ្សែង  Minibar  ទូរទូរទស្សន៍', 'LOAN', NULL, 2, 2, 478, '2019-12-05 13:45:53', NULL, 'Y', 3, NULL, 1, 0, '000003', '000136', ''),
(137, 2000, 'Y', '2019-12-03', 'ទូរចង្ក្រានលើ-ក្រោម ចង្ក្រានអគ្គីសនី ម៉ាស៊ីនបឺតផ្សែង  Minibar  ទូរទូរទស្សន៍', 'ADV', NULL, 2, 2, 726, '2019-12-05 13:52:27', NULL, 'Y', 3, NULL, 1, 0, '000002', '000137', ''),
(138, 5366.67, 'Y', '2019-12-05', 'ទូរចង្ក្រានលើ-ក្រោម ចង្ក្រានអគ្គីសនី  ម៉ាស៊ីនបឺតផ្សែង  Minibar  ទូរទូរទស្សន៍', 'LOAN', NULL, 2, 2, 265, '2019-12-05 13:55:46', NULL, 'Y', 3, NULL, 1, 0, '000006', '000138', ''),
(139, 4735.29, 'N', '2019-12-05', 'ទូរចង្ក្រានលើ-ក្រោម ចង្ក្រានអគ្គីសនី  ម៉ាស៊ីនបឺតផ្សែង  Minibar  ទូរទូរទស្សន៍', 'LOAN', NULL, 2, 2, 302, '2019-12-05 14:00:38', '2019-12-05 14:11:30', 'N', 3, 3, 1, 0, '000005', '000139', ''),
(140, 4735.29, 'Y', '2019-12-05', 'ទូរចង្ក្រានលើ-ក្រោម ចង្ក្រានអគ្គីសនី  ម៉ាស៊ីនបឺតផ្សែង  Minibar  ទូរទូរទស្សន៍', 'LOAN', NULL, 2, 2, 302, '2019-12-05 14:13:17', NULL, 'Y', 3, NULL, 1, 0, '000005', '000140', ''),
(141, 4620, 'Y', '2019-12-05', '', 'LOAN', NULL, 2, 2, 184, '2019-12-05 14:33:19', NULL, 'Y', 3, NULL, 1, 0, '000007', '000141', ''),
(142, 4950, 'Y', '2019-12-05', '', 'LOAN', NULL, 2, 2, 131, '2019-12-05 14:43:53', NULL, 'Y', 3, NULL, 1, 0, '000007', '000142', ''),
(143, 5180, 'Y', '2019-12-05', '', 'LOAN', NULL, 2, 2, 202, '2019-12-05 14:45:21', NULL, 'Y', 3, NULL, 1, 0, '000006', '000143', ''),
(144, 5016.67, 'Y', '2019-12-15', '', 'LOAN', NULL, 2, 3, 419, '2019-12-16 10:20:42', NULL, 'Y', 3, NULL, 1, 0, '000007', '000144', ''),
(145, 5016.67, 'Y', '2019-12-15', '', 'LOAN', NULL, 2, 3, 441, '2019-12-16 10:21:57', NULL, 'Y', 3, NULL, 1, 0, '000007', '000145', ''),
(146, 2000, 'Y', '2019-12-16', NULL, 'BOOK', NULL, 2, 1, 763, '2019-12-16 15:02:07', NULL, 'Y', 3, NULL, 1, NULL, '000001', NULL, NULL),
(147, 2000, 'Y', '2019-12-16', NULL, 'BOOK', NULL, 2, 1, 783, '2019-12-16 15:05:39', NULL, 'Y', 3, NULL, 1, NULL, '000001', NULL, NULL),
(148, 2000, 'Y', '2019-12-16', NULL, 'BOOK', NULL, 2, 1, 803, '2019-12-16 15:13:54', NULL, 'Y', 3, NULL, 1, NULL, '000001', NULL, NULL),
(149, 5716.67, 'Y', '2019-12-02', '', 'LOAN', NULL, 2, 2, 143, '2019-12-17 14:15:06', NULL, 'Y', 3, NULL, 1, 0, '000007', '000149', ''),
(150, 1655, 'Y', '2019-10-18', '', 'ADV', NULL, 5, 2, 700, '2019-12-17 14:31:53', NULL, 'Y', 3, NULL, 1, 0, '000002', '000150', ''),
(151, 1655, 'Y', '2019-11-16', '', 'ADV', NULL, 5, 2, 701, '2019-12-17 14:34:25', NULL, 'Y', 3, NULL, 1, 0, '000003', '000151', ''),
(152, 1655, 'Y', '2019-12-16', '', 'ADV', NULL, 5, 2, 702, '2019-12-17 14:35:57', NULL, 'Y', 3, NULL, 1, 0, '000004', '000152', ''),
(153, 7420, 'Y', '2019-11-04', 'បង់ទឹកប្រាក់លើស 8,480$ ដកប្រាក់បាញ់ថ្នាំកណ្តៀរ 345$នៅសល់ 8,135$ សម្រាប់ទូទាត់ខែបន្ទាប់', 'LOAN', NULL, 2, 2, 5, '2019-12-17 15:07:45', NULL, 'Y', 3, NULL, 1, 0, '000005', '000153', ''),
(154, 7420, 'Y', '2019-11-04', 'យោងពីខែ១១=8,135$ ដកប្រាក់ត្រូវបង់ប្រចាំខែ១២=7,420$ ប្រាក់នៅសល់715$ សម្រាប់ទូទាត់ខែបន្ទាប់', 'LOAN', NULL, 2, 2, 6, '2019-12-17 15:15:39', NULL, 'Y', 3, NULL, 1, 0, '000006', '000154', ''),
(155, 6020, 'Y', '2019-12-17', '', 'LOAN', NULL, 2, 2, 461, '2019-12-18 12:14:46', NULL, 'Y', 3, NULL, 1, 0, '000005', '000155', ''),
(156, 2000, 'Y', '2019-11-01', NULL, 'BOOK', NULL, 2, 1, 823, '2019-12-19 14:56:40', NULL, 'Y', 3, NULL, 1, NULL, '000001', NULL, NULL),
(157, 2645, 'Y', '2019-11-08', '', 'ADV', NULL, 2, 1, 824, '2019-12-19 15:01:59', NULL, 'Y', 3, NULL, 1, 0, '000002', '000157', ''),
(158, 1000, 'Y', '2019-11-30', 'បានទទួលយក Iphone 11 pro   ថ្ងៃទី០៤ ខែធ្នូ ឆ្នាំ២០១៩', 'ADV', NULL, 2, 1, 825, '2019-12-19 15:07:15', NULL, 'Y', 3, NULL, 1, 0, '000003', '000158', ''),
(159, 1000, 'Y', '2019-06-03', NULL, 'BOOK', NULL, 5, 1, 843, '2019-12-19 15:34:05', NULL, 'Y', 3, NULL, 1, NULL, '000001', NULL, NULL),
(160, 5290, 'Y', '2019-06-10', '', 'ADV', NULL, 6, 1, 844, '2019-12-19 15:36:24', NULL, 'Y', 3, NULL, 1, 0, '000002', '000160', ''),
(161, 6290, 'Y', '2019-07-10', '', 'ADV', NULL, 5, 1, 845, '2019-12-19 15:37:39', NULL, 'Y', 3, NULL, 1, 0, '000003', '000161', ''),
(162, 6290, 'Y', '2019-08-10', '', 'ADV', NULL, 5, 1, 846, '2019-12-19 15:38:23', NULL, 'Y', 3, NULL, 1, 0, '000004', '000162', ''),
(163, 8400, 'Y', '2019-06-10', '', 'ADV', NULL, 5, 1, 849, '2019-12-21 13:53:52', NULL, 'Y', 3, NULL, 1, 0, '000001', '000163', ''),
(164, 8400, 'Y', '2019-08-02', '', 'ADV', NULL, 5, 1, 850, '2019-12-21 13:54:41', NULL, 'Y', 3, NULL, 1, 0, '000002', '000164', ''),
(165, 8400, 'Y', '2019-09-02', '', 'ADV', NULL, 5, 1, 851, '2019-12-21 13:55:49', NULL, 'Y', 3, NULL, 1, 0, '000003', '000165', ''),
(166, 4786.67, 'Y', '2019-10-12', '', 'LOAN', NULL, 2, 1, 852, '2019-12-21 13:59:46', NULL, 'Y', 3, NULL, 1, 0, '000004', '000166', ''),
(167, 4786.67, 'Y', '2019-11-07', '', 'LOAN', NULL, 5, 3, 853, '2019-12-21 14:00:42', NULL, 'Y', 3, NULL, 1, 0, '000005', '000167', ''),
(168, 4786.67, 'Y', '2019-12-05', '', 'LOAN', NULL, 2, 1, 854, '2019-12-21 14:01:28', NULL, 'Y', 3, NULL, 1, 0, '000006', '000168', ''),
(169, 2000, 'Y', '2019-06-14', NULL, 'BOOK', NULL, 5, 2, 867, '2019-12-21 14:19:06', NULL, 'Y', 3, NULL, 1, NULL, '000001', NULL, NULL),
(170, 7166.5, 'N', '2019-06-14', '', 'ADV', NULL, 5, 2, 868, '2019-12-21 14:21:05', '2019-12-21 14:21:38', 'N', 3, 3, 1, 0, '000002', '000170', ''),
(171, 7166.5, 'Y', '2019-07-02', '', 'ADV', NULL, 5, 2, 868, '2019-12-21 14:27:40', NULL, 'Y', 3, NULL, 1, 0, '000002', '000171', ''),
(172, 9166.5, 'Y', '2019-08-02', '', 'ADV', NULL, 5, 2, 869, '2019-12-21 14:28:04', NULL, 'Y', 3, NULL, 1, 0, '000003', '000172', ''),
(173, 9166.5, 'Y', '2019-09-06', '', 'ADV', NULL, 2, 2, 870, '2019-12-21 14:28:50', NULL, 'Y', 3, NULL, 1, 0, '000004', '000173', ''),
(174, 5144.37, 'Y', '2019-10-07', '', 'LOAN', NULL, 2, 2, 871, '2019-12-21 14:29:38', NULL, 'Y', 3, NULL, 1, 0, '000005', '000174', ''),
(175, 5144.37, 'Y', '2019-11-17', '', 'LOAN', NULL, 2, 2, 872, '2019-12-21 14:30:26', NULL, 'Y', 3, NULL, 1, 0, '000006', '000175', ''),
(176, 1000, 'Y', '2019-03-20', NULL, 'BOOK', NULL, 5, 1, 886, '2019-12-21 14:50:44', NULL, 'Y', 3, NULL, 1, NULL, '000001', NULL, NULL),
(177, 7400, 'Y', '2019-07-21', '', 'ADV', NULL, 5, 1, 887, '2019-12-21 14:53:01', NULL, 'Y', 3, NULL, 1, 0, '000002', '000177', ''),
(178, 8400, 'Y', '2019-08-05', '', 'ADV', NULL, 5, 1, 888, '2019-12-21 14:53:30', NULL, 'Y', 3, NULL, 1, 0, '000003', '000178', ''),
(179, 8400, 'Y', '2019-09-14', '', 'ADV', NULL, 2, 1, 889, '2019-12-21 14:54:14', NULL, 'Y', 3, NULL, 1, 0, '000004', '000179', ''),
(180, 4786.67, 'N', '2019-10-07', '', 'LOAN', NULL, 2, 1, 890, '2019-12-21 14:54:43', '2019-12-21 14:57:06', 'N', 3, 3, 1, 0, '000005', '000180', ''),
(181, 4786.67, 'Y', '2019-11-14', '', 'LOAN', NULL, 2, 1, 891, '2019-12-21 14:55:52', NULL, 'Y', 3, NULL, 1, 0, '000006', '000181', ''),
(182, 4786.67, 'Y', '2019-11-14', '', 'LOAN', NULL, 2, 1, 890, '2019-12-21 15:00:13', NULL, 'Y', 3, NULL, 1, 239.33, '000005', '000182', ''),
(183, 2000, 'Y', '2019-08-01', NULL, 'BOOK', NULL, 2, 2, 905, '2019-12-21 15:31:49', NULL, 'Y', 3, NULL, 1, NULL, '000001', NULL, NULL),
(184, 2000, 'Y', '2019-08-01', NULL, 'BOOK', NULL, 2, 2, 908, '2019-12-21 15:39:10', NULL, 'Y', 3, NULL, 1, NULL, '000001', NULL, NULL),
(185, 2000, 'Y', '2019-08-01', NULL, 'BOOK', NULL, 2, 2, 911, '2019-12-21 15:42:40', NULL, 'Y', 3, NULL, 1, NULL, '000001', NULL, NULL),
(186, 2000, 'Y', '2019-10-15', NULL, 'BOOK', NULL, 2, 1, 914, '2019-12-22 10:32:25', NULL, 'Y', 3, NULL, 1, NULL, '000001', NULL, NULL),
(187, 2760.75, 'N', '2019-08-08', '', 'ADV', NULL, 2, 2, 906, '2019-12-22 10:35:52', '2020-01-17 15:37:32', 'N', 3, 3, 1, 0, '000002', '000187', ''),
(188, 1695, 'N', '2019-08-08', '', 'ADV', NULL, 2, 2, 909, '2019-12-22 10:37:28', '2020-01-17 15:49:39', 'N', 3, 3, 1, 0, '000002', '000188', ''),
(189, 1695, 'N', '2019-08-01', '', 'ADV', NULL, 2, 2, 912, '2019-12-22 10:38:30', '2020-01-17 15:49:51', 'N', 3, 3, 1, 0, '000002', '000189', ''),
(190, 1028, 'Y', '2019-10-20', '', 'ADV', NULL, 2, 1, 915, '2019-12-22 10:40:36', NULL, 'Y', 3, NULL, 1, 0, '000002', '000190', ''),
(191, 1028, 'Y', '2019-11-15', '', 'ADV', NULL, 2, 1, 916, '2019-12-22 10:41:22', NULL, 'Y', 3, NULL, 1, 0, '000003', '000191', ''),
(192, 1028, 'Y', '2019-12-12', '', 'ADV', NULL, 2, 1, 917, '2019-12-22 10:41:56', NULL, 'Y', 3, NULL, 1, 0, '000004', '000192', ''),
(193, 1000, 'Y', '2019-06-10', NULL, 'BOOK', NULL, 5, 1, 940, '2019-12-22 12:05:23', NULL, 'Y', 3, NULL, 1, NULL, '000001', NULL, NULL),
(194, 1000, 'Y', '2019-06-14', NULL, 'BOOK', NULL, 5, 1, 959, '2019-12-22 14:07:11', NULL, 'Y', 3, NULL, 1, NULL, '000001', NULL, NULL),
(195, 12000, 'Y', '2019-11-06', NULL, 'BOOK', NULL, 2, 1, 978, '2019-12-22 14:34:20', NULL, 'Y', 3, NULL, 1, NULL, '000001', NULL, NULL),
(196, 5090, 'Y', '2019-06-14', '', 'ADV', NULL, 5, 2, 941, '2019-12-23 10:26:02', NULL, 'Y', 3, NULL, 1, 0, '000002', '000196', ''),
(197, 6090, 'Y', '2019-08-02', '', 'ADV', NULL, 5, 2, 942, '2019-12-23 10:26:51', NULL, 'Y', 3, NULL, 1, 0, '000003', '000197', ''),
(198, 6090, 'Y', '2019-09-04', '', 'ADV', NULL, 2, 2, 943, '2019-12-23 10:28:50', NULL, 'Y', 3, NULL, 1, 0, '000004', '000198', ''),
(199, 3708.67, 'Y', '2019-10-03', '', 'LOAN', NULL, 2, 2, 944, '2019-12-23 10:29:45', NULL, 'Y', 3, NULL, 1, 0, '000005', '000199', ''),
(200, 3708.67, 'Y', '2019-11-04', '', 'LOAN', NULL, 2, 2, 945, '2019-12-23 10:30:18', NULL, 'Y', 3, NULL, 1, 0, '000006', '000200', ''),
(201, 3708.67, 'Y', '2019-12-05', '', 'LOAN', NULL, 2, 2, 946, '2019-12-23 10:31:16', NULL, 'Y', 3, NULL, 1, 0, '000007', '000201', ''),
(202, 5090, 'N', '2019-06-14', '', 'ADV', NULL, 5, 1, 960, '2019-12-23 10:32:19', '2019-12-23 10:33:12', 'N', 3, 3, 1, 0, '000002', '000202', ''),
(203, 5090, 'Y', '2019-06-21', '', 'ADV', NULL, 5, 1, 960, '2019-12-23 10:33:46', NULL, 'Y', 3, NULL, 1, 0, '000002', '000203', ''),
(204, 6090, 'Y', '2019-08-05', '', 'ADV', NULL, 5, 1, 961, '2019-12-23 10:34:29', NULL, 'Y', 3, NULL, 1, 0, '000003', '000204', ''),
(205, 6090, 'Y', '2019-09-14', '', 'ADV', NULL, 2, 1, 962, '2019-12-23 10:35:23', NULL, 'Y', 3, NULL, 1, 0, '000004', '000205', ''),
(206, 3708.67, 'Y', '2019-11-14', '', 'LOAN', NULL, 2, 1, 963, '2019-12-23 10:45:05', NULL, 'Y', 3, NULL, 1, 185.43, '000005', '000206', ''),
(207, 3708.67, 'N', '2019-11-14', '', 'LOAN', NULL, 2, 2, 964, '2019-12-23 10:45:44', '2019-12-23 10:47:02', 'N', 3, 3, 1, 0, '000006', '000207', ''),
(208, 3708.67, 'Y', '2019-11-14', '', 'LOAN', NULL, 2, 1, 964, '2019-12-23 10:47:33', NULL, 'Y', 3, NULL, 1, 0, '000006', '000208', ''),
(209, 934, 'Y', '2019-12-04', 'បានទទួល Iphone 11 pro', 'ADV', NULL, 2, 1, 979, '2019-12-23 11:09:26', NULL, 'Y', 3, NULL, 1, 0, '000002', '000209', ''),
(210, 8896.5, 'Y', '2019-07-01', '', 'ADV', NULL, 5, 2, 1015, '2019-12-23 14:54:47', NULL, 'Y', 3, NULL, 1, 0, '000001', '000210', ''),
(211, 8896.5, 'Y', '2019-08-03', '', 'ADV', NULL, 2, 2, 1016, '2019-12-23 14:58:57', NULL, 'Y', 3, NULL, 1, 0, '000002', '000211', ''),
(212, 8896.5, 'Y', '2019-09-19', '', 'ADV', NULL, 2, 2, 1017, '2019-12-23 15:00:25', NULL, 'Y', 3, NULL, 1, 0, '000003', '000212', ''),
(213, 4181.97, 'Y', '2019-10-03', '', 'LOAN', NULL, 2, 2, 1018, '2019-12-23 15:02:16', NULL, 'Y', 3, NULL, 1, 0, '000004', '000213', ''),
(214, 4181.97, 'Y', '2019-11-25', '', 'LOAN', NULL, 2, 2, 1019, '2019-12-23 15:05:00', NULL, 'Y', 3, NULL, 1, 0, '000005', '000214', ''),
(215, 4181.97, 'Y', '2019-12-15', '', 'LOAN', NULL, 2, 2, 1020, '2019-12-23 15:06:05', NULL, 'Y', 3, NULL, 1, 0, '000006', '000215', ''),
(216, 2000, 'Y', '2019-08-31', NULL, 'BOOK', NULL, 2, 1, 1036, '2019-12-23 15:45:20', NULL, 'Y', 3, NULL, 1, NULL, '000001', NULL, NULL),
(217, 4000.75, 'Y', '2019-09-18', '', 'ADV', NULL, 2, 1, 1037, '2019-12-23 15:56:40', NULL, 'Y', 3, NULL, 1, 0, '000002', '000217', ''),
(218, 1028, 'Y', '2019-12-26', '', 'ADV', NULL, 5, 1, 918, '2019-12-25 16:32:25', NULL, 'Y', 3, NULL, 1, 0, '000005', '000218', ''),
(219, 5144.37, 'Y', '2019-12-26', '', 'LOAN', NULL, 2, 2, 873, '2019-12-26 12:03:16', NULL, 'Y', 3, NULL, 1, 0, '000007', '000219', ''),
(220, 2000, 'Y', '2019-12-26', NULL, 'BOOK', NULL, 2, 1, 1039, '2019-12-26 16:21:19', NULL, 'Y', 3, NULL, 1, NULL, '000001', NULL, NULL),
(221, 1000, 'N', '2020-01-01', 'ភ្ញៀវមកយកទូរស័ព្ទហើយ', 'ADV', NULL, 2, 1, 1040, '2019-12-26 16:28:31', '2019-12-27 14:02:15', 'N', 3, 3, 1, 0, '000002', '000221', ''),
(222, 26155.71, 'Y', '2019-06-28', '', 'ADV', NULL, 5, 2, 1059, '2019-12-27 11:28:40', NULL, 'Y', 3, NULL, 1, 0, '000001', '000222', ''),
(223, 3663.26, 'Y', '2019-07-30', '', 'LOAN', NULL, 5, 2, 1060, '2019-12-27 11:29:26', NULL, 'Y', 3, NULL, 1, 0, '000002', '000223', ''),
(224, 19374.6, 'Y', '2019-06-28', '', 'ADV', NULL, 5, 2, 1077, '2019-12-27 11:30:34', NULL, 'Y', 3, NULL, 1, 0, '000001', '000224', ''),
(225, 2713.53, 'Y', '2019-07-30', '', 'LOAN', NULL, 5, 2, 1078, '2019-12-27 11:31:04', NULL, 'Y', 3, NULL, 1, 0, '000002', '000225', ''),
(226, 3526.03, 'Y', '2019-09-03', '', 'LOAN', NULL, 2, 2, 1079, '2019-12-27 11:31:37', NULL, 'Y', 3, NULL, 1, 0, '000003', '000226', ''),
(227, 3526.03, 'Y', '2019-09-30', '', 'LOAN', NULL, 2, 2, 1080, '2019-12-27 11:33:22', NULL, 'Y', 3, NULL, 1, 0, '000004', '000227', ''),
(228, 3526.03, 'Y', '2019-11-01', '', 'LOAN', NULL, 2, 2, 1081, '2019-12-27 11:34:09', NULL, 'Y', 3, NULL, 1, 0, '000005', '000228', ''),
(229, 3526.03, 'Y', '2019-12-06', '', 'LOAN', NULL, 2, 2, 1082, '2019-12-27 11:35:00', NULL, 'Y', 3, NULL, 1, 0, '000006', '000229', ''),
(230, 4475.77, 'Y', '2019-09-03', '', 'LOAN', NULL, 2, 2, 1061, '2019-12-27 11:36:21', NULL, 'Y', 3, NULL, 1, 0, '000003', '000230', ''),
(231, 4475.77, 'Y', '2019-09-30', '', 'LOAN', NULL, 2, 2, 1062, '2019-12-27 11:37:16', NULL, 'Y', 3, NULL, 1, 0, '000004', '000231', ''),
(232, 4475.77, 'Y', '2019-11-01', '', 'LOAN', NULL, 2, 2, 1063, '2019-12-27 11:37:41', NULL, 'Y', 3, NULL, 1, 0, '000005', '000232', ''),
(233, 4475.77, 'Y', '2019-12-06', '', 'LOAN', NULL, 2, 2, 1064, '2019-12-27 11:38:43', NULL, 'Y', 3, NULL, 1, 0, '000006', '000233', ''),
(234, 6750, 'N', '2019-10-05', 'បង់បីខែមុន (05-10-19ដល់ 01-01-2020)', 'ADV', NULL, 2, 1, 320, '2019-12-27 14:53:06', '2019-12-27 14:53:55', 'N', 3, 3, 1, 0, '000005', '000234', ''),
(235, 2000, 'Y', '2019-12-28', NULL, 'BOOK', NULL, 2, 1, 1095, '2019-12-28 10:37:49', NULL, 'Y', 3, NULL, 1, NULL, '000001', NULL, NULL),
(236, 2000, 'Y', '2019-12-28', NULL, 'BOOK', NULL, 2, 1, 1115, '2019-12-28 10:42:11', NULL, 'Y', 3, NULL, 1, NULL, '000001', NULL, NULL),
(237, 6750, 'Y', '2019-12-28', 'បង់បួនខែមុន (01-01-2020 ដល់ 01-04-2020 )', 'ADV', NULL, 14, 1, 320, '2019-12-28 11:27:23', NULL, 'Y', 3, NULL, 1, 0, '000005', '000237', ''),
(238, 6750, 'Y', '2019-12-28', 'យោងពីខែ01', 'ADV', NULL, 14, 1, 321, '2019-12-28 11:28:42', NULL, 'Y', 3, NULL, 1, 0, '000006', '000238', ''),
(239, 6750, 'Y', '2019-12-28', 'យោងពីខែ01', 'ADV', NULL, 14, 1, 322, '2019-12-28 11:29:17', NULL, 'Y', 3, NULL, 1, 0, '000007', '000239', ''),
(240, 4500, 'Y', '2019-12-28', 'យោងពីខែ01', 'LOAN', NULL, 14, 1, 323, '2019-12-28 11:29:40', NULL, 'Y', 3, NULL, 1, 0, '000008', '000240', ''),
(241, 2000, 'Y', '2019-07-30', NULL, 'BOOK', NULL, 2, 1, 1135, '2019-12-30 09:43:51', NULL, 'Y', 3, NULL, 1, NULL, '000001', NULL, NULL),
(242, 10700, 'Y', '2019-08-07', '', 'ADV', NULL, 2, 2, 1136, '2019-12-30 09:46:11', NULL, 'Y', 3, NULL, 1, 0, '000002', '000242', ''),
(243, 12700, 'Y', '2019-09-05', '', 'ADV', NULL, 2, 2, 1137, '2019-12-30 09:47:31', NULL, 'Y', 3, NULL, 1, 0, '000003', '000243', ''),
(244, 12700, 'Y', '2019-10-03', '', 'ADV', NULL, 2, 2, 1138, '2019-12-30 09:48:16', NULL, 'Y', 3, NULL, 1, 0, '000004', '000244', ''),
(245, 5926.67, 'Y', '2019-11-05', '', 'LOAN', NULL, 2, 2, 1139, '2019-12-30 09:48:53', NULL, 'Y', 3, NULL, 1, 0, '000005', '000245', ''),
(246, 5926.67, 'Y', '2019-12-05', '', 'LOAN', NULL, 2, 2, 1140, '2019-12-30 09:49:59', NULL, 'Y', 3, NULL, 1, 0, '000006', '000246', ''),
(247, 3708.67, 'Y', '2019-12-30', '', 'LOAN', NULL, 2, 1, 965, '2019-12-30 15:50:50', NULL, 'Y', 3, NULL, 1, 0, '000007', '000247', ''),
(248, 4786.67, 'Y', '2019-12-30', '', 'LOAN', NULL, 2, 1, 892, '2019-12-30 15:51:39', NULL, 'Y', 3, NULL, 1, 0, '000007', '000248', ''),
(249, 6350, 'Y', '2020-01-02', '', 'ADV', NULL, 2, 1, 804, '2020-01-02 10:38:39', NULL, 'Y', 3, NULL, 1, 0, '000002', '000249', ''),
(250, 3850, 'Y', '2020-01-01', '', 'LOAN', NULL, 2, 2, 163, '2020-01-02 11:28:18', NULL, 'Y', 3, NULL, 1, 0, '000008', '000250', ''),
(251, 1000, 'Y', '2020-01-02', '', 'ADV', NULL, 2, 1, 826, '2020-01-02 12:00:29', NULL, 'Y', 3, NULL, 1, 0, '000004', '000251', ''),
(252, 7700, 'Y', '2020-01-03', '', 'LOAN', NULL, 2, 1, 221, '2020-01-03 14:31:18', NULL, 'Y', 3, NULL, 1, 0, '000007', '000252', ''),
(253, 3850, 'Y', '2020-01-02', '', 'LOAN', NULL, 2, 2, 45, '2020-01-03 14:46:08', NULL, 'Y', 3, NULL, 1, 0, '000007', '000253', ''),
(254, 4666.67, 'Y', '2020-01-02', '', 'LOAN', NULL, 2, 2, 366, '2020-01-03 14:47:32', NULL, 'Y', 3, NULL, 1, 0, '000004', '000254', ''),
(255, 4666.67, 'Y', '2020-01-02', '', 'LOAN', NULL, 2, 2, 387, '2020-01-03 14:48:07', NULL, 'Y', 3, NULL, 1, 0, '000004', '000255', ''),
(256, 3850, 'Y', '2020-01-03', '', 'LOAN', NULL, 2, 2, 66, '2020-01-04 09:00:54', NULL, 'Y', 3, NULL, 1, 0, '000007', '000256', ''),
(257, 3850, 'Y', '2020-01-03', '', 'LOAN', NULL, 2, 2, 26, '2020-01-04 09:01:46', NULL, 'Y', 3, NULL, 1, 0, '000007', '000257', ''),
(258, 4475.77, 'Y', '2020-01-03', 'បង់សរុបC11 +Cc12=8,002$', 'LOAN', NULL, 2, 2, 1065, '2020-01-04 09:27:46', NULL, 'Y', 3, NULL, 1, 0, '000007', '000258', ''),
(259, 3526.03, 'Y', '2020-01-03', '', 'LOAN', NULL, 2, 2, 1083, '2020-01-04 09:28:15', NULL, 'Y', 3, NULL, 1, 0, '000007', '000259', ''),
(260, 934, 'Y', '2020-01-03', '', 'ADV', NULL, 2, 2, 980, '2020-01-04 09:29:04', NULL, 'Y', 3, NULL, 1, 0, '000003', '000260', ''),
(261, 2545, 'Y', '2020-01-04', '', 'ADV', NULL, 2, 1, 1116, '2020-01-04 12:57:52', NULL, 'Y', 3, NULL, 1, 0, '000002', '000261', ''),
(262, 4786.67, 'Y', '2020-01-04', '', 'LOAN', NULL, 2, 1, 855, '2020-01-04 13:42:46', NULL, 'Y', 3, NULL, 1, 0, '000007', '000262', ''),
(263, 3850, 'Y', '2020-01-04', '', 'LOAN', NULL, 2, 2, 110, '2020-01-04 14:37:58', NULL, 'Y', 3, NULL, 1, 0, '000008', '000263', ''),
(264, 4950, 'N', '2020-01-05', '', 'LOAN', NULL, 5, 1, 132, '2020-01-04 16:09:24', '2020-01-04 16:10:19', 'N', 4, 4, 1, 0, '000008', '000264', ''),
(265, 2000, 'Y', '2020-01-04', NULL, 'BOOK', NULL, 5, 1, 1154, '2020-01-04 16:27:59', NULL, 'Y', 4, NULL, 1, NULL, '000001', NULL, NULL),
(266, 5850, 'N', '2020-01-09', '', 'ADV', NULL, 5, 1, 1155, '2020-01-04 16:32:41', '2020-01-04 16:46:46', 'N', 4, 4, 1, 0, '000002', '000266', ''),
(267, 5926.67, 'Y', '2020-01-05', '', 'LOAN', NULL, 2, 2, 1141, '2020-01-05 11:25:21', NULL, 'Y', 3, NULL, 1, 0, '000007', '000267', ''),
(268, 5366.67, 'Y', '2020-01-05', 'ខ្វះ0.67$', 'LOAN', NULL, 2, 2, 266, '2020-01-05 15:37:08', NULL, 'Y', 3, NULL, 1, 0, '000007', '000268', ''),
(269, 4735.29, 'Y', '2020-01-05', 'ខ្វះ0.29$', 'LOAN', NULL, 2, 2, 303, '2020-01-05 15:38:01', NULL, 'Y', 3, NULL, 1, 0, '000006', '000269', ''),
(270, 4620, 'Y', '2020-01-05', '', 'LOAN', NULL, 2, 2, 185, '2020-01-05 15:58:53', NULL, 'Y', 3, NULL, 1, 0, '000008', '000270', ''),
(271, 5716.67, 'Y', '2020-01-05', '', 'LOAN', NULL, 2, 2, 144, '2020-01-06 09:40:22', NULL, 'Y', 3, NULL, 1, 0, '000008', '000271', ''),
(272, 5180, 'Y', '2020-01-06', '', 'LOAN', NULL, 2, 2, 203, '2020-01-06 11:33:28', NULL, 'Y', 3, NULL, 1, 0, '000007', '000272', ''),
(273, 4950, 'Y', '2020-01-06', '', 'LOAN', NULL, 2, 2, 132, '2020-01-06 11:34:01', NULL, 'Y', 3, NULL, 1, 0, '000008', '000273', ''),
(274, 4181.97, 'Y', '2020-01-06', 'ទូរចង្ក្រានលើ-ក្រោម ចង្ក្រានអគ្គីសនី  ម៉ាស៊ីនបឺតផ្សែង   ទូរទូរទស្សន៍', 'LOAN', NULL, 5, 2, 1021, '2020-01-06 16:27:06', NULL, 'Y', 3, NULL, 1, 0, '000007', '000274', ''),
(275, 10220, 'Y', '2020-01-06', '', 'LOAN', NULL, 2, 2, 242, '2020-01-06 16:56:26', NULL, 'Y', 3, NULL, 1, 0, '000007', '000275', ''),
(276, 3708.67, 'Y', '2020-01-07', '', 'LOAN', NULL, 2, 2, 947, '2020-01-08 09:16:44', NULL, 'Y', 3, NULL, 1, 0, '000008', '000276', ''),
(277, 3225, 'Y', '2020-01-08', 'ទូរចង្ក្រានលើ-ក្រោម ចង្ក្រានអគ្គីសនី  ម៉ាស៊ីនបឺតផ្សែង  Minibar  ទូរទូរទស្សន៍', 'LOAN', NULL, 5, 2, 479, '2020-01-08 12:40:47', NULL, 'Y', 3, NULL, 1, 0, '000004', '000277', ''),
(278, 7420, 'Y', '2020-01-08', 'យោងពីខែ11នៅសល់ប្រាក់=715$ ប្រាក់ត្រូវបង់ខែ01 =6,705$ សរុប 7,420$', 'LOAN', NULL, 2, 2, 7, '2020-01-08 16:59:16', NULL, 'Y', 3, NULL, 1, 0, '000007', '000278', ''),
(279, 8300, 'Y', '2020-01-10', 'Voucher 3000 $', 'ADV', NULL, 2, 1, 1174, '2020-01-10 10:12:32', NULL, 'Y', 3, NULL, 1, 0, '000001', '000279', ''),
(280, 2456, 'Y', '2020-01-15', '', 'ADV', NULL, 2, 1, 805, '2020-01-15 08:44:15', NULL, 'Y', 3, NULL, 1, 0, '000003', '000280', ''),
(281, 2767, 'Y', '2020-01-15', 'បង់ប្រាក់មុនខែ', 'ADV', NULL, 2, 1, 1175, '2020-01-15 08:48:09', NULL, 'Y', 3, NULL, 1, 0, '000002', '000281', ''),
(282, 5144.37, 'N', '2020-01-15', '', 'LOAN', NULL, 2, 2, 874, '2020-01-15 14:44:10', '2020-01-16 11:12:34', 'N', 3, 3, 1, 0, '000008', '000282', ''),
(283, 5144.37, 'Y', '2020-01-16', '', 'LOAN', NULL, 2, 2, 874, '2020-01-16 11:13:14', NULL, 'Y', 3, NULL, 1, 0, '000008', '000283', ''),
(284, 2000, 'Y', '2019-07-07', NULL, 'BOOK', NULL, 5, 2, 1191, '2020-01-16 11:58:08', NULL, 'Y', 3, NULL, 1, NULL, '000001', NULL, NULL),
(285, 4790, 'Y', '2019-07-16', '', 'ADV', NULL, 2, 2, 1192, '2020-01-16 12:02:44', NULL, 'Y', 3, NULL, 1, 0, '000002', '000285', ''),
(286, 6790, 'Y', '2019-08-16', '', 'ADV', NULL, 2, 2, 1193, '2020-01-16 12:03:31', NULL, 'Y', 3, NULL, 1, 0, '000003', '000286', ''),
(287, 6790, 'Y', '2019-09-16', '', 'ADV', NULL, 2, 2, 1194, '2020-01-16 12:04:03', NULL, 'Y', 3, NULL, 1, 0, '000004', '000287', ''),
(288, 4035.33, 'Y', '2019-10-16', '', 'LOAN', NULL, 2, 2, 1195, '2020-01-16 12:04:44', NULL, 'Y', 3, NULL, 1, 0, '000005', '000288', ''),
(289, 4035.33, 'Y', '2019-11-15', '', 'LOAN', NULL, 2, 2, 1196, '2020-01-16 12:05:12', NULL, 'Y', 3, NULL, 1, 0, '000006', '000289', ''),
(290, 4035.33, 'Y', '2019-12-16', '', 'LOAN', NULL, 2, 2, 1197, '2020-01-16 12:06:08', NULL, 'Y', 3, NULL, 1, 0, '000007', '000290', ''),
(291, 4035.33, 'Y', '2020-01-16', '', 'LOAN', NULL, 2, 2, 1198, '2020-01-16 12:06:46', NULL, 'Y', 3, NULL, 1, 0, '000008', '000291', ''),
(292, 5016.67, 'Y', '2020-01-17', '', 'LOAN', NULL, 2, 2, 420, '2020-01-17 12:15:29', NULL, 'Y', 3, NULL, 1, 0, '000008', '000292', ''),
(293, 5016.67, 'Y', '2020-01-17', '', 'LOAN', NULL, 2, 2, 442, '2020-01-17 12:16:09', NULL, 'Y', 3, NULL, 1, 0, '000008', '000293', ''),
(294, 1655, 'Y', '2020-01-17', '', 'ADV', NULL, 5, 2, 703, '2020-01-17 14:02:03', NULL, 'Y', 3, NULL, 1, 0, '000005', '000294', ''),
(295, 1000, 'Y', '2019-06-14', NULL, 'BOOK', NULL, 8, 1, 1222, '2020-01-17 15:01:02', NULL, 'Y', 3, NULL, 1, NULL, '000001', NULL, NULL),
(296, 1000, 'Y', '2019-03-18', NULL, 'BOOK', NULL, 5, 1, 1229, '2020-01-17 15:05:50', NULL, 'Y', 3, NULL, 1, NULL, '000001', NULL, NULL),
(297, 1000, 'Y', '2019-06-14', NULL, 'BOOK', NULL, 2, 1, 1236, '2020-01-17 15:14:49', NULL, 'Y', 3, NULL, 1, NULL, '000001', NULL, NULL),
(298, 2000, 'Y', '2019-07-17', NULL, 'BOOK', NULL, 5, 1, 1243, '2020-01-17 15:17:49', NULL, 'Y', 3, NULL, 1, NULL, '000001', NULL, NULL),
(299, 2000, 'Y', '2019-08-01', NULL, 'BOOK', NULL, 2, 2, 1250, '2020-01-17 15:46:53', NULL, 'Y', 3, NULL, 1, NULL, '000001', NULL, NULL),
(300, 2000, 'Y', '2019-08-01', NULL, 'BOOK', NULL, 2, 2, 1258, '2020-01-17 15:54:07', NULL, 'Y', 3, NULL, 1, NULL, '000001', NULL, NULL),
(301, 2000, 'Y', '2019-08-01', NULL, 'BOOK', NULL, 2, 2, 1266, '2020-01-17 15:57:16', NULL, 'Y', 3, NULL, 1, NULL, '000001', NULL, NULL),
(302, 2000, 'Y', '2019-08-01', NULL, 'BOOK', NULL, 2, 2, 1274, '2020-01-17 16:00:12', NULL, 'Y', 3, NULL, 1, NULL, '000001', NULL, NULL),
(303, 2000, 'Y', '2020-01-12', NULL, 'BOOK', NULL, 5, 1, 1288, '2020-01-18 14:06:58', NULL, 'Y', 2, NULL, 1, NULL, '000001', NULL, NULL);
INSERT INTO `tbl_installment_payment` (`inst_paid_id`, `inst_total_paid_amount`, `inst_paid_yn`, `inst_paid_date`, `inst_paid_des`, `inst_paid_status`, `inst_cancel_yn`, `rec_id`, `met_id`, `inst_id`, `regDt`, `upDt`, `useYn`, `regUsr`, `upUsr`, `com_id`, `inst_paid_penalty`, `inst_paid_inv_code`, `inst_paid_code`, `inst_paid_tran_id`) VALUES
(304, 2000, 'Y', '2020-01-19', NULL, 'BOOK', NULL, 12, 2, 1307, '2020-01-19 11:05:42', NULL, 'Y', 4, NULL, 1, NULL, '000001', NULL, NULL),
(305, 2000, 'Y', '2020-01-19', NULL, 'BOOK', NULL, 12, 2, 1326, '2020-01-20 11:39:50', NULL, 'Y', 3, NULL, 1, NULL, '000001', NULL, NULL),
(306, 6020, 'Y', '2020-01-20', '', 'LOAN', NULL, 2, 2, 462, '2020-01-20 15:14:05', NULL, 'Y', 3, NULL, 1, 0, '000006', '000306', ''),
(307, 38000, 'Y', '2019-07-01', 'ទទួលសែកពីឥណទានចែលាង', 'ADV', NULL, 5, 3, 1223, '2020-01-27 14:44:50', NULL, 'Y', 3, NULL, 1, 0, '000002', '000307', ''),
(308, 19500, 'Y', '2019-08-05', 'ទទួលសែកពីឥណទានចែលាង', 'ADV', NULL, 5, 3, 1224, '2020-01-27 14:45:23', NULL, 'Y', 3, NULL, 1, 0, '000003', '000308', ''),
(309, 19500, 'Y', '2019-09-17', 'ទទួលសែកពីឥណទានចែលាង', 'ADV', NULL, 5, 3, 1225, '2020-01-27 14:45:55', NULL, 'Y', 3, NULL, 1, 0, '000004', '000309', ''),
(310, 19500, 'Y', '2019-10-01', 'ទទួលសែកពីឥណទានចែលាង', 'ADV', NULL, 5, 3, 1226, '2020-01-27 14:46:20', NULL, 'Y', 3, NULL, 1, 0, '000005', '000310', ''),
(311, 19500, 'Y', '2019-11-04', 'ទទួលសែកពីឥណទានចែលាង', 'ADV', NULL, 5, 3, 1227, '2020-01-27 14:46:53', NULL, 'Y', 3, NULL, 1, 0, '000006', '000311', ''),
(312, 13000, 'Y', '2019-12-03', 'ទទួលសែកពីឥណទានចែលាង', 'ADV', NULL, 5, 3, 1228, '2020-01-27 14:47:27', NULL, 'Y', 3, NULL, 1, 0, '000007', '000312', ''),
(313, 26000, 'Y', '2019-07-17', 'ទទួលសែកពីឥណទានចែលាង (ដកកក់1,000$)', 'ADV', NULL, 5, 3, 1237, '2020-01-28 10:36:06', NULL, 'Y', 3, NULL, 1, 0, '000002', '000313', ''),
(314, 13500, 'Y', '2019-08-06', 'ទទួលសែកពីឥណទានចែលាង ', 'ADV', NULL, 5, 3, 1238, '2020-01-28 10:36:50', NULL, 'Y', 3, NULL, 1, 0, '000003', '000314', ''),
(315, 13500, 'Y', '2019-09-17', 'ទទួលសែកពីឥណទានចែលាង ', 'ADV', NULL, 5, 3, 1239, '2020-01-28 10:38:50', NULL, 'Y', 3, NULL, 1, 0, '000004', '000315', ''),
(316, 13500, 'Y', '2019-10-16', 'ទទួលសែកពីឥណទានចែលាង ', 'ADV', NULL, 5, 3, 1240, '2020-01-28 10:42:18', NULL, 'Y', 3, NULL, 1, 0, '000005', '000316', ''),
(317, 13500, 'Y', '2019-11-18', 'ទទួលសែកពីឥណទានចែលាង ', 'ADV', NULL, 5, 3, 1241, '2020-01-28 10:44:27', NULL, 'Y', 3, NULL, 1, 0, '000006', '000317', ''),
(318, 9000, 'Y', '2019-12-16', 'ទទួលសែកពីឥណទានចែលាង ', 'ADV', NULL, 5, 3, 1242, '2020-01-28 10:45:44', NULL, 'Y', 3, NULL, 1, 0, '000007', '000318', ''),
(319, 1000, 'Y', '2020-01-28', '', 'ADV', NULL, 2, 2, 1327, '2020-01-28 17:08:25', NULL, 'Y', 3, NULL, 1, 0, '000002', '000319', ''),
(320, 4786.67, 'Y', '2020-01-31', 'បង់លើសថ្ងៃមិនមានការពិន័យ', 'LOAN', NULL, 5, 2, 893, '2020-01-31 11:13:52', NULL, 'Y', 3, NULL, 1, 0, '000008', '000320', ''),
(321, 3708.67, 'Y', '2020-01-31', 'បង់លើសថ្ងៃមិនមានការពិន័យ', 'LOAN', NULL, 5, 2, 966, '2020-01-31 11:14:35', NULL, 'Y', 3, NULL, 1, 0, '000008', '000321', ''),
(322, 1337, 'Y', '2020-02-01', '', 'ADV', NULL, 2, 2, 1117, '2020-02-01 12:42:33', NULL, 'Y', 3, NULL, 1, 0, '000003', '000322', ''),
(323, 4666.67, 'Y', '2020-01-31', '', 'LOAN', NULL, 2, 2, 367, '2020-02-01 13:50:37', NULL, 'Y', 3, NULL, 1, 0, '000005', '000323', ''),
(324, 4666.67, 'Y', '2020-01-31', '', 'LOAN', NULL, 2, 2, 388, '2020-02-01 13:55:06', NULL, 'Y', 3, NULL, 1, 0, '000005', '000324', ''),
(325, 5144.37, 'Y', '2020-02-01', '', 'LOAN', NULL, 2, 2, 875, '2020-02-01 15:03:24', NULL, 'Y', 3, NULL, 1, 0, '000009', '000325', ''),
(326, 3850, 'Y', '2020-02-01', '', 'LOAN', NULL, 2, 2, 164, '2020-02-01 15:09:41', NULL, 'Y', 3, NULL, 1, 0, '000009', '000326', ''),
(327, 4786.67, 'Y', '2020-02-02', 'ទូរចង្ក្រានលើ-ក្រោម ចង្ក្រានអគ្គីសនី  ម៉ាស៊ីនបឺតផ្សែង   ទូរទូរទស្សន៍ ', 'LOAN', NULL, 5, 2, 856, '2020-02-02 09:26:59', NULL, 'Y', 4, NULL, 1, 0, '000008', '000327', ''),
(328, 1000, 'Y', '2020-02-02', 'ទូរចង្ក្រានលើ-ក្រោម ចង្ក្រានអគ្គីសនី ម៉ាស៊ីនបឺតផ្សែង   ទូរទូរទស្សន៍', 'ADV', NULL, 5, 1, 827, '2020-02-02 13:57:51', NULL, 'Y', 4, NULL, 1, 0, '000005', '000328', ''),
(329, 2000, 'Y', '2019-07-01', NULL, 'BOOK', NULL, 5, 1, 1345, '2020-02-03 10:45:31', NULL, 'Y', 3, NULL, 1, NULL, '000001', NULL, NULL),
(330, 2000, 'Y', '2019-06-23', NULL, 'BOOK', NULL, 5, 1, 1354, '2020-02-03 11:27:08', NULL, 'Y', 3, NULL, 1, NULL, '000001', NULL, NULL),
(331, 5716.67, 'Y', '2020-02-03', '', 'LOAN', NULL, 2, 2, 145, '2020-02-03 13:37:13', NULL, 'Y', 3, NULL, 1, 0, '000009', '000331', ''),
(332, 7700, 'Y', '2020-02-03', '', 'LOAN', NULL, 2, 1, 222, '2020-02-03 14:08:40', NULL, 'Y', 3, NULL, 1, 0, '000008', '000332', ''),
(333, 2000, 'Y', '2019-07-28', NULL, 'BOOK', NULL, 5, 2, 1358, '2020-02-03 15:04:33', NULL, 'Y', 3, NULL, 1, NULL, '000001', NULL, NULL),
(334, 3708.67, 'Y', '2020-02-04', '', 'LOAN', NULL, 2, 2, 948, '2020-02-04 09:02:25', NULL, 'Y', 3, NULL, 1, 0, '000009', '000334', ''),
(335, 3850, 'Y', '2020-02-03', '', 'LOAN', NULL, 2, 2, 111, '2020-02-04 09:30:09', NULL, 'Y', 3, NULL, 1, 0, '000009', '000335', ''),
(336, 934, 'Y', '2020-02-04', '', 'ADV', NULL, 2, 2, 981, '2020-02-04 09:31:26', NULL, 'Y', 3, NULL, 1, 0, '000004', '000336', ''),
(337, 3850, 'Y', '2020-01-31', '', 'LOAN', NULL, 2, 2, 46, '2020-02-04 10:38:41', NULL, 'Y', 3, NULL, 1, 0, '000008', '000337', ''),
(338, 7420, 'Y', '2020-02-04', '', 'LOAN', NULL, 2, 2, 8, '2020-02-04 15:18:22', NULL, 'Y', 3, NULL, 1, 0, '000008', '000338', ''),
(339, 4620, 'Y', '2020-02-04', '', 'LOAN', NULL, 2, 2, 186, '2020-02-04 16:13:37', NULL, 'Y', 3, NULL, 1, 0, '000009', '000339', ''),
(340, 3225, 'Y', '2020-02-05', '', 'LOAN', NULL, 2, 2, 480, '2020-02-05 10:41:11', NULL, 'Y', 2, NULL, 1, 0, '000005', '000340', ''),
(341, 5926.67, 'Y', '2020-02-05', '', 'LOAN', NULL, 2, 2, 1142, '2020-02-05 10:47:56', NULL, 'Y', 2, NULL, 1, 0, '000008', '000341', ''),
(342, 5180, 'Y', '2020-02-06', '', 'LOAN', NULL, 2, 2, 204, '2020-02-06 15:52:41', NULL, 'Y', 3, NULL, 1, 0, '000008', '000342', ''),
(343, 4950, 'Y', '2020-02-06', '', 'LOAN', NULL, 2, 2, 133, '2020-02-06 15:53:30', NULL, 'Y', 3, NULL, 1, 0, '000009', '000343', ''),
(344, 2000, 'Y', '2019-11-17', NULL, 'BOOK', NULL, 5, 1, 1365, '2020-02-08 13:57:10', NULL, 'Y', 3, NULL, 1, NULL, '000001', NULL, NULL),
(345, 2645, 'Y', '2019-11-24', '', 'ADV', NULL, 5, 1, 1366, '2020-02-08 14:02:03', NULL, 'Y', 3, NULL, 1, 0, '000002', '000345', ''),
(346, 1367, 'Y', '2019-12-15', '', 'ADV', NULL, 5, 1, 1367, '2020-02-08 14:02:45', NULL, 'Y', 3, NULL, 1, 0, '000003', '000346', ''),
(347, 1367, 'Y', '2020-01-12', '', 'ADV', NULL, 5, 1, 1368, '2020-02-08 14:03:41', NULL, 'Y', 3, NULL, 1, 0, '000004', '000347', ''),
(348, 2000, 'Y', '2019-07-31', NULL, 'BOOK', NULL, 5, 2, 1385, '2020-02-08 14:31:59', NULL, 'Y', 3, NULL, 1, NULL, '000001', NULL, NULL),
(349, 8000, 'Y', '2019-08-09', '', 'ADV', NULL, 5, 2, 1386, '2020-02-08 14:36:54', NULL, 'Y', 3, NULL, 1, 0, '000002', '000349', ''),
(350, 2000, 'Y', '2019-10-11', NULL, 'BOOK', NULL, 2, 1, 1389, '2020-02-08 14:50:41', NULL, 'Y', 3, NULL, 1, NULL, '000001', NULL, NULL),
(351, 62800, 'Y', '2019-11-28', '', 'ADV', NULL, 5, 1, 1390, '2020-02-08 14:54:05', NULL, 'Y', 3, NULL, 1, 0, '000002', '000351', ''),
(352, 3850, 'Y', '2020-02-06', '', 'LOAN', NULL, 2, 2, 27, '2020-02-08 15:03:00', NULL, 'Y', 3, NULL, 1, 0, '000008', '000352', ''),
(353, 3850, 'Y', '2020-02-06', '', 'LOAN', NULL, 2, 2, 67, '2020-02-08 15:04:42', NULL, 'Y', 3, NULL, 1, 0, '000008', '000353', ''),
(354, 5366.67, 'Y', '2020-02-06', '', 'LOAN', NULL, 2, 2, 267, '2020-02-08 15:05:16', NULL, 'Y', 3, NULL, 1, 0, '000008', '000354', ''),
(355, 4735.29, 'Y', '2020-02-06', '', 'LOAN', NULL, 2, 2, 304, '2020-02-08 15:05:35', NULL, 'Y', 3, NULL, 1, 0, '000007', '000355', ''),
(356, 1028, 'Y', '2020-02-09', 'ទូរចង្ក្រានលើ-ក្រោម ចង្ក្រានអគ្គីសនី ម៉ាស៊ីនបឺតផ្សែង   ទូរទូរទស្សន៍', 'ADV', NULL, 5, 1, 919, '2020-02-09 14:18:08', NULL, 'Y', 4, NULL, 1, 0, '000006', '000356', ''),
(357, 3526.03, 'Y', '2020-02-09', '', 'LOAN', NULL, 2, 2, 1084, '2020-02-11 15:21:42', NULL, 'Y', 3, NULL, 1, 0, '000008', '000357', ''),
(358, 4475.77, 'Y', '2020-02-09', '', 'LOAN', NULL, 2, 2, 1066, '2020-02-11 15:24:25', NULL, 'Y', 3, NULL, 1, 0, '000008', '000358', ''),
(359, 4181.97, 'Y', '2020-02-12', 'ទូរចង្ក្រានលើ-ក្រោម ចង្ក្រានអគ្គីសនី    ម៉ាស៊ីនបឺតផ្សែង   ទូរទូរទស្សន៍', 'LOAN', NULL, 5, 1, 1022, '2020-02-12 10:59:40', NULL, 'Y', 4, NULL, 1, 0, '000008', '000359', ''),
(360, 24770, 'Y', '2019-07-01', '', 'ADV', NULL, 5, 3, 1230, '2020-02-12 11:17:27', NULL, 'Y', 3, NULL, 1, 0, '000002', '000360', ''),
(361, 12885, 'Y', '2019-08-05', '', 'ADV', NULL, 5, 3, 1231, '2020-02-12 11:19:54', NULL, 'Y', 3, NULL, 1, 0, '000003', '000361', ''),
(362, 12885, 'Y', '2019-08-28', '', 'ADV', NULL, 5, 3, 1232, '2020-02-12 11:26:25', NULL, 'Y', 3, NULL, 1, 0, '000004', '000362', ''),
(363, 12885, 'Y', '2019-10-01', '', 'ADV', NULL, 5, 3, 1233, '2020-02-12 11:26:50', NULL, 'Y', 3, NULL, 1, 0, '000005', '000363', ''),
(364, 12885, 'Y', '2019-11-04', '', 'ADV', NULL, 5, 3, 1234, '2020-02-12 11:31:08', NULL, 'Y', 3, NULL, 1, 0, '000006', '000364', ''),
(365, 8590, 'Y', '2019-12-03', '', 'ADV', NULL, 5, 3, 1235, '2020-02-12 11:32:54', NULL, 'Y', 3, NULL, 1, 0, '000007', '000365', ''),
(366, 11000, 'Y', '2019-07-09', '', 'ADV', NULL, 5, 1, 1346, '2020-02-12 11:38:21', NULL, 'Y', 3, NULL, 1, 0, '000002', '000366', ''),
(367, 13000, 'Y', '2019-08-06', '', 'ADV', NULL, 2, 1, 1347, '2020-02-12 11:38:59', NULL, 'Y', 3, NULL, 1, 0, '000003', '000367', ''),
(368, 31200, 'Y', '2019-08-28', '', 'LOAN', NULL, 5, 3, 1348, '2020-02-12 12:46:56', NULL, 'Y', 3, NULL, 1, 0, '000004', '000368', ''),
(369, 15600, 'Y', '2019-10-01', '', 'LOAN', NULL, 5, 3, 1349, '2020-02-12 12:47:42', NULL, 'Y', 3, NULL, 1, 0, '000005', '000369', ''),
(370, 15600, 'Y', '2019-11-04', '', 'LOAN', NULL, 5, 3, 1350, '2020-02-12 12:51:05', NULL, 'Y', 3, NULL, 1, 0, '000006', '000370', ''),
(371, 15600, 'Y', '2019-12-03', '', 'LOAN', NULL, 5, 3, 1351, '2020-02-12 12:52:38', NULL, 'Y', 3, NULL, 1, 0, '000007', '000371', ''),
(372, 15600, 'Y', '2020-01-01', '', 'LOAN', NULL, 5, 3, 1352, '2020-02-12 13:00:39', NULL, 'Y', 3, NULL, 1, 0, '000008', '000372', ''),
(373, 10400, 'Y', '2020-02-04', '', 'LOAN', NULL, 5, 3, 1353, '2020-02-12 13:01:38', NULL, 'Y', 3, NULL, 1, 0, '000009', '000373', ''),
(374, 26170, 'Y', '2019-07-17', '', 'ADV', NULL, 5, 3, 1244, '2020-02-12 13:07:24', NULL, 'Y', 3, NULL, 1, 0, '000002', '000374', ''),
(375, 14085, 'Y', '2019-08-17', '', 'ADV', NULL, 5, 3, 1245, '2020-02-12 13:09:06', NULL, 'Y', 3, NULL, 1, 0, '000003', '000375', ''),
(376, 14085, 'Y', '2019-09-17', '', 'ADV', NULL, 5, 3, 1246, '2020-02-12 13:12:47', NULL, 'Y', 3, NULL, 1, 0, '000004', '000376', ''),
(377, 14085, 'Y', '2019-10-17', '', 'ADV', NULL, 5, 3, 1247, '2020-02-12 15:14:28', NULL, 'Y', 3, NULL, 1, 0, '000005', '000377', ''),
(378, 14085, 'N', '2019-12-16', '', 'ADV', NULL, 5, 3, 1248, '2020-02-12 15:17:50', '2020-02-12 15:18:34', 'N', 3, 3, 1, 0, '000006', '000378', ''),
(379, 14085, 'Y', '2019-11-18', '', 'ADV', NULL, 5, 3, 1248, '2020-02-12 15:19:09', NULL, 'Y', 3, NULL, 1, 0, '000006', '000379', ''),
(380, 9390, 'Y', '2019-12-16', '', 'ADV', NULL, 5, 3, 1249, '2020-02-12 15:20:13', NULL, 'Y', 3, NULL, 1, 0, '000007', '000380', ''),
(381, 27300, 'Y', '2019-07-01', '', 'ADV', NULL, 5, 3, 1282, '2020-02-12 15:21:57', NULL, 'Y', 3, NULL, 1, 0, '000001', '000381', ''),
(382, 13650, 'Y', '2019-08-05', '', 'ADV', NULL, 5, 3, 1283, '2020-02-12 15:22:24', NULL, 'Y', 3, NULL, 1, 0, '000002', '000382', ''),
(383, 13650, 'Y', '2019-08-28', '', 'ADV', NULL, 5, 3, 1284, '2020-02-12 15:24:17', NULL, 'Y', 3, NULL, 1, 0, '000003', '000383', ''),
(384, 13650, 'Y', '2019-10-01', '', 'ADV', NULL, 5, 3, 1285, '2020-02-12 15:24:39', NULL, 'Y', 3, NULL, 1, 0, '000004', '000384', ''),
(385, 13650, 'Y', '2019-11-01', '', 'ADV', NULL, 5, 3, 1286, '2020-02-12 15:25:30', NULL, 'Y', 3, NULL, 1, 0, '000005', '000385', ''),
(386, 9100, 'Y', '2019-12-03', '', 'ADV', NULL, 5, 3, 1287, '2020-02-12 15:25:57', NULL, 'Y', 3, NULL, 1, 0, '000006', '000386', ''),
(387, 2760.75, 'Y', '2019-08-08', '', 'ADV', NULL, 2, 2, 1251, '2020-02-12 15:26:56', NULL, 'Y', 3, NULL, 1, 0, '000002', '000387', ''),
(388, 27136.28, 'Y', '2019-08-28', 'ឥណទានចែលាង', 'LOAN', NULL, 5, 3, 1252, '2020-02-12 15:27:51', NULL, 'Y', 3, NULL, 1, 0, '000003', '000388', ''),
(389, 13568.14, 'Y', '2019-10-01', 'ឥណទានចែលាង', 'LOAN', NULL, 5, 3, 1253, '2020-02-12 15:28:22', NULL, 'Y', 3, NULL, 1, 0, '000004', '000389', ''),
(390, 13568.14, 'Y', '2019-11-04', 'ឥណទានចែលាង', 'LOAN', NULL, 5, 3, 1254, '2020-02-12 15:28:50', NULL, 'Y', 3, NULL, 1, 0, '000005', '000390', ''),
(391, 13568.14, 'Y', '2019-12-03', 'ឥណទានចែលាង', 'LOAN', NULL, 5, 3, 1255, '2020-02-12 15:29:20', NULL, 'Y', 3, NULL, 1, 0, '000006', '000391', ''),
(392, 13568.14, 'Y', '2020-01-01', 'ឥណទានចែលាង', 'LOAN', NULL, 5, 3, 1256, '2020-02-12 15:30:20', NULL, 'Y', 3, NULL, 1, 0, '000007', '000392', ''),
(393, 9045.41, 'N', '2019-02-07', 'ឥណទានចែលាង', 'LOAN', NULL, 5, 3, 1257, '2020-02-12 15:31:03', '2020-02-12 15:41:11', 'N', 3, 3, 1, 0, '000008', '000393', ''),
(394, 1695, 'Y', '2019-08-08', '', 'ADV', NULL, 2, 2, 1275, '2020-02-12 15:31:44', NULL, 'Y', 3, NULL, 1, 0, '000002', '000394', ''),
(395, 21061.5, 'Y', '2019-08-28', 'ឥណទានចែលាង', 'LOAN', NULL, 5, 3, 1276, '2020-02-12 15:32:43', NULL, 'Y', 3, NULL, 1, 0, '000003', '000395', ''),
(396, 10530.75, 'Y', '2019-10-01', 'ឥណទានចែលាង', 'LOAN', NULL, 5, 3, 1277, '2020-02-12 15:33:29', NULL, 'Y', 3, NULL, 1, 0, '000004', '000396', ''),
(397, 10530.75, 'Y', '2019-11-04', 'ឥណទានចែលាង', 'LOAN', NULL, 5, 3, 1278, '2020-02-12 15:33:55', NULL, 'Y', 3, NULL, 1, 0, '000005', '000397', ''),
(398, 10530.75, 'Y', '2019-12-03', 'ឥណទានចែលាង', 'LOAN', NULL, 5, 3, 1279, '2020-02-12 15:35:03', NULL, 'Y', 3, NULL, 1, 0, '000006', '000398', ''),
(399, 10530.75, 'Y', '2020-01-01', 'ឥណទានចែលាង', 'LOAN', NULL, 5, 3, 1280, '2020-02-12 15:35:39', NULL, 'Y', 3, NULL, 1, 0, '000007', '000399', ''),
(400, 7020.5, 'Y', '2020-02-07', 'ឥណទានចែលាង', 'LOAN', NULL, 5, 3, 1281, '2020-02-12 15:36:16', NULL, 'Y', 3, NULL, 1, 0, '000008', '000400', ''),
(401, 1695, 'Y', '2019-08-08', '', 'ADV', NULL, 2, 2, 1259, '2020-02-12 15:36:49', NULL, 'Y', 3, NULL, 1, 0, '000002', '000401', ''),
(402, 21061.5, 'Y', '2019-08-28', 'ឥណទានចែលាង', 'LOAN', NULL, 5, 3, 1260, '2020-02-12 15:37:17', NULL, 'Y', 3, NULL, 1, 0, '000003', '000402', ''),
(403, 10530.75, 'Y', '2019-10-01', 'ឥណទានចែលាង', 'LOAN', NULL, 5, 3, 1261, '2020-02-12 15:37:41', NULL, 'Y', 3, NULL, 1, 0, '000004', '000403', ''),
(404, 10530.75, 'Y', '2019-11-04', 'ឥណទានចែលាង', 'LOAN', NULL, 5, 3, 1262, '2020-02-12 15:38:51', NULL, 'Y', 3, NULL, 1, 0, '000005', '000404', ''),
(405, 10530.75, 'Y', '2019-12-03', 'ឥណទានចែលាង', 'LOAN', NULL, 5, 3, 1263, '2020-02-12 15:39:35', NULL, 'Y', 3, NULL, 1, 0, '000006', '000405', ''),
(406, 10530.75, 'Y', '2020-01-01', 'ឥណទានចែលាង', 'LOAN', NULL, 5, 3, 1264, '2020-02-12 15:40:07', NULL, 'Y', 3, NULL, 1, 0, '000007', '000406', ''),
(407, 7020.5, 'Y', '2020-02-07', 'ឥណទានចែលាង', 'LOAN', NULL, 5, 3, 1265, '2020-02-12 15:40:31', NULL, 'Y', 3, NULL, 1, 0, '000008', '000407', ''),
(408, 9045.41, 'Y', '2020-02-07', 'ឥណទានចែលាង', 'LOAN', NULL, 5, 3, 1257, '2020-02-12 15:41:31', NULL, 'Y', 3, NULL, 1, 0, '000008', '000408', ''),
(409, 32700, 'Y', '2019-07-15', 'ឥណទានចែលាង', 'ADV', NULL, 5, 3, 1210, '2020-02-12 15:43:15', NULL, 'Y', 3, NULL, 1, 0, '000001', '000409', ''),
(410, 16350, 'Y', '2019-08-15', 'ឥណទានចែលាង', 'LOAN', NULL, 5, 3, 1211, '2020-02-12 15:43:41', NULL, 'Y', 3, NULL, 1, 0, '000002', '000410', ''),
(411, 16350, 'Y', '2019-09-17', 'ឥណទានចែលាង', 'LOAN', NULL, 5, 3, 1212, '2020-02-12 15:44:05', NULL, 'Y', 3, NULL, 1, 0, '000003', '000411', ''),
(412, 16350, 'Y', '2019-10-14', 'ឥណទានចែលាង', 'LOAN', NULL, 6, 3, 1213, '2020-02-12 15:44:44', NULL, 'Y', 3, NULL, 1, 0, '000004', '000412', ''),
(413, 16350, 'Y', '2019-11-15', 'ឥណទានចែលាង', 'LOAN', NULL, 5, 3, 1214, '2020-02-12 15:45:17', NULL, 'Y', 3, NULL, 1, 0, '000005', '000413', ''),
(414, 10900, 'Y', '2019-12-16', 'ឥណទានចែលាង', 'LOAN', NULL, 5, 3, 1215, '2020-02-12 15:45:44', NULL, 'Y', 3, NULL, 1, 0, '000006', '000414', ''),
(415, 29700, 'Y', '2019-07-15', 'ឥណទានចែលាង', 'ADV', NULL, 5, 3, 1216, '2020-02-12 15:46:19', NULL, 'Y', 3, NULL, 1, 0, '000001', '000415', ''),
(416, 14850, 'Y', '2019-08-15', 'ឥណទានចែលាង', 'ADV', NULL, 5, 3, 1217, '2020-02-12 15:46:45', NULL, 'Y', 3, NULL, 1, 0, '000002', '000416', ''),
(417, 14850, 'Y', '2019-09-17', 'ឥណទានចែលាង', 'ADV', NULL, 5, 3, 1218, '2020-02-12 15:47:48', NULL, 'Y', 3, NULL, 1, 0, '000003', '000417', ''),
(418, 14850, 'Y', '2019-10-14', 'ឥណទានចែលាង', 'ADV', NULL, 5, 3, 1219, '2020-02-12 15:48:36', NULL, 'Y', 3, NULL, 1, 0, '000004', '000418', ''),
(419, 14850, 'Y', '2019-11-15', 'ឥណទានចែលាង', 'ADV', NULL, 5, 3, 1220, '2020-02-12 15:49:00', NULL, 'Y', 3, NULL, 1, 0, '000005', '000419', ''),
(420, 9900, 'Y', '2019-12-16', 'ឥណទានចែលាង', 'ADV', NULL, 5, 3, 1221, '2020-02-12 15:49:26', NULL, 'Y', 3, NULL, 1, 0, '000006', '000420', ''),
(421, 2456, 'Y', '2020-02-15', 'ទូរចង្ក្រានលើ-ក្រោម ចង្ក្រានអគ្គីសនី  ម៉ាស៊ីនបឺតផ្សែង  Minibar  ទូរទូរទស្សន៍          ', 'ADV', NULL, 5, 1, 806, '2020-02-15 10:39:05', NULL, 'Y', 4, NULL, 1, 0, '000004', '000421', ''),
(422, 5016.67, 'Y', '2020-02-16', '', 'LOAN', NULL, 2, 2, 421, '2020-02-16 09:09:30', NULL, 'Y', 3, NULL, 1, 0, '000009', '000422', ''),
(423, 5016.67, 'Y', '2020-02-16', '', 'LOAN', NULL, 2, 2, 443, '2020-02-16 09:11:02', NULL, 'Y', 3, NULL, 1, 0, '000009', '000423', ''),
(424, 1655, 'Y', '2020-02-15', '', 'ADV', NULL, 5, 2, 704, '2020-02-16 09:54:21', NULL, 'Y', 3, NULL, 1, 0, '000006', '000424', ''),
(425, 1367, 'N', '2020-02-12', 'ចំការដូង', 'ADV', NULL, 2, 2, 1369, '2020-02-19 09:32:12', '2020-02-19 09:32:45', 'N', 3, 3, 1, 0, '000005', '000425', ''),
(426, 1367, 'Y', '2020-02-13', 'ចំការដូង', 'ADV', NULL, 2, 2, 1369, '2020-02-19 09:33:25', NULL, 'Y', 3, NULL, 1, 0, '000005', '000426', ''),
(427, 4035.33, 'Y', '2020-02-20', '', 'LOAN', NULL, 2, 2, 1199, '2020-02-20 09:34:33', NULL, 'Y', 3, NULL, 1, 0, '000009', '000427', ''),
(428, 6020, 'Y', '2020-02-21', '', 'LOAN', NULL, 2, 2, 463, '2020-02-21 16:54:36', NULL, 'Y', 3, NULL, 1, 0, '000007', '000428', '');

-- --------------------------------------------------------

--
-- Table structure for table `tbl_menu`
--

DROP TABLE IF EXISTS `tbl_menu`;
CREATE TABLE IF NOT EXISTS `tbl_menu` (
  `menu_id` int(11) NOT NULL AUTO_INCREMENT,
  `menu_nm` varchar(30) COLLATE utf8_unicode_ci DEFAULT NULL,
  `menu_nm_kh` varchar(30) COLLATE utf8_unicode_ci DEFAULT NULL,
  `regDt` datetime DEFAULT NULL,
  `menu_icon_nm` varchar(30) COLLATE utf8_unicode_ci DEFAULT NULL,
  `menu_level` int(11) DEFAULT NULL,
  `menu_order` int(11) DEFAULT NULL,
  `menu_group` int(11) DEFAULT NULL,
  PRIMARY KEY (`menu_id`)
) ENGINE=InnoDB AUTO_INCREMENT=20 DEFAULT CHARSET=utf8 COLLATE=utf8_unicode_ci;

--
-- Dumping data for table `tbl_menu`
--

INSERT INTO `tbl_menu` (`menu_id`, `menu_nm`, `menu_nm_kh`, `regDt`, `menu_icon_nm`, `menu_level`, `menu_order`, `menu_group`) VALUES
(1, 'Branch', 'គំរោង', '2018-08-24 01:02:15', 'fa fa-home', NULL, 2, 1),
(3, 'Position', 'តួនាទីបុគ្គលិក', '2018-08-24 02:59:23', 'fa fa-user-plus', NULL, 4, 1),
(4, 'Staff', 'បុគ្គលិក', '2018-08-24 02:59:23', 'fa fa-users', 0, 8, 2),
(5, 'User Account', 'គណនី​អ្នកប្រើប្រាស់', '2018-08-24 02:59:23', 'fa fa-user-circle-o', NULL, 5, 1),
(6, 'Supplier', 'អ្នកផ្គត់ផ្គង់', '2018-08-24 02:59:23', 'fa fa-address-card-o', NULL, 7, 2),
(7, 'Category', 'ប្រភេទអចលនទ្រព្យ', '2018-08-24 02:59:23', 'fa fa-tags', NULL, 3, 1),
(8, 'House', 'អចលនទ្រព្យ', '2018-08-24 02:59:23', 'fa fa-building-o', NULL, 10, 2),
(9, 'Contract', 'កក់ប្រាក់', '2018-08-24 02:59:23', 'fa fa-handshake-o', NULL, 11, 3),
(10, 'Sell', 'លក់ចេញ', '2018-08-24 02:59:23', 'fa fa-shopping-cart', NULL, 12, 3),
(11, 'Installment Payment', 'បង់ប្រាក់', '2018-08-24 02:59:23', 'fa fa-line-chart', NULL, 13, 3),
(12, 'Dashboard', 'ផ្ទាំងគ្រប់គ្រង', '2018-08-24 03:02:26', 'fa fa-dashboard', NULL, 1, 0),
(13, 'Commission Report', 'កំរៃជើងសារ', '2019-07-10 11:09:02', 'fa fa-pie-chart', NULL, 16, 3),
(14, 'Expend', 'ការចំណាយ', '2019-07-10 11:15:28', 'fa fa-bar-chart', NULL, 17, 3),
(15, 'Payment Report', 'ទិន្នន័យបង់ប្រាក់', '2019-07-10 11:15:28', 'fa fa-area-chart', NULL, 14, 3),
(16, 'Salary', 'ប្រាក់ខែបុគ្គលិក', '2019-07-10 11:15:28', 'fa fa-university', NULL, 15, 3),
(18, 'Commission Setting', 'កំណត់កំរៃជើងសារ', '2019-07-10 11:18:24', 'fa fa-money', NULL, 6, 1),
(19, 'Customer', 'អតិថិជន', '2019-07-11 14:40:11', 'fa fa-address-card', NULL, 9, 2);

-- --------------------------------------------------------

--
-- Table structure for table `tbl_menu_company`
--

DROP TABLE IF EXISTS `tbl_menu_company`;
CREATE TABLE IF NOT EXISTS `tbl_menu_company` (
  `menu_id` int(11) NOT NULL,
  `com_id` int(11) NOT NULL,
  `upDt` datetime DEFAULT NULL,
  `regDt` datetime DEFAULT NULL,
  `useYn` varchar(1) COLLATE utf8_unicode_ci DEFAULT NULL,
  PRIMARY KEY (`menu_id`,`com_id`)
) ENGINE=InnoDB DEFAULT CHARSET=utf8 COLLATE=utf8_unicode_ci;

--
-- Dumping data for table `tbl_menu_company`
--

INSERT INTO `tbl_menu_company` (`menu_id`, `com_id`, `upDt`, `regDt`, `useYn`) VALUES
(1, 1, NULL, '2019-09-13 09:50:01', 'Y'),
(3, 1, NULL, '2019-09-13 09:50:01', 'Y'),
(4, 1, NULL, '2019-09-13 09:50:01', 'Y'),
(5, 1, NULL, '2019-09-13 09:50:01', 'Y'),
(6, 1, NULL, '2019-09-13 09:50:01', 'Y'),
(7, 1, NULL, '2019-09-13 09:50:01', 'Y'),
(8, 1, NULL, '2019-09-13 09:50:01', 'Y'),
(9, 1, NULL, '2019-09-13 09:50:01', 'Y'),
(10, 1, NULL, '2019-09-13 09:50:01', 'Y'),
(11, 1, NULL, '2019-09-13 09:50:01', 'Y'),
(12, 1, NULL, '2019-09-13 09:50:01', 'Y'),
(13, 1, NULL, '2019-09-13 09:50:01', 'Y'),
(14, 1, NULL, '2019-09-13 09:50:01', 'Y'),
(15, 1, NULL, '2019-09-13 09:50:01', 'Y'),
(16, 1, NULL, '2019-09-13 09:50:01', 'Y'),
(17, 1, NULL, '2019-09-13 09:50:01', 'Y'),
(18, 1, NULL, '2019-09-13 09:50:01', 'Y'),
(19, 1, NULL, '2019-09-13 09:50:01', 'Y');

-- --------------------------------------------------------

--
-- Table structure for table `tbl_menu_user`
--

DROP TABLE IF EXISTS `tbl_menu_user`;
CREATE TABLE IF NOT EXISTS `tbl_menu_user` (
  `menu_id` int(11) NOT NULL,
  `usr_id` int(11) NOT NULL,
  `upDt` datetime DEFAULT NULL,
  `regDt` datetime DEFAULT NULL,
  `useYn` varchar(1) COLLATE utf8_unicode_ci NOT NULL,
  PRIMARY KEY (`menu_id`,`usr_id`)
) ENGINE=InnoDB DEFAULT CHARSET=utf8 COLLATE=utf8_unicode_ci;

--
-- Dumping data for table `tbl_menu_user`
--

INSERT INTO `tbl_menu_user` (`menu_id`, `usr_id`, `upDt`, `regDt`, `useYn`) VALUES
(1, 2, NULL, '2019-09-13 09:50:01', 'Y'),
(1, 3, NULL, '2020-01-22 13:27:30', 'Y'),
(1, 4, NULL, '2020-01-17 11:18:08', 'Y'),
(1, 5, NULL, '2020-01-17 11:07:35', 'Y'),
(1, 6, NULL, '2020-01-17 11:11:46', 'Y'),
(3, 2, NULL, '2019-09-13 09:50:01', 'Y'),
(3, 3, NULL, '2020-01-22 13:27:30', 'Y'),
(3, 4, NULL, '2020-01-17 11:18:08', 'Y'),
(3, 5, NULL, '2020-01-17 11:07:35', 'Y'),
(3, 6, NULL, '2020-01-17 11:11:46', 'Y'),
(4, 2, NULL, '2019-09-13 09:50:01', 'Y'),
(4, 3, NULL, '2020-01-22 13:27:30', 'Y'),
(4, 4, NULL, '2020-01-17 11:18:08', 'Y'),
(4, 5, NULL, '2020-01-17 11:07:35', 'Y'),
(4, 6, NULL, '2020-01-17 11:11:46', 'Y'),
(5, 2, NULL, '2019-09-13 09:50:01', 'Y'),
(5, 3, NULL, '2020-01-22 13:27:30', 'Y'),
(5, 4, NULL, '2020-01-17 11:18:08', 'Y'),
(5, 5, NULL, '2020-01-17 11:07:35', 'Y'),
(5, 6, NULL, '2020-01-17 11:11:46', 'Y'),
(6, 2, NULL, '2019-09-13 09:50:01', 'Y'),
(6, 3, NULL, '2020-01-22 13:27:30', 'Y'),
(6, 4, NULL, '2020-01-17 11:18:08', 'Y'),
(6, 5, NULL, '2020-01-17 11:07:35', 'Y'),
(6, 6, NULL, '2020-01-17 11:11:46', 'Y'),
(7, 2, NULL, '2019-09-13 09:50:01', 'Y'),
(7, 3, NULL, '2020-01-22 13:27:30', 'Y'),
(7, 4, NULL, '2020-01-17 11:18:08', 'Y'),
(7, 5, NULL, '2020-01-17 11:07:35', 'Y'),
(7, 6, NULL, '2020-01-17 11:11:46', 'Y'),
(8, 2, NULL, '2019-09-13 09:50:01', 'Y'),
(8, 3, NULL, '2020-01-22 13:27:30', 'Y'),
(8, 4, NULL, '2020-01-17 11:18:08', 'Y'),
(8, 5, NULL, '2020-01-17 11:07:35', 'Y'),
(8, 6, NULL, '2020-01-17 11:11:46', 'Y'),
(9, 2, NULL, '2019-09-13 09:50:01', 'Y'),
(9, 3, NULL, '2020-01-22 13:27:30', 'Y'),
(9, 4, NULL, '2020-01-17 11:18:08', 'Y'),
(9, 5, NULL, '2020-01-17 11:07:35', 'Y'),
(9, 6, NULL, '2020-01-17 11:11:46', 'Y'),
(10, 2, NULL, '2019-09-13 09:50:01', 'Y'),
(10, 3, NULL, '2020-01-22 13:27:30', 'Y'),
(10, 4, NULL, '2020-01-17 11:18:08', 'Y'),
(10, 5, NULL, '2020-01-17 11:07:35', 'Y'),
(10, 6, NULL, '2020-01-17 11:11:46', 'Y'),
(11, 2, NULL, '2019-09-13 09:50:01', 'Y'),
(11, 3, NULL, '2020-01-22 13:27:30', 'Y'),
(11, 4, NULL, '2020-01-17 11:18:08', 'Y'),
(11, 5, NULL, '2020-01-17 11:07:35', 'Y'),
(11, 6, NULL, '2020-01-17 11:11:46', 'Y'),
(12, 2, NULL, '2019-09-13 09:50:01', 'Y'),
(12, 3, NULL, '2020-01-22 13:27:30', 'Y'),
(12, 4, NULL, '2020-01-17 11:18:08', 'Y'),
(12, 5, NULL, '2020-01-17 11:07:35', 'Y'),
(12, 6, NULL, '2020-01-17 11:11:46', 'Y'),
(13, 2, NULL, '2019-09-13 09:50:01', 'Y'),
(13, 3, NULL, '2020-01-22 13:27:30', 'Y'),
(13, 4, NULL, '2020-01-17 11:18:08', 'Y'),
(13, 5, NULL, '2020-01-17 11:07:35', 'Y'),
(13, 6, NULL, '2020-01-17 11:11:46', 'Y'),
(14, 2, NULL, '2019-09-13 09:50:01', 'Y'),
(14, 3, NULL, '2020-01-22 13:27:30', 'Y'),
(14, 4, NULL, '2020-01-17 11:18:08', 'Y'),
(14, 5, NULL, '2020-01-17 11:07:35', 'Y'),
(14, 6, NULL, '2020-01-17 11:11:46', 'Y'),
(15, 2, NULL, '2019-09-13 09:50:01', 'Y'),
(15, 3, NULL, '2020-01-22 13:27:30', 'Y'),
(15, 4, NULL, '2020-01-17 11:18:08', 'Y'),
(15, 5, NULL, '2020-01-17 11:07:35', 'Y'),
(15, 6, NULL, '2020-01-17 11:11:46', 'Y'),
(16, 2, NULL, '2019-09-13 09:50:01', 'Y'),
(16, 4, NULL, '2020-01-17 11:18:08', 'Y'),
(16, 5, NULL, '2020-01-17 11:07:35', 'Y'),
(17, 2, NULL, '2019-09-13 09:50:01', 'Y'),
(18, 2, NULL, '2019-09-13 09:50:01', 'Y'),
(18, 3, NULL, '2020-01-22 13:27:30', 'Y'),
(18, 4, NULL, '2020-01-17 11:18:08', 'Y'),
(18, 5, NULL, '2020-01-17 11:07:35', 'Y'),
(19, 2, NULL, '2019-09-13 09:50:01', 'Y'),
(19, 3, NULL, '2020-01-22 13:27:30', 'Y'),
(19, 4, NULL, '2020-01-17 11:18:08', 'Y'),
(19, 5, NULL, '2020-01-17 11:07:35', 'Y'),
(19, 6, NULL, '2020-01-17 11:11:46', 'Y');

-- --------------------------------------------------------

--
-- Table structure for table `tbl_payment_method`
--

DROP TABLE IF EXISTS `tbl_payment_method`;
CREATE TABLE IF NOT EXISTS `tbl_payment_method` (
  `met_id` int(11) NOT NULL AUTO_INCREMENT,
  `met_nm` varchar(30) NOT NULL,
  `met_nm_kh` varchar(15) NOT NULL,
  PRIMARY KEY (`met_id`)
) ENGINE=MyISAM AUTO_INCREMENT=4 DEFAULT CHARSET=utf8;

--
-- Dumping data for table `tbl_payment_method`
--

INSERT INTO `tbl_payment_method` (`met_id`, `met_nm`, `met_nm_kh`) VALUES
(1, 'Cash', 'សាច់ប្រាក់'),
(2, 'ABA Bank', 'ធនាគារ ABA'),
(3, 'សែក', 'សែក');

-- --------------------------------------------------------

--
-- Table structure for table `tbl_position`
--

DROP TABLE IF EXISTS `tbl_position`;
CREATE TABLE IF NOT EXISTS `tbl_position` (
  `pos_id` int(11) NOT NULL AUTO_INCREMENT,
  `pos_nm` varchar(30) COLLATE utf8_unicode_ci NOT NULL,
  `pos_nm_kh` varchar(30) COLLATE utf8_unicode_ci DEFAULT NULL,
  `pos_des` text COLLATE utf8_unicode_ci,
  `regDt` datetime DEFAULT NULL,
  `upDt` datetime DEFAULT NULL,
  `useYn` varchar(1) COLLATE utf8_unicode_ci DEFAULT NULL,
  `regUsr` int(11) NOT NULL,
  `upUsr` int(11) NOT NULL,
  `com_id` int(11) NOT NULL,
  `pos_get_yn` varchar(1) COLLATE utf8_unicode_ci DEFAULT NULL,
  PRIMARY KEY (`pos_id`)
) ENGINE=InnoDB AUTO_INCREMENT=14 DEFAULT CHARSET=utf8 COLLATE=utf8_unicode_ci;

--
-- Dumping data for table `tbl_position`
--

INSERT INTO `tbl_position` (`pos_id`, `pos_nm`, `pos_nm_kh`, `pos_des`, `regDt`, `upDt`, `useYn`, `regUsr`, `upUsr`, `com_id`, `pos_get_yn`) VALUES
(1, 'Admin', 'ម្ចាស់ក្រុមហ៊ុន', NULL, '2019-09-13 09:50:01', NULL, 'Y', 0, 0, 1, 'N'),
(2, 'Accountant', 'គណនី', '', '2019-09-13 04:43:11', '2019-10-14 13:03:55', 'Y', 2, 0, 1, 'Y'),
(3, 'Engineer ', 'វិស្វករ', '', '2019-09-13 04:45:51', '2019-09-15 00:34:28', 'N', 2, 0, 1, 'Y'),
(4, 'Seller', 'អ្នកលក់', '', '2019-09-13 04:46:24', NULL, 'Y', 2, 0, 1, 'Y'),
(5, 'Agency', 'ភ្នាក់ងារ', '', '2019-09-17 15:18:07', NULL, 'Y', 3, 0, 1, 'Y'),
(6, 'Chief Financial Officer', 'ប្រធានហិរញ្ញវត្ថុ', '', '2019-10-14 15:07:10', NULL, 'Y', 3, 0, 1, 'Y'),
(7, 'Sale Manager ', 'ប្រធានផ្នែកលក់', '', '2019-10-14 16:09:14', NULL, 'Y', 3, 0, 1, 'Y'),
(8, 'Senior Sale', 'អ្នកលក់ជាន់ខ្ពស់', '', '2019-10-16 13:26:03', NULL, 'Y', 3, 0, 1, 'Y'),
(9, 'Deputy Financial Manager', 'អនុប្រធានហិរញ្ញវត្ថុ', '', '2019-10-16 13:30:56', NULL, 'Y', 3, 0, 1, 'Y'),
(10, 'Mean Tong', 'មាន តុង', '', '2020-01-08 10:47:58', '2020-01-08 10:48:14', 'N', 3, 0, 1, 'Y'),
(11, 'Deputy CEO', 'អគ្គនាយករង', '', '2020-01-08 10:50:46', NULL, 'Y', 3, 0, 1, 'Y'),
(12, 'CEO', 'អគ្គនាយក', '', '2020-01-17 11:02:30', NULL, 'Y', 3, 0, 1, 'Y'),
(13, 'General', 'ទូទៅ', '', '2020-02-07 15:06:37', NULL, 'Y', 4, 0, 1, 'Y');

-- --------------------------------------------------------

--
-- Table structure for table `tbl_product`
--

DROP TABLE IF EXISTS `tbl_product`;
CREATE TABLE IF NOT EXISTS `tbl_product` (
  `pro_id` int(11) NOT NULL AUTO_INCREMENT,
  `pro_code` varchar(10) COLLATE utf8_unicode_ci DEFAULT NULL,
  `pro_price` double DEFAULT NULL,
  `pro_sale_price` double DEFAULT NULL,
  `pro_number` varchar(50) COLLATE utf8_unicode_ci DEFAULT NULL COMMENT 'house No;',
  `pro_street` varchar(30) COLLATE utf8_unicode_ci NOT NULL,
  `pro_photo` text COLLATE utf8_unicode_ci,
  `pro_length` double DEFAULT NULL,
  `pro_width` double DEFAULT NULL,
  `pro_area` double DEFAULT NULL,
  `pro_room` int(11) DEFAULT NULL,
  `pro_toilet` int(11) DEFAULT NULL,
  `pro_floor` double DEFAULT NULL,
  `pro_des` text COLLATE utf8_unicode_ci,
  `pro_status` varchar(1) COLLATE utf8_unicode_ci DEFAULT NULL,
  `regDt` datetime DEFAULT NULL,
  `upDt` datetime DEFAULT NULL,
  `useYn` varchar(1) COLLATE utf8_unicode_ci NOT NULL,
  `regUsr` int(11) NOT NULL,
  `upUsr` int(11) NOT NULL,
  `com_id` int(11) NOT NULL,
  `cat_id` int(11) NOT NULL,
  `bra_id` int(11) DEFAULT NULL,
  `pro_land_width` double DEFAULT NULL,
  `pro_land_height` double DEFAULT NULL,
  PRIMARY KEY (`pro_id`)
) ENGINE=InnoDB AUTO_INCREMENT=156 DEFAULT CHARSET=utf8 COLLATE=utf8_unicode_ci;

--
-- Dumping data for table `tbl_product`
--

INSERT INTO `tbl_product` (`pro_id`, `pro_code`, `pro_price`, `pro_sale_price`, `pro_number`, `pro_street`, `pro_photo`, `pro_length`, `pro_width`, `pro_area`, `pro_room`, `pro_toilet`, `pro_floor`, `pro_des`, `pro_status`, `regDt`, `upDt`, `useYn`, `regUsr`, `upUsr`, `com_id`, `cat_id`, `bra_id`, `pro_land_width`, `pro_land_height`) VALUES
(1, 'AA1', 159000, 0, '', '', '', 15, 4.2, 172.2, 3, 4, 2.5, '', 'S', '2019-10-14 13:20:35', '2020-01-27 14:48:41', 'Y', 3, 3, 1, 3, 1, 4.2, 23),
(2, 'A2', 149000, 0, '', '', '', 15, 4.2, 172.2, 3, 4, 2.5, '', 'S', '2019-10-14 13:23:35', '2020-01-17 15:14:49', 'Y', 3, 3, 1, 3, 1, 4.2, 23),
(3, 'A3', 149000, 0, '', '', '', 15, 4.2, 172.2, 3, 4, 2.5, '', 'S', '2019-10-14 13:31:01', '2020-01-17 15:05:50', 'Y', 3, 3, 1, 3, 1, 4.2, 23),
(4, 'AA4', 159000, NULL, '', '', '', 15, 4.2, 172.2, 3, 4, 2.5, '', 'F', '2019-10-14 13:32:07', '2020-01-08 12:12:30', 'Y', 3, 3, 1, 3, 1, 4.2, 23),
(5, 'AA5', 159000, 0, '', '', '', 15, 4.2, 172.2, 3, 4, 2.5, '', 'S', '2019-10-14 13:33:16', '2020-02-03 10:45:30', 'Y', 3, 3, 1, 3, 1, 4.2, 23),
(6, 'A6', 149000, 0, '', '', '', 15, 4.2, 172.2, 3, 4, 2.5, '', 'S', '2019-10-14 13:33:32', '2020-01-17 15:17:49', 'Y', 3, 3, 1, 3, 1, 4.2, 23),
(7, 'AA7', 159000, 0, '', '', '', 15, 4.2, 172.2, 3, 4, 2.5, '', 'F', '2019-10-14 13:34:11', '2020-01-08 12:11:39', 'Y', 3, 3, 1, 3, 1, 4.2, 23),
(8, 'AA8', 159000, 0, '', '', '', 15, 4.2, 172.2, 3, 4, 2.5, '', 'S', '2019-10-14 13:40:07', '2020-01-08 12:11:22', 'Y', 3, 3, 1, 3, 1, 4.2, 23),
(9, 'A9', 149000, 0, '', '', '', 15, 4.2, 172.2, 3, 4, 2.5, '', 'S', '2019-10-14 13:40:24', '2020-01-08 12:11:08', 'Y', 3, 3, 1, 3, 1, 4.2, 23),
(10, 'A10', 135000, 0, '', '', '', 15, 4.2, 172.2, 3, 4, 2.5, '', 'S', '2019-10-14 13:49:10', '2020-02-08 14:50:41', 'Y', 3, 3, 1, 3, 1, 4.2, 23),
(11, 'A11', 149000, NULL, '', '', '', 15, 4.2, 172.2, 3, 4, 2.5, '', 'F', '2019-10-14 13:49:11', '2020-01-08 12:10:35', 'Y', 3, 3, 1, 3, 1, 4.2, 23),
(12, 'A12', 149000, 0, '', '', '', 15, 4.2, 172.2, 3, 4, 2.5, '', 'S', '2019-10-14 13:49:11', '2020-01-08 12:10:20', 'Y', 3, 3, 1, 3, 1, 4.2, 23),
(13, 'A13', 149000, NULL, '', '', '', 15, 4.2, 172.2, 3, 4, 2.5, '', 'F', '2019-10-14 13:49:11', '2020-01-08 12:10:04', 'Y', 3, 3, 1, 3, 1, 4.2, 23),
(14, 'A14', 149000, 0, '', '', '', 15, 4.2, 172.2, 3, 4, 2.5, '', 'S', '2019-10-14 13:49:11', '2020-01-08 12:09:46', 'Y', 3, 3, 1, 3, 1, 4.2, 23),
(15, 'A15', 149000, 0, '', '', '', 15, 4.2, 172.2, 3, 4, 2.5, '', 'S', '2019-10-14 13:49:11', '2020-01-08 12:09:28', 'Y', 3, 3, 1, 3, 1, 4.2, 23),
(16, 'A16', 149000, 0, '', '', '', 15, 4.2, 172.2, 3, 4, 2.5, '', 'S', '2019-10-14 13:49:11', '2020-01-08 12:09:10', 'Y', 3, 3, 1, 3, 1, 4.2, 23),
(17, 'A17', 149000, 0, '', '', '', 15, 4.2, 172.2, 3, 4, 2.5, '', 'S', '2019-10-14 13:49:11', '2020-01-08 12:08:53', 'Y', 3, 3, 1, 3, 1, 4.2, 23),
(18, 'A18', 149000, 0, NULL, '', '', 15, 4.2, 172.2, 3, 4, 2.5, '', 'S', '2019-10-14 13:49:11', '2020-01-18 14:06:58', 'Y', 3, 2, 1, 3, 1, 4.2, 23),
(19, 'A19', 149000, NULL, NULL, '', '', 15, 4.2, 172.2, 3, 4, 2.5, '', 'F', '2019-10-14 13:49:11', NULL, 'Y', 3, 0, 1, 3, 1, 4.2, 23),
(20, 'A20', 149000, NULL, NULL, '', '', 15, 4.2, 172.2, 3, 4, 2.5, '', 'F', '2019-10-14 13:49:11', NULL, 'Y', 3, 0, 1, 3, 1, 4.2, 23),
(21, 'A21', 149000, NULL, NULL, '', '', 15, 4.2, 172.2, 3, 4, 2.5, '', 'F', '2019-10-14 13:49:11', NULL, 'Y', 3, 0, 1, 3, 1, 4.2, 23),
(22, 'A22', 149000, NULL, NULL, '', '', 15, 4.2, 172.2, 3, 4, 2.5, '', 'F', '2019-10-14 13:49:11', NULL, 'Y', 3, 0, 1, 3, 1, 4.2, 23),
(23, 'A23', 149000, NULL, '', '', '', 15, 4.2, 172.2, 3, 4, 2.5, 'មិនចេញលក់', 'F', '2019-10-14 13:50:11', '2019-10-14 13:51:03', 'Y', 3, 3, 1, 3, 1, 4.2, 23),
(24, 'BB1', 125415, NULL, '', '', '', 12, 4.2, 159, 4, 5, 3, '', 'F', '2019-10-14 13:52:53', '2019-10-14 13:55:26', 'Y', 3, 3, 1, 3, 1, 4.2, 17.5),
(25, 'B2', 92900, NULL, '', '', '', 12, 4.2, 159, 4, 5, 3, '', 'F', '2019-10-14 13:55:37', '2019-10-14 13:56:13', 'Y', 3, 3, 1, 3, 1, 4.2, 17.5),
(26, 'B3', 92900, NULL, NULL, '', '', 12, 4.2, 159, 4, 5, 3, '', 'F', '2019-10-14 13:56:32', NULL, 'Y', 3, 0, 1, 3, 1, 4.2, 17.5),
(27, 'B4', 92900, NULL, NULL, '', '', 12, 4.2, 159, 4, 5, 3, '', 'F', '2019-10-14 13:56:32', NULL, 'Y', 3, 0, 1, 3, 1, 4.2, 17.5),
(28, 'B5', 92900, NULL, NULL, '', '', 12, 4.2, 159, 4, 5, 3, '', 'F', '2019-10-14 13:56:32', NULL, 'Y', 3, 0, 1, 3, 1, 4.2, 17.5),
(29, 'B6', 92900, NULL, NULL, '', '', 12, 4.2, 159, 4, 5, 3, '', 'F', '2019-10-14 13:56:32', NULL, 'Y', 3, 0, 1, 3, 1, 4.2, 17.5),
(30, 'B7', 92900, 0, NULL, '', '', 12, 4.2, 159, 4, 5, 3, '', 'S', '2019-10-14 13:56:32', '2019-12-28 10:42:11', 'Y', 3, 3, 1, 3, 1, 4.2, 17.5),
(31, 'B8', 92900, 0, NULL, '', '', 12, 4.2, 159, 4, 5, 3, '', 'S', '2019-10-14 13:56:32', '2019-12-19 14:56:40', 'Y', 3, 3, 1, 3, 1, 4.2, 17.5),
(32, 'B9', 92900, 0, NULL, '', '', 12, 4.2, 159, 4, 5, 3, '', 'S', '2019-10-14 13:56:33', '2020-01-16 11:58:08', 'Y', 3, 3, 1, 3, 1, 4.2, 17.5),
(33, 'B10', 92900, NULL, NULL, '', '', 12, 4.2, 159, 4, 5, 3, '', 'F', '2019-10-14 13:56:33', NULL, 'Y', 3, 0, 1, 3, 1, 4.2, 17.5),
(34, 'BB12', 92900, 0, '', '', '', 12, 4.2, 159, 4, 5, 3, '', 'S', '2019-10-14 13:56:33', '2019-12-21 13:45:55', 'Y', 3, 3, 1, 3, 1, 4.2, 17.5),
(35, 'BB13', 92900, 0, '', '', '', 12, 4.2, 159, 4, 5, 3, '', 'S', '2019-10-14 13:57:06', '2020-01-27 15:01:47', 'Y', 3, 3, 1, 3, 1, 4.2, 17.5),
(36, 'B14', 92900, NULL, '', '', '', 12, 4.2, 159, 4, 5, 3, '', 'F', '2019-10-14 13:57:52', '2019-10-14 13:58:10', 'Y', 3, 3, 1, 3, 1, 4.2, 17.5),
(37, 'B15', 92900, NULL, NULL, '', '', 12, 4.2, 159, 4, 5, 3, '', 'F', '2019-10-14 13:58:26', NULL, 'Y', 3, 0, 1, 3, 1, 4.2, 17.5),
(38, 'B16', 92900, NULL, NULL, '', '', 12, 4.2, 159, 4, 5, 3, '', 'F', '2019-10-14 13:58:26', NULL, 'Y', 3, 0, 1, 3, 1, 4.2, 17.5),
(39, 'B17', 92900, NULL, NULL, '', '', 12, 4.2, 159, 4, 5, 3, '', 'F', '2019-10-14 13:58:27', NULL, 'Y', 3, 0, 1, 3, 1, 4.2, 17.5),
(40, 'B18', 92900, NULL, NULL, '', '', 12, 4.2, 159, 4, 5, 3, '', 'F', '2019-10-14 13:58:27', NULL, 'Y', 3, 0, 1, 3, 1, 4.2, 17.5),
(41, 'B19', 92900, NULL, NULL, '', '', 12, 4.2, 159, 4, 5, 3, '', 'F', '2019-10-14 13:58:27', NULL, 'Y', 3, 0, 1, 3, 1, 4.2, 17.5),
(42, 'B20', 92900, NULL, NULL, '', '', 12, 4.2, 159, 4, 5, 3, '', 'F', '2019-10-14 13:58:27', NULL, 'Y', 3, 0, 1, 3, 1, 4.2, 17.5),
(43, 'B21', 92900, NULL, NULL, '', '', 12, 4.2, 159, 4, 5, 3, '', 'F', '2019-10-14 13:58:27', NULL, 'Y', 3, 0, 1, 3, 1, 4.2, 17.5),
(44, 'B22', 92900, NULL, NULL, '', '', 12, 4.2, 159, 4, 5, 3, '', 'F', '2019-10-14 13:58:27', NULL, 'Y', 3, 0, 1, 3, 1, 4.2, 17.5),
(45, 'B23', 92900, NULL, NULL, '', '', 12, 4.2, 159, 4, 5, 3, '', 'F', '2019-10-14 13:58:27', NULL, 'Y', 3, 0, 1, 3, 1, 4.2, 17.5),
(46, 'B24', 92900, NULL, NULL, '', '', 12, 4.2, 159, 4, 5, 3, '', 'F', '2019-10-14 13:58:27', NULL, 'Y', 3, 0, 1, 3, 1, 4.2, 17.5),
(47, 'B25', 92900, NULL, NULL, '', '', 12, 4.2, 159, 4, 5, 3, '', 'F', '2019-10-14 13:58:27', NULL, 'Y', 3, 0, 1, 3, 1, 4.2, 17.5),
(48, 'BB26', 125415, 0, '', '', '', 12, 4.2, 159, 4, 5, 3, '', 'S', '2019-10-14 13:58:41', '2019-12-21 14:19:05', 'Y', 3, 3, 1, 3, 1, 4.2, 17.5),
(49, 'BB27', 125415, 0, NULL, '', '', 12, 4.2, 159, 4, 5, 3, '', 'S', '2019-10-14 13:59:48', '2019-12-21 14:50:44', 'Y', 3, 3, 1, 3, 1, 4.2, 17.5),
(50, 'B28', 92900, NULL, '', '', '', 12, 4.2, 159, 4, 5, 3, '', 'F', '2019-10-14 14:00:05', '2019-10-14 14:00:24', 'Y', 3, 3, 1, 3, 1, 4.2, 17.5),
(51, 'B29', 92900, NULL, NULL, '', '', 12, 4.2, 159, 4, 5, 3, '', 'F', '2019-10-14 14:00:49', NULL, 'Y', 3, 0, 1, 3, 1, 4.2, 17.5),
(52, 'B30', 92900, NULL, NULL, '', '', 12, 4.2, 159, 4, 5, 3, '', 'F', '2019-10-14 14:00:49', NULL, 'Y', 3, 0, 1, 3, 1, 4.2, 17.5),
(53, 'B31', 92900, NULL, NULL, '', '', 12, 4.2, 159, 4, 5, 3, '', 'F', '2019-10-14 14:00:49', NULL, 'Y', 3, 0, 1, 3, 1, 4.2, 17.5),
(54, 'B32', 92900, NULL, NULL, '', '', 12, 4.2, 159, 4, 5, 3, '', 'F', '2019-10-14 14:00:49', NULL, 'Y', 3, 0, 1, 3, 1, 4.2, 17.5),
(55, 'B33', 92900, NULL, NULL, '', '', 12, 4.2, 159, 4, 5, 3, '', 'F', '2019-10-14 14:00:49', NULL, 'Y', 3, 0, 1, 3, 1, 4.2, 17.5),
(56, 'B34', 92900, NULL, NULL, '', '', 12, 4.2, 159, 4, 5, 3, '', 'F', '2019-10-14 14:00:49', NULL, 'Y', 3, 0, 1, 3, 1, 4.2, 17.5),
(57, 'B35', 92900, NULL, NULL, '', '', 12, 4.2, 159, 4, 5, 3, '', 'F', '2019-10-14 14:00:49', NULL, 'Y', 3, 0, 1, 3, 1, 4.2, 17.5),
(58, 'B36', 92900, NULL, NULL, '', '', 12, 4.2, 159, 4, 5, 3, '', 'F', '2019-10-14 14:00:49', NULL, 'Y', 3, 0, 1, 3, 1, 4.2, 17.5),
(59, 'B37', 92900, NULL, NULL, '', '', 12, 4.2, 159, 4, 5, 3, '', 'F', '2019-10-14 14:00:49', NULL, 'Y', 3, 0, 1, 3, 1, 4.2, 17.5),
(60, 'B38', 92900, NULL, NULL, '', '', 12, 4.2, 159, 4, 5, 3, '', 'F', '2019-10-14 14:00:49', NULL, 'Y', 3, 0, 1, 3, 1, 4.2, 17.5),
(61, 'B39', 92900, NULL, NULL, '', '', 12, 4.2, 159, 4, 5, 3, '', 'F', '2019-10-14 14:00:49', NULL, 'Y', 3, 0, 1, 3, 1, 4.2, 17.5),
(62, 'B40', 92900, NULL, NULL, '', '', 12, 4.2, 159, 4, 5, 3, '', 'F', '2019-10-14 14:00:49', NULL, 'Y', 3, 0, 1, 3, 1, 4.2, 17.5),
(63, 'B41', 92900, NULL, NULL, '', '', 12, 4.2, 159, 4, 5, 3, '', 'F', '2019-10-14 14:00:49', NULL, 'Y', 3, 0, 1, 3, 1, 4.2, 17.5),
(64, 'B42', 92900, NULL, NULL, '', '', 12, 4.2, 159, 4, 5, 3, '', 'F', '2019-10-14 14:00:49', NULL, 'Y', 3, 0, 1, 3, 1, 4.2, 17.5),
(65, 'BB43', 0, NULL, '', '', '', 12, 4.2, 159, 4, 5, 3, 'មិនទាន់ចេញលក់', 'F', '2019-10-14 14:01:14', '2019-10-14 14:01:43', 'Y', 3, 3, 1, 3, 1, 4.2, 17.5),
(66, 'CC1', 120015, 0, '', '', '', 12, 4.2, 159, 4, 5, 3, '', 'S', '2019-10-14 14:02:01', '2020-01-17 15:46:53', 'Y', 3, 3, 1, 3, 1, 4.2, 17.5),
(67, 'C2', 88900, 0, '', '', '', 12, 4.2, 159, 4, 5, 3, '', 'S', '2019-10-14 14:02:48', '2020-01-17 16:00:12', 'Y', 3, 3, 1, 3, 1, 4.2, 17.5),
(68, 'C3', 88900, 0, '', '', '', 12, 4.2, 159, 4, 5, 3, '', 'S', '2019-10-14 14:03:27', '2020-01-17 15:54:06', 'Y', 3, 3, 1, 3, 1, 4.2, 17.5),
(69, 'C4', 88900, 0, NULL, '', '', 12, 4.2, 159, 4, 5, 3, '', 'S', '2019-10-14 14:03:27', '2019-12-22 10:32:25', 'Y', 3, 3, 1, 3, 1, 4.2, 17.5),
(70, 'C5', 88900, 0, NULL, '', '', 12, 4.2, 159, 4, 5, 3, '', 'S', '2019-10-14 14:03:27', '2020-02-08 14:31:59', 'Y', 3, 3, 1, 3, 1, 4.2, 17.5),
(71, 'C6', 88900, 0, NULL, '', '', 12, 4.2, 159, 4, 5, 3, '', 'S', '2019-10-14 14:03:27', '2020-02-08 13:57:10', 'Y', 3, 3, 1, 3, 1, 4.2, 17.5),
(72, 'C7', 88900, 0, NULL, '', '', 12, 4.2, 159, 4, 5, 3, '', 'S', '2019-10-14 14:03:27', '2019-12-22 12:05:23', 'Y', 3, 3, 1, 3, 1, 4.2, 17.5),
(73, 'C8', 88900, 0, NULL, '', '', 12, 4.2, 159, 4, 5, 3, '', 'S', '2019-10-14 14:03:27', '2019-12-22 14:07:11', 'Y', 3, 3, 1, 3, 1, 4.2, 17.5),
(74, 'C9', 88900, 0, NULL, '', '', 12, 4.2, 159, 4, 5, 3, '', 'S', '2019-10-14 14:03:27', '2019-12-22 14:34:20', 'Y', 3, 3, 1, 3, 1, 4.2, 17.5),
(75, 'C10', 88900, NULL, NULL, '', '', 12, 4.2, 159, 4, 5, 3, '', 'F', '2019-10-14 14:03:27', NULL, 'Y', 3, 0, 1, 3, 1, 4.2, 17.5),
(76, 'C11', 88900, 0, NULL, '', '', 12, 4.2, 159, 4, 5, 3, '', 'S', '2019-10-14 14:03:27', '2019-12-27 11:21:21', 'Y', 3, 3, 1, 3, 1, 4.2, 17.5),
(77, 'CC12', 120015, 0, '', '', '', 12, 4.2, 159, 4, 5, 3, '', 'S', '2019-10-14 14:03:27', '2019-12-27 10:31:41', 'Y', 3, 3, 1, 3, 1, 4.2, 17.5),
(78, 'CC13', 120015, 0, NULL, '', '', 12, 4.2, 159, 4, 5, 3, '', 'S', '2019-10-14 14:03:57', '2019-12-23 15:45:20', 'Y', 3, 3, 1, 3, 1, 4.2, 17.5),
(79, 'C14', 88900, NULL, '', '', '', 12, 4.2, 159, 4, 5, 3, '', 'F', '2019-10-14 14:07:48', '2019-10-14 14:08:07', 'Y', 3, 3, 1, 3, 1, 4.2, 17.5),
(80, 'C15', 88900, NULL, NULL, '', '', 12, 4.2, 159, 4, 5, 3, '', 'F', '2019-10-14 14:08:25', NULL, 'Y', 3, 0, 1, 3, 1, 4.2, 17.5),
(81, 'C16', 88900, NULL, NULL, '', '', 12, 4.2, 159, 4, 5, 3, '', 'F', '2019-10-14 14:08:25', NULL, 'Y', 3, 0, 1, 3, 1, 4.2, 17.5),
(82, 'C17', 88900, NULL, NULL, '', '', 12, 4.2, 159, 4, 5, 3, '', 'F', '2019-10-14 14:08:25', NULL, 'Y', 3, 0, 1, 3, 1, 4.2, 17.5),
(83, 'C18', 88900, NULL, NULL, '', '', 12, 4.2, 159, 4, 5, 3, '', 'F', '2019-10-14 14:08:26', NULL, 'Y', 3, 0, 1, 3, 1, 4.2, 17.5),
(84, 'C19', 88900, NULL, NULL, '', '', 12, 4.2, 159, 4, 5, 3, '', 'F', '2019-10-14 14:08:26', NULL, 'Y', 3, 0, 1, 3, 1, 4.2, 17.5),
(85, 'C20', 88900, NULL, NULL, '', '', 12, 4.2, 159, 4, 5, 3, '', 'F', '2019-10-14 14:08:26', NULL, 'Y', 3, 0, 1, 3, 1, 4.2, 17.5),
(86, 'C21', 88900, NULL, NULL, '', '', 12, 4.2, 159, 4, 5, 3, '', 'F', '2019-10-14 14:08:26', NULL, 'Y', 3, 0, 1, 3, 1, 4.2, 17.5),
(87, 'C22', 88900, NULL, NULL, '', '', 12, 4.2, 159, 4, 5, 3, '', 'F', '2019-10-14 14:08:26', NULL, 'Y', 3, 0, 1, 3, 1, 4.2, 17.5),
(88, 'C23', 88900, NULL, NULL, '', '', 12, 4.2, 159, 4, 5, 3, '', 'F', '2019-10-14 14:08:26', NULL, 'Y', 3, 0, 1, 3, 1, 4.2, 17.5),
(89, 'C24', 88900, NULL, NULL, '', '', 12, 4.2, 159, 4, 5, 3, '', 'F', '2019-10-14 14:08:26', NULL, 'Y', 3, 0, 1, 3, 1, 4.2, 17.5),
(90, 'C25', 88900, NULL, NULL, '', '', 12, 4.2, 159, 4, 5, 3, '', 'F', '2019-10-14 14:08:26', NULL, 'Y', 3, 0, 1, 3, 1, 4.2, 17.5),
(91, 'CC26', 120015, 0, '', '', '', 12, 4.2, 159, 4, 5, 3, '', 'S', '2019-10-14 14:08:26', '2019-12-23 14:15:14', 'Y', 3, 3, 1, 3, 1, 4.2, 17.5),
(92, 'DD1', 120015, NULL, '', '', '', 12, 4.2, 159, 4, 5, 3, '', 'F', '2019-10-14 14:17:16', '2019-10-14 14:17:45', 'Y', 3, 3, 1, 3, 1, 4.2, 17.5),
(93, 'D2', 0, NULL, '', '', '', 12, 4.2, 159, 4, 5, 3, '', 'F', '2019-10-14 14:17:56', '2019-10-14 14:18:27', 'Y', 3, 3, 1, 3, 1, 4.2, 17.5),
(94, 'D3', 88900, NULL, '', '', '', 12, 4.2, 159, 4, 5, 3, '', 'F', '2019-10-14 14:18:35', '2019-10-14 14:18:46', 'Y', 3, 3, 1, 3, 1, 4.2, 17.5),
(95, 'D4', 88900, NULL, NULL, '', '', 12, 4.2, 159, 4, 5, 3, '', 'F', '2019-10-14 14:19:04', NULL, 'Y', 3, 0, 1, 3, 1, 4.2, 17.5),
(96, 'D5', 88900, NULL, NULL, '', '', 12, 4.2, 159, 4, 5, 3, '', 'F', '2019-10-14 14:19:05', NULL, 'Y', 3, 0, 1, 3, 1, 4.2, 17.5),
(97, 'D6', 88900, NULL, NULL, '', '', 12, 4.2, 159, 4, 5, 3, '', 'F', '2019-10-14 14:19:05', NULL, 'Y', 3, 0, 1, 3, 1, 4.2, 17.5),
(98, 'D7', 88900, NULL, NULL, '', '', 12, 4.2, 159, 4, 5, 3, '', 'F', '2019-10-14 14:19:05', NULL, 'Y', 3, 0, 1, 3, 1, 4.2, 17.5),
(99, 'D8', 88900, NULL, NULL, '', '', 12, 4.2, 159, 4, 5, 3, '', 'F', '2019-10-14 14:19:05', NULL, 'Y', 3, 0, 1, 3, 1, 4.2, 17.5),
(100, 'D9', 88900, NULL, NULL, '', '', 12, 4.2, 159, 4, 5, 3, '', 'F', '2019-10-14 14:19:05', NULL, 'Y', 3, 0, 1, 3, 1, 4.2, 17.5),
(101, 'D10', 88900, NULL, NULL, '', '', 12, 4.2, 159, 4, 5, 3, '', 'F', '2019-10-14 14:19:05', NULL, 'Y', 3, 0, 1, 3, 1, 4.2, 17.5),
(102, 'D11', 88900, NULL, NULL, '', '', 12, 4.2, 159, 4, 5, 3, '', 'F', '2019-10-14 14:19:05', NULL, 'Y', 3, 0, 1, 3, 1, 4.2, 17.5),
(103, 'D12', 88900, NULL, NULL, '', '', 12, 4.2, 159, 4, 5, 3, '', 'F', '2019-10-14 14:19:05', NULL, 'Y', 3, 0, 1, 3, 1, 4.2, 17.5),
(104, 'D13', 88900, NULL, NULL, '', '', 12, 4.2, 159, 4, 5, 3, '', 'F', '2019-10-14 14:19:05', NULL, 'Y', 3, 0, 1, 3, 1, 4.2, 17.5),
(105, 'D14', 88900, NULL, NULL, '', '', 12, 4.2, 159, 4, 5, 3, '', 'F', '2019-10-14 14:19:05', NULL, 'Y', 3, 0, 1, 3, 1, 4.2, 17.5),
(106, 'D15', 88900, NULL, NULL, '', '', 12, 4.2, 159, 4, 5, 3, '', 'F', '2019-10-14 14:19:05', NULL, 'Y', 3, 0, 1, 3, 1, 4.2, 17.5),
(107, 'DD16', 143640, NULL, '', '', '', 12, 4.2, 159, 4, 5, 3, '', 'F', '2019-10-14 14:19:05', '2019-10-14 14:19:32', 'Y', 3, 3, 1, 3, 1, 4.2, 17.5),
(108, 'DD17', 143640, NULL, NULL, '', '', 12, 4.2, 159, 4, 5, 3, '', 'F', '2019-10-14 14:24:49', '2019-10-14 14:25:11', 'N', 3, 3, 1, 3, 1, 4.2, 17.5),
(109, 'VV1', 159000, 0, '', '', '', 11, 8, 88, 4, 3, 2, '', 'S', '2019-10-14 14:27:32', '2020-01-17 11:51:12', 'Y', 3, 3, 1, 1, 1, 10, 20),
(110, 'V2', 149000, 0, '', '', '', 11, 8, 88, 4, 3, 2, '', 'S', '2019-10-14 14:27:43', '2020-01-17 14:49:17', 'Y', 3, 3, 1, 1, 1, 10, 20),
(111, 'V-3A', 149000, 0, '', '', '', 11, 8, 88, 4, 3, 2, '', 'S', '2019-10-14 14:28:24', '2019-10-24 14:18:07', 'Y', 3, 3, 1, 1, 1, 10, 20),
(112, 'V-3B', 149000, 0, '', '', '', 11, 8, 88, 4, 3, 2, '', 'S', '2019-10-14 14:28:24', '2019-10-24 14:18:21', 'Y', 3, 3, 1, 1, 1, 10, 20),
(113, 'V-3C', 149000, 0, '', '', '', 11, 8, 88, 4, 3, 2, 'V-3C', 'S', '2019-10-14 14:28:24', '2019-10-24 14:18:38', 'Y', 3, 3, 1, 1, 1, 10, 20),
(114, 'V6', 149000, 0, NULL, '', '', 11, 8, 88, 4, 3, 2, '', 'S', '2019-10-14 14:28:24', '2019-10-23 15:45:36', 'Y', 3, 3, 1, 1, 1, 10, 20),
(115, 'V7', 149000, 0, NULL, '', '', 11, 8, 88, 4, 3, 2, '', 'S', '2019-10-14 14:28:24', '2019-10-24 09:35:08', 'Y', 3, 3, 1, 1, 1, 10, 20),
(116, 'VV8', 166000, 0, '', '', '', 11, 8, 88, 4, 3, 2, '', 'S', '2019-10-14 14:28:24', '2019-10-24 09:56:48', 'Y', 3, 3, 1, 1, 1, 10, 20),
(117, 'VV9', 159000, 0, '', '', '', 11, 8, 88, 4, 3, 2, '', 'S', '2019-10-14 14:28:24', '2019-10-24 10:08:18', 'Y', 3, 3, 1, 1, 1, 10, 20),
(118, 'V10', 149000, 0, '', '', '', 11, 8, 88, 4, 3, 2, '', 'S', '2019-10-14 14:29:50', '2019-10-24 10:20:40', 'Y', 3, 3, 1, 1, 1, 10, 20),
(119, 'V11', 149000, 0, NULL, '', '', 11, 8, 88, 4, 3, 2, '', 'S', '2019-10-14 14:30:21', '2020-02-03 11:27:08', 'Y', 3, 3, 1, 1, 1, 10, 20),
(120, 'V12', 149000, 0, NULL, '', '', 11, 8, 88, 4, 3, 2, '', 'S', '2019-10-14 14:30:21', '2019-10-24 10:43:30', 'Y', 3, 3, 1, 1, 1, 10, 20),
(121, 'V13/14', 198000, 0, '', '', '', 12, 11, 132, 4, 5, 2, 'វីឡាទោល២ផ្ទះ បញ្ជូលធ្វើវិឡាព្រីនស៍១ផ្ទះ', 'S', '2019-10-14 14:30:21', '2019-10-24 14:16:05', 'Y', 3, 3, 1, 4, 1, 20, 20),
(122, 'V14', 149000, NULL, NULL, '', '', 11, 8, 88, 4, 3, 2, '', 'F', '2019-10-14 14:30:21', '2019-10-24 12:22:55', 'N', 3, 3, 1, 1, 1, 10, 20),
(123, 'V15/16', 219000, 0, '', '', '', 12, 11, 132, 4, 5, 2, 'វីឡាទោល២ផ្ទះ បញ្ជូលធ្វើវិឡាព្រីនស៍១ផ្ទះ', 'S', '2019-10-14 14:30:21', '2019-10-25 14:22:07', 'Y', 3, 3, 1, 4, 1, 20, 20),
(124, 'V16', 149000, NULL, NULL, '', '', 11, 8, 88, 4, 3, 2, '', 'F', '2019-10-14 14:30:21', '2019-10-24 12:22:55', 'N', 3, 3, 1, 1, 1, 10, 20),
(125, 'V17', 149000, 0, NULL, '', '', 11, 8, 88, 4, 3, 2, '', 'S', '2019-10-14 14:30:21', '2020-02-03 15:04:33', 'Y', 3, 3, 1, 1, 1, 10, 20),
(126, 'VV18', 159000, NULL, '', '', '', 11, 8, 88, 4, 3, 2, '', 'F', '2019-10-14 14:30:30', '2019-10-14 14:31:58', 'Y', 3, 3, 1, 1, 1, 10, 20),
(127, 'VVV19', 322400, NULL, '', '', '', 11, 12, 132, 4, 5, 2, '', 'F', '2019-10-14 14:34:33', NULL, 'Y', 3, 0, 1, 4, 1, 20, 20),
(128, 'V20', 149000, 0, '', '', '', 11, 8, 88, 4, 3, 2, '', 'S', '2019-10-14 14:34:49', '2019-10-24 11:43:01', 'Y', 3, 3, 1, 1, 1, 10, 20),
(129, 'V21', 149000, 0, NULL, '', '', 11, 8, 88, 4, 3, 2, '', 'S', '2019-10-14 14:36:18', '2019-10-24 12:12:49', 'Y', 3, 3, 1, 1, 1, 10, 20),
(130, 'VV22', 159000, 0, '', '', '', 11, 8, 88, 4, 3, 2, '', 'S', '2019-10-14 14:36:35', '2019-10-24 11:59:51', 'Y', 3, 3, 1, 1, 1, 10, 20),
(131, 'VV23/24', 268000, 0, '', '', '', 12, 11, 132, 4, 5, 2, ' វីឡាទោល2ផ្ទះ បញ្ជូលធ្វើវីឡាព្រីនស៍១ផ្ទះ', 'S', '2019-10-14 14:37:11', '2020-02-03 15:46:01', 'Y', 3, 3, 1, 4, 1, 20, 20),
(132, 'V24', 149000, NULL, '', '', '', 11, 8, 88, 4, 3, 2, '', 'F', '2019-10-14 14:37:23', '2019-10-24 12:22:55', 'N', 3, 3, 1, 1, 1, 10, 20),
(133, 'V25', 149000, 0, NULL, '', '', 11, 8, 88, 4, 3, 2, '', 'S', '2019-10-14 14:37:53', '2019-12-30 09:43:51', 'Y', 3, 3, 1, 1, 1, 10, 20),
(134, 'V26', 149000, 0, NULL, '', '', 11, 8, 88, 4, 3, 2, '', 'S', '2019-10-14 14:37:53', '2019-10-24 14:52:59', 'Y', 3, 3, 1, 1, 1, 10, 20),
(135, 'V27', 149000, 0, NULL, '', '', 11, 8, 88, 4, 3, 2, '', 'S', '2019-10-14 14:37:53', '2019-10-24 15:07:13', 'Y', 3, 3, 1, 1, 1, 10, 20),
(136, 'V28', 177400, NULL, '', '', '', 11, 8, 88, 4, 3, 2, '', 'F', '2019-10-14 14:37:53', '2019-10-14 14:41:01', 'Y', 3, 3, 1, 1, 1, 10, 20),
(137, 'V29', 149000, 0, NULL, '', '', 11, 8, 88, 4, 3, 2, '', 'S', '2019-10-14 14:37:53', '2019-10-24 15:27:27', 'Y', 3, 3, 1, 1, 1, 10, 20),
(138, 'V30', 149000, 0, NULL, '', '', 11, 8, 88, 4, 3, 2, '', 'S', '2019-10-14 14:37:53', '2019-12-02 14:21:21', 'Y', 3, 3, 1, 1, 1, 10, 20),
(139, 'V31', 149000, 0, NULL, '', '', 11, 8, 88, 4, 3, 2, '', 'S', '2019-10-14 14:37:53', '2019-11-06 16:01:40', 'Y', 3, 3, 1, 1, 1, 10, 20),
(140, 'VV32', 159000, 0, '', '', '', 11, 8, 88, 4, 3, 2, '', 'S', '2019-10-14 14:38:05', '2019-12-16 15:13:54', 'Y', 3, 3, 1, 1, 1, 10, 20),
(141, 'VVV33', 381000, NULL, '', '', '', 11, 12, 132, 4, 5, 2, '', 'F', '2019-10-14 14:39:03', '2019-10-14 14:40:36', 'Y', 3, 3, 1, 4, 1, 20, 20),
(142, 'V34', 169500, NULL, '', '', '', 11, 8, 88, 4, 3, 2, '', 'F', '2019-10-14 14:42:08', '2019-10-14 14:42:49', 'Y', 3, 3, 1, 1, 1, 10, 20),
(143, 'V35', 169500, NULL, '', '', '', 11, 8, 88, 4, 3, 2, '', 'F', '2019-10-14 14:43:17', '2019-10-14 14:43:35', 'Y', 3, 3, 1, 1, 1, 10, 20),
(144, 'V36', 158500, NULL, '', '', '', 11, 8, 88, 4, 3, 2, '', 'F', '2019-10-14 14:43:17', '2019-10-14 14:43:53', 'Y', 3, 3, 1, 1, 1, 10, 20),
(145, 'V37', 153000, NULL, '', '', '', 11, 8, 88, 4, 3, 2, '', 'F', '2019-10-14 14:43:17', '2019-10-14 14:44:31', 'Y', 3, 3, 1, 1, 1, 10, 20),
(146, 'V38', 145000, NULL, '', '', '', 11, 8, 88, 4, 3, 2, '', 'F', '2019-10-14 14:43:17', '2019-10-14 14:44:15', 'Y', 3, 3, 1, 1, 1, 10, 20),
(147, 'V39', 149000, NULL, '', '', '', 11, 8, 88, 4, 3, 2, '', 'F', '2019-10-14 14:43:17', '2019-10-14 14:44:50', 'Y', 3, 3, 1, 1, 1, 10, 20),
(148, 'VV40', 159000, 0, '', '', '', 11, 8, 88, 4, 3, 2, '', 'S', '2019-10-14 14:45:03', '2020-01-10 10:09:40', 'Y', 3, 3, 1, 1, 1, 10, 20),
(149, 'VV41', 159000, NULL, NULL, '', '', 11, 8, 88, 4, 3, 2, '', 'F', '2019-10-14 14:45:57', '2019-10-25 14:21:29', 'N', 3, 3, 1, 1, 1, 10, 20),
(150, 'VV41/42', 298000, 0, '', '', '', 12, 11, 132, 4, 5, 2, 'ផ្ទះវីឡាទោល២ បញ្ជូលធ្វើវីឡាព្រីនស៍១', 'F', '2019-10-14 14:46:14', '2019-12-03 16:14:31', 'Y', 3, 3, 1, 4, 1, 20, 20),
(151, 'V43', 149000, 0, NULL, '', '', 11, 8, 88, 4, 3, 2, '', 'S', '2019-10-14 14:46:51', '2020-01-20 11:39:50', 'Y', 3, 3, 1, 1, 1, 10, 20),
(152, 'V44', 149000, 0, NULL, '', '', 11, 8, 88, 4, 3, 2, '', 'F', '2019-10-14 14:47:02', '2019-11-20 10:55:20', 'Y', 3, 3, 1, 1, 1, 10, 20),
(153, 'V45', 149000, 0, '', '', '', 11, 8, 88, 4, 3, 2, '', 'F', '2019-10-14 14:47:02', '2019-11-20 10:53:12', 'Y', 3, 3, 1, 1, 1, 10, 20),
(154, 'B11', 92900, 0, NULL, '', '', 12, 4.2, 159, 4, 5, 3, '', 'S', '2019-12-19 15:27:18', '2019-12-19 15:34:05', 'Y', 3, 3, 1, 3, 1, 4.2, 17.5),
(155, 'B12', 92900, NULL, NULL, '', '', 12, 4.2, 159, 4, 5, 3, '', 'F', '2019-12-19 15:27:54', '2019-12-19 15:28:20', 'N', 3, 3, 1, 3, 1, 4.2, 17.5);

-- --------------------------------------------------------

--
-- Table structure for table `tbl_salary`
--

DROP TABLE IF EXISTS `tbl_salary`;
CREATE TABLE IF NOT EXISTS `tbl_salary` (
  `sal_id` int(11) NOT NULL AUTO_INCREMENT,
  `sal_start_dt` date DEFAULT NULL,
  `sal_end_dt` date DEFAULT NULL,
  `sal_month` date DEFAULT NULL,
  `sal_amt` double DEFAULT NULL,
  `sal_comm` double DEFAULT NULL,
  `sal_overtime` double DEFAULT NULL,
  `sal_get_date` date DEFAULT NULL,
  `sta_id` int(11) DEFAULT NULL,
  `sal_status` varchar(1) DEFAULT NULL,
  `regDt` datetime DEFAULT NULL,
  `upDt` datetime DEFAULT NULL,
  `useYn` varchar(1) DEFAULT NULL,
  `regUsr` int(11) DEFAULT NULL,
  `upUsr` int(11) DEFAULT NULL,
  `com_id` int(11) DEFAULT NULL,
  PRIMARY KEY (`sal_id`)
) ENGINE=MyISAM AUTO_INCREMENT=40 DEFAULT CHARSET=armscii8;

--
-- Dumping data for table `tbl_salary`
--

INSERT INTO `tbl_salary` (`sal_id`, `sal_start_dt`, `sal_end_dt`, `sal_month`, `sal_amt`, `sal_comm`, `sal_overtime`, `sal_get_date`, `sta_id`, `sal_status`, `regDt`, `upDt`, `useYn`, `regUsr`, `upUsr`, `com_id`) VALUES
(1, '2019-07-01', '2019-07-31', '2019-07-01', 350, 0, 0, '2020-02-07', 2, 'G', '2020-02-07 14:59:50', NULL, 'Y', 4, NULL, 1),
(2, '2019-07-01', '2019-07-31', '2019-07-01', 250, 0, 0, '2020-02-07', 10, 'G', '2020-02-07 15:01:59', NULL, 'Y', 4, NULL, 1),
(3, '2019-07-01', '2019-07-31', '2019-07-01', 300, 0, 0, '2020-02-10', 6, 'G', '2020-02-10 11:06:51', NULL, 'Y', 4, NULL, 1),
(4, '2019-07-22', '2019-07-31', '2019-07-01', 100, 0, 0, '2020-02-12', 12, 'G', '2020-02-12 10:28:18', '2020-02-12 10:30:11', 'Y', 4, 4, 1),
(5, '2019-08-01', '2019-08-31', '2019-08-01', 350, 0, 0, '2020-02-12', 2, 'G', '2020-02-12 10:29:55', NULL, 'Y', 4, NULL, 1),
(6, '2019-08-01', '2019-08-31', '2019-08-01', 280, 0, 0, '2020-02-12', 12, 'G', '2020-02-12 10:31:10', NULL, 'Y', 4, NULL, 1),
(7, '2019-08-01', '2019-08-31', '2019-08-01', 250, 0, 0, '2020-02-12', 10, 'G', '2020-02-12 10:35:02', NULL, 'Y', 4, NULL, 1),
(8, '2019-08-01', '2019-08-31', '2019-08-01', 300, 0, 0, '2020-02-12', 6, 'G', '2020-02-12 10:36:20', NULL, 'Y', 4, NULL, 1),
(9, '2019-09-01', '2019-09-30', '2019-09-01', 1000, 0, 0, '2020-02-12', 14, 'G', '2020-02-12 10:38:53', NULL, 'Y', 4, NULL, 1),
(10, '2019-09-01', '2019-09-30', '2019-09-01', 500, 0, 0, '2020-02-12', 13, 'G', '2020-02-12 10:39:43', NULL, 'Y', 4, NULL, 1),
(11, '2019-09-01', '2019-09-30', '2019-09-01', 350, 0, 0, '2020-02-12', 2, 'G', '2020-02-12 10:40:33', NULL, 'Y', 4, NULL, 1),
(12, '2019-09-01', '2019-09-30', '2019-09-01', 280, 0, 0, '2020-02-12', 12, 'G', '2020-02-12 10:41:15', NULL, 'Y', 4, NULL, 1),
(13, '2019-09-01', '2019-09-30', '2019-09-01', 250, 0, 0, '2020-02-12', 10, 'G', '2020-02-12 10:42:04', NULL, 'Y', 4, NULL, 1),
(14, '2019-09-01', '2019-09-30', '2019-09-01', 300, 0, 0, '2020-02-12', 6, 'G', '2020-02-12 10:42:54', NULL, 'Y', 4, NULL, 1),
(15, '2019-10-01', '2019-10-31', '2019-10-01', 1000, 0, 0, '2020-02-12', 14, 'G', '2020-02-12 10:43:54', NULL, 'Y', 4, NULL, 1),
(16, '2019-10-01', '2019-10-31', '2019-10-01', 500, 0, 0, '2020-02-12', 13, 'G', '2020-02-12 10:44:29', NULL, 'Y', 4, NULL, 1),
(17, '2019-10-01', '2019-10-31', '2019-10-01', 350, 0, 0, '2020-02-12', 2, 'G', '2020-02-12 10:45:06', NULL, 'Y', 4, NULL, 1),
(18, '2019-10-01', '2019-10-31', '2019-10-01', 280, 0, 0, '2020-02-12', 12, 'G', '2020-02-12 10:45:59', NULL, 'Y', 4, NULL, 1),
(19, '2019-10-01', '2019-10-31', '2019-10-01', 250, 0, 0, '2020-02-12', 10, 'G', '2020-02-12 10:47:04', NULL, 'Y', 4, NULL, 1),
(20, '2019-10-01', '2019-10-31', '2019-10-01', 300, 0, 0, '2020-02-12', 6, 'G', '2020-02-12 10:47:42', NULL, 'Y', 4, NULL, 1),
(21, '2019-10-01', '2019-10-31', '2019-10-01', 250, 0, 0, '2020-02-12', 11, 'G', '2020-02-12 10:48:11', NULL, 'Y', 4, NULL, 1),
(22, '2019-11-01', '2019-11-30', '2019-11-01', 1000, 0, 0, '2020-02-12', 14, 'G', '2020-02-12 10:51:33', NULL, 'Y', 4, NULL, 1),
(23, '2019-11-01', '2019-11-30', '2019-11-01', 500, 0, 0, '2020-02-12', 13, 'G', '2020-02-12 10:52:00', NULL, 'Y', 4, NULL, 1),
(24, '2019-11-01', '2019-11-30', '2019-11-01', 350, 0, 0, '2020-02-12', 2, 'G', '2020-02-12 10:52:29', NULL, 'Y', 4, NULL, 1),
(25, '2019-11-01', '2019-11-30', '2019-11-01', 280, 0, 0, '2020-02-12', 12, 'G', '2020-02-12 10:52:56', NULL, 'Y', 4, NULL, 1),
(26, '2019-11-01', '2019-11-30', '2019-11-01', 250, 0, 0, '2020-02-12', 10, 'G', '2020-02-12 10:53:21', NULL, 'Y', 4, NULL, 1),
(27, '2019-11-01', '2019-11-30', '2019-11-01', 300, 0, 0, '2020-02-12', 6, 'G', '2020-02-12 10:53:47', NULL, 'Y', 4, NULL, 1),
(28, '2019-11-01', '2019-11-30', '2019-11-01', 250, 0, 0, '2020-02-12', 11, 'G', '2020-02-12 10:54:11', NULL, 'Y', 4, NULL, 1),
(29, '2019-12-01', '2019-12-31', '2019-12-01', 1100, 0, 0, '2020-02-12', 14, 'G', '2020-02-12 10:56:25', NULL, 'Y', 4, NULL, 1),
(30, '2019-12-01', '2019-12-31', '2019-12-01', 350, 0, 0, '2020-02-20', 2, 'G', '2020-02-20 14:13:20', NULL, 'Y', 4, NULL, 1),
(31, '2019-12-01', '2019-12-31', '2019-12-01', 280, 0, 0, '2020-02-20', 12, 'G', '2020-02-20 14:14:09', NULL, 'Y', 4, NULL, 1),
(32, '2019-12-01', '2019-12-31', '2019-12-01', 250, 0, 0, '2020-02-20', 10, 'G', '2020-02-20 14:14:51', NULL, 'Y', 4, NULL, 1),
(33, '2019-12-01', '2019-12-31', '2019-12-01', 400, 0, 0, '2020-02-20', 6, 'G', '2020-02-20 14:15:22', NULL, 'Y', 4, NULL, 1),
(34, '2019-12-01', '2019-12-31', '2019-12-01', 250, 0, 0, '2020-02-20', 11, 'G', '2020-02-20 14:15:46', NULL, 'Y', 4, NULL, 1),
(35, '2020-01-01', '2020-01-31', '2020-01-01', 380, 0, 0, '2020-02-20', 2, 'G', '2020-02-20 14:16:58', NULL, 'Y', 4, NULL, 1),
(36, '2020-01-01', '2020-01-31', '2020-01-01', 300, 0, 0, '2020-02-20', 12, 'G', '2020-02-20 14:17:23', NULL, 'Y', 4, NULL, 1),
(37, '2020-01-01', '2020-01-31', '2020-01-01', 400, 0, 0, '2020-02-20', 6, 'G', '2020-02-20 14:17:50', NULL, 'Y', 4, NULL, 1),
(38, '2020-01-01', '2020-01-12', '2020-01-01', 440, 0, 0, '2020-02-20', 14, 'G', '2020-02-20 14:48:32', NULL, 'Y', 4, NULL, 1),
(39, '2020-01-01', '2020-01-12', '2020-01-01', 100, 0, 0, '2020-02-20', 11, 'G', '2020-02-20 14:48:54', NULL, 'Y', 4, NULL, 1);

-- --------------------------------------------------------

--
-- Table structure for table `tbl_sale_payment`
--

DROP TABLE IF EXISTS `tbl_sale_payment`;
CREATE TABLE IF NOT EXISTS `tbl_sale_payment` (
  `sale_pay_id` int(11) NOT NULL AUTO_INCREMENT,
  `sale_pay_date` date DEFAULT NULL,
  `sale_pay_amt_cash` double DEFAULT NULL,
  `sale_pay_amt_per` double DEFAULT NULL,
  `sale_pay_tran_id` varchar(100) DEFAULT NULL,
  `sale_pay_met_id` int(11) DEFAULT NULL,
  `rec_id` int(11) DEFAULT NULL,
  `seller_id` int(11) DEFAULT NULL,
  `sell_id` int(11) DEFAULT NULL,
  `regDt` datetime DEFAULT NULL,
  `upDt` datetime DEFAULT NULL,
  `useYn` varchar(1) DEFAULT NULL,
  `regUsr` int(11) DEFAULT NULL,
  `upUsr` int(11) DEFAULT NULL,
  `com_id` int(11) DEFAULT NULL,
  `sale_pay_code` varchar(10) DEFAULT NULL,
  `sale_pay_real_amount` double DEFAULT NULL,
  `sale_pay_dis_cash` double DEFAULT NULL,
  `sale_pay_dis_per` double DEFAULT NULL,
  `sale_pay_penalty` double DEFAULT NULL,
  PRIMARY KEY (`sale_pay_id`)
) ENGINE=MyISAM DEFAULT CHARSET=utf8;

-- --------------------------------------------------------

--
-- Table structure for table `tbl_sell`
--

DROP TABLE IF EXISTS `tbl_sell`;
CREATE TABLE IF NOT EXISTS `tbl_sell` (
  `sell_id` int(11) NOT NULL AUTO_INCREMENT,
  `sell_date` date DEFAULT NULL,
  `sell_total_price` double DEFAULT NULL,
  `sell_dis_per` double DEFAULT NULL,
  `sell_dis_amt` double DEFAULT NULL,
  `sell_price_before_dis` double DEFAULT NULL,
  `sell_des` text,
  `sell_code` varchar(10) DEFAULT NULL,
  `con_id` int(11) DEFAULT NULL,
  `rec_id` int(11) DEFAULT NULL,
  `seller_id` int(11) DEFAULT NULL,
  `regDt` datetime DEFAULT NULL,
  `upDt` datetime DEFAULT NULL,
  `useYn` varchar(1) DEFAULT NULL,
  `regUsr` int(11) DEFAULT NULL,
  `upUsr` int(11) DEFAULT NULL,
  `com_id` int(11) DEFAULT NULL,
  `con_type_id` int(11) DEFAULT NULL,
  `sell_inst_yn` varchar(1) DEFAULT NULL,
  `sell_tran_price` double DEFAULT NULL,
  PRIMARY KEY (`sell_id`)
) ENGINE=MyISAM AUTO_INCREMENT=87 DEFAULT CHARSET=utf8;

--
-- Dumping data for table `tbl_sell`
--

INSERT INTO `tbl_sell` (`sell_id`, `sell_date`, `sell_total_price`, `sell_dis_per`, `sell_dis_amt`, `sell_price_before_dis`, `sell_des`, `sell_code`, `con_id`, `rec_id`, `seller_id`, `regDt`, `upDt`, `useYn`, `regUsr`, `upUsr`, `com_id`, `con_type_id`, `sell_inst_yn`, `sell_tran_price`) VALUES
(1, '2019-08-06', 159000, NULL, NULL, NULL, 'បន្ថែម:ទូរចង្ក្រានលើ-ក្រោម ចង្ក្រានអគ្គីសនី ម៉ាស៊ីនបឺតផ្សែងទូរទូរទស្សន៍           ', '000001', 7, NULL, 7, '2019-10-22 16:38:03', NULL, 'Y', 2, NULL, 1, 1, 'Y', 300),
(2, '2019-06-17', 99000, NULL, NULL, NULL, 'ទូរចង្ក្រានលើ-ក្រោម ចង្ក្រានអគ្គីសនី ម៉ាស៊ីនបឺតផ្សែង  Minibar  ទូរទូរទស្សន៍', '000002', 0, NULL, 15, '2019-10-23 14:21:16', NULL, 'Y', 3, NULL, 1, 1, 'Y', 300),
(3, '2019-06-17', 99000, NULL, NULL, NULL, 'ទូរចង្ក្រានលើ-ក្រោម ចង្ក្រានអគ្គីសនី ម៉ាស៊ីនបឺតផ្សែង  Minibar  ទូរទូរទស្សន៍', '000003', 0, NULL, 15, '2019-10-23 14:58:36', NULL, 'Y', 3, NULL, 1, 1, 'Y', 300),
(4, '2019-06-17', 99000, NULL, NULL, NULL, 'ទូរចង្ក្រានលើ-ក្រោម ចង្ក្រានអគ្គីសនី ម៉ាស៊ីនបឺតផ្សែង  Minibar  ទូរទូរទស្សន៍', '000004', 0, NULL, 15, '2019-10-23 15:14:17', NULL, 'Y', 3, NULL, 1, 1, 'Y', 300),
(5, '2019-07-01', 99000, NULL, NULL, NULL, 'ទូរចង្ក្រានលើ-ក្រោម ចង្ក្រានអគ្គីសនី ម៉ាស៊ីនបឺតផ្សែង  Minibar  ទូរទូរទស្សន៍', '000005', 9, NULL, 5, '2019-10-23 15:35:16', '2019-10-23 15:39:44', 'N', 3, 3, 1, 1, 'Y', 300),
(6, '2019-07-01', 99000, NULL, NULL, NULL, 'ទូរចង្ក្រានលើ-ក្រោម ចង្ក្រានអគ្គីសនី ម៉ាស៊ីនបឺតផ្សែង  Minibar  ទូរទូរទស្សន៍', '000006', 10, NULL, 7, '2019-10-23 15:45:36', NULL, 'Y', 3, NULL, 1, 1, 'Y', 300),
(7, '2019-06-24', 99000, NULL, NULL, NULL, 'ទូរចង្ក្រានលើ-ក្រោម ចង្ក្រានអគ្គីសនី ម៉ាស៊ីនបឺតផ្សែង  Minibar  ទូរទូរទស្សន៍', '000007', 11, NULL, 7, '2019-10-24 09:35:08', NULL, 'Y', 3, NULL, 1, 1, 'Y', 300),
(8, '2019-06-26', 122500, NULL, NULL, NULL, 'ទូរចង្ក្រានលើ-ក្រោម ចង្ក្រានអគ្គីសនី ម៉ាស៊ីនបឺតផ្សែង  Minibar  ទូរទូរទស្សន៍', '000008', 13, NULL, 7, '2019-10-24 09:56:48', NULL, 'Y', 3, NULL, 1, 1, 'Y', 300),
(9, '2019-07-03', 99000, NULL, NULL, NULL, 'ទូរចង្ក្រានលើ-ក្រោម ចង្ក្រានអគ្គីសនី ម៉ាស៊ីនបឺតផ្សែង  Minibar  ទូរទូរទស្សន៍', '000009', 14, NULL, 7, '2019-10-24 10:08:18', NULL, 'Y', 3, NULL, 1, 1, 'Y', 300),
(10, '2019-07-01', 99000, NULL, NULL, NULL, 'ទូរចង្ក្រានលើ-ក្រោម ចង្ក្រានអគ្គីសនី ម៉ាស៊ីនបឺតផ្សែង  Minibar  ទូរទូរទស្សន៍', '000010', 15, NULL, 7, '2019-10-24 10:20:40', NULL, 'Y', 3, NULL, 1, 1, 'Y', 300),
(11, '2019-06-24', 111000, NULL, NULL, NULL, 'ទូរចង្ក្រានលើ-ក្រោម ចង្ក្រានអគ្គីសនី ម៉ាស៊ីនបឺតផ្សែង  Minibar  ទូរទូរទស្សន៍', '000011', 0, NULL, 7, '2019-10-24 10:43:30', NULL, 'Y', 3, NULL, 1, 1, 'Y', 300),
(12, '2019-06-26', 198000, NULL, NULL, NULL, 'ទូរចង្ក្រានលើ-ក្រោម ចង្ក្រានអគ្គីសនី ម៉ាស៊ីនបឺតផ្សែង  Minibar  ទូរទូរទស្សន៍', '000012', 0, NULL, 15, '2019-10-24 11:10:08', NULL, 'Y', 3, NULL, 1, 1, 'Y', 500),
(13, '2019-06-24', 219000, NULL, NULL, NULL, ': ទូរចង្ក្រានលើ-ក្រោម ចង្ក្រានអគ្គីសនី            	     ម៉ាស៊ីនបឺតផ្សែង  Minibar  ទូរទូរទស្សន៍', '000013', 0, NULL, 7, '2019-10-24 11:20:33', NULL, 'Y', 3, NULL, 1, 1, 'Y', 500),
(14, '2019-07-30', 125000, NULL, NULL, NULL, 'ទូរចង្ក្រានលើ-ក្រោម ចង្ក្រានអគ្គីសនី ម៉ាស៊ីនបឺតផ្សែង  Minibar  ទូរទូរទស្សន៍', '000014', 16, NULL, 16, '2019-10-24 11:43:01', NULL, 'Y', 3, NULL, 1, 2, 'N', 500),
(15, '2019-07-25', 135000, NULL, NULL, NULL, 'ទូរចង្ក្រានលើ-ក្រោម ចង្ក្រានអគ្គីសនី ម៉ាស៊ីនបឺតផ្សែង  Minibar  ទូរទូរទស្សន៍', '000015', 0, NULL, 15, '2019-10-24 11:59:51', NULL, 'Y', 3, NULL, 1, 3, 'N', 500),
(16, '2019-08-01', 115000, NULL, NULL, NULL, 'ទូរចង្ក្រានលើ-ក្រោម ចង្ក្រានអគ្គីសនី ម៉ាស៊ីនបឺតផ្សែង  Minibar  ទូរទូរទស្សន៍', '000016', 17, NULL, 16, '2019-10-24 12:12:49', NULL, 'Y', 3, NULL, 1, 1, 'Y', 500),
(17, '2019-08-07', 125000, NULL, NULL, NULL, 'ទូរចង្ក្រានលើ-ក្រោម ចង្ក្រានអគ្គីសនី ម៉ាស៊ីនបឺតផ្សែង  Minibar  ទូរទូរទស្សន៍', '000017', 18, NULL, 17, '2019-10-24 14:52:59', NULL, 'Y', 3, NULL, 1, 1, 'Y', 500),
(18, '2019-08-05', 115000, NULL, NULL, NULL, 'ទូរចង្ក្រានលើ-ក្រោម ចង្ក្រានអគ្គីសនី  ម៉ាស៊ីនបឺតផ្សែង  Minibar  ទូរទូរទស្សន៍', '000018', 0, NULL, 16, '2019-10-24 15:07:13', NULL, 'Y', 3, NULL, 1, 1, 'Y', 500),
(19, '2019-10-05', 135000, NULL, NULL, NULL, 'ទូរចង្ក្រានលើ-ក្រោម ចង្ក្រានអគ្គីសនី ម៉ាស៊ីនបឺតផ្សែង  Minibar  ទូរទូរទស្សន៍', '000019', 19, NULL, 14, '2019-10-24 15:27:27', NULL, 'Y', 3, NULL, 1, 1, 'Y', 500),
(20, '2019-10-11', 135000, NULL, NULL, NULL, 'ទូរចង្ក្រានលើ-ក្រោម ចង្ក្រានអគ្គីសនី ម៉ាស៊ីនបឺតផ្សែងទូរទូរទស្សន៍', '000020', 8, NULL, 13, '2019-10-28 15:25:33', NULL, 'Y', 3, NULL, 1, 1, 'Y', 300),
(21, '2019-10-01', 120000, NULL, NULL, NULL, 'ទូរចង្ក្រានលើ-ក្រោម ចង្ក្រានអគ្គីសនី ម៉ាស៊ីនបឺតផ្សែង ទូរទូរទស្សន៍', '000021', 0, NULL, 15, '2019-10-28 15:40:02', NULL, 'Y', 3, NULL, 1, 1, 'Y', 300),
(22, '2019-10-01', 120000, NULL, NULL, NULL, 'ទូរចង្ក្រានលើ-ក្រោម ចង្ក្រានអគ្គីសនី ម៉ាស៊ីនបឺតផ្សែង ទូរទូរទស្សន៍', '000022', 0, NULL, 15, '2019-10-28 15:53:55', NULL, 'Y', 3, NULL, 1, 1, 'Y', 300),
(23, '2019-07-01', 130000, NULL, NULL, NULL, 'បន្ថែម : ទូរចង្ក្រានលើ-ក្រោម ចង្ក្រានអគ្គីសនី ម៉ាស៊ីនបឺតផ្សែង ទូរទូរទស្សន៍', '000023', 5, NULL, 8, '2019-10-28 16:08:43', '2019-10-28 16:13:23', 'N', 3, 3, 1, 4, 'N', 300),
(24, '2019-07-08', 130000, NULL, NULL, NULL, 'បន្ថែម : ទូរចង្ក្រានលើ-ក្រោម ចង្ក្រានអគ្គីសនី ម៉ាស៊ីនបឺតផ្សែង ទូរទូរទស្សន៍', '000024', 5, NULL, 8, '2019-10-28 16:14:32', '2020-01-17 16:02:08', 'N', 3, 3, 1, 4, 'N', 300),
(25, '2019-07-21', 129000, NULL, NULL, NULL, 'ទូរចង្ក្រានលើ-ក្រោម ចង្ក្រានអគ្គីសនី ម៉ាស៊ីនបឺតផ្សែង ទូរទូរទស្សន៍', '000025', 22, NULL, 7, '2019-10-28 16:33:40', NULL, 'Y', 3, NULL, 1, 1, 'Y', 300),
(26, '2019-07-21', 129000, NULL, NULL, NULL, 'ទូរចង្ក្រានលើ-ក្រោម ចង្ក្រានអគ្គីសនី ម៉ាស៊ីនបឺតផ្សែង ទូរទូរទស្សន៍', '000026', 23, NULL, 7, '2019-10-28 16:36:19', NULL, 'Y', 3, NULL, 1, 1, 'Y', 300),
(27, '2019-11-15', 129000, NULL, NULL, NULL, 'ទូរចង្ក្រានលើ-ក្រោម ចង្ក្រានអគ្គីសនី ម៉ាស៊ីនបឺតផ្សែងទូរទូរទស្សន៍', '000027', 24, NULL, 7, '2019-10-29 11:42:24', NULL, 'Y', 3, NULL, 1, 1, 'Y', 300),
(28, '2019-11-05', 129000, NULL, NULL, NULL, 'ទូរចង្ក្រានលើ-ក្រោម ចង្ក្រានអគ្គីសនី ម៉ាស៊ីនបឺតផ្សែង  Minibar  ទូរទូរទស្សន៍', '000028', 25, NULL, 14, '2019-11-06 16:01:40', NULL, 'Y', 3, NULL, 1, 1, 'Y', 500),
(29, '2019-11-19', 139000, NULL, NULL, NULL, ' ទូរចង្ក្រានលើ-ក្រោម ចង្ក្រានអគ្គីសនី  ម៉ាស៊ីនបឺតផ្សែង  ទូរទូរទស្សន៍', '000029', 21, NULL, 6, '2019-11-19 17:06:29', '2019-11-19 17:26:24', 'N', 3, 3, 1, 1, 'Y', 500),
(30, '2019-11-20', 115000, NULL, NULL, NULL, '', '000030', 0, NULL, 2, '2019-11-20 10:53:12', '2019-11-20 10:57:45', 'N', 3, 3, 1, 1, 'Y', 500),
(31, '2019-11-20', 115000, NULL, NULL, NULL, '', '000031', 0, NULL, 2, '2019-11-20 10:55:20', '2019-11-20 11:04:56', 'N', 3, 3, 1, 1, 'Y', 500),
(32, '2019-11-30', 139000, NULL, NULL, NULL, ' ទូរចង្ក្រានលើ-ក្រោម ចង្ក្រានអគ្គីសនី  ម៉ាស៊ីនបឺតផ្សែង  ទូរទូរទស្សន៍', '000032', 21, NULL, 6, '2019-11-30 16:19:50', '2019-11-30 16:21:48', 'N', 2, 2, 1, 2, 'N', 500),
(33, '2019-11-30', 139000, NULL, NULL, NULL, ' ទូរចង្ក្រានលើ-ក្រោម ចង្ក្រានអគ្គីសនី  ម៉ាស៊ីនបឺតផ្សែង  ទូរទូរទស្សន៍', '000033', 21, NULL, 6, '2019-11-30 16:26:09', '2019-11-30 16:29:42', 'N', 2, 2, 1, 2, 'N', 500),
(34, '2019-11-01', 139000, NULL, NULL, NULL, ' ទូរចង្ក្រានលើ-ក្រោម ចង្ក្រានអគ្គីសនី  ម៉ាស៊ីនបឺតផ្សែង  ទូរទូរទស្សន៍', '000034', 21, NULL, 6, '2019-12-02 13:02:18', '2019-12-02 13:03:58', 'N', 3, 3, 1, 2, 'N', 500),
(35, '2019-11-01', 139000, NULL, NULL, NULL, ' ទូរចង្ក្រានលើ-ក្រោម ចង្ក្រានអគ្គីសនី  ម៉ាស៊ីនបឺតផ្សែង  ទូរទូរទស្សន៍', '000035', 21, NULL, 6, '2019-12-02 13:11:06', '2019-12-02 13:14:27', 'N', 3, 3, 1, 2, 'N', 500),
(36, '2019-10-18', 139000, NULL, NULL, NULL, ' ទូរចង្ក្រានលើ-ក្រោម ចង្ក្រានអគ្គីសនី  ម៉ាស៊ីនបឺតផ្សែង  ទូរទូរទស្សន៍', '000036', 21, NULL, 6, '2019-12-02 14:21:21', NULL, 'Y', 3, NULL, 1, 2, 'N', 500),
(37, '2019-12-01', 298000, NULL, NULL, NULL, 'ទូរចង្ក្រានលើ-ក្រោម ចង្ក្រានអគ្គីសនី ម៉ាស៊ីនបឺតផ្សែង  Minibar  ទូរទូរទស្សន៍', '000037', 26, NULL, 10, '2019-12-03 14:22:06', NULL, 'Y', 3, NULL, 1, 2, 'N', 500),
(38, '2019-12-01', 298000, NULL, NULL, NULL, 'ទូរចង្ក្រានលើ-ក្រោម ចង្ក្រានអគ្គីសនី ម៉ាស៊ីនបឺតផ្សែង  Minibar  ទូរទូរទស្សន៍', '000038', 0, NULL, 10, '2019-12-03 16:14:31', '2019-12-03 16:38:38', 'N', 3, 2, 1, 2, 'Y', 500),
(39, '2020-01-01', 167000, NULL, NULL, NULL, 'ទូរចង្ក្រានលើ-ក្រោម ចង្ក្រានអគ្គីសនី   ម៉ាស៊ីនបឺតផ្សែង  Minibar  ទូរទូរទស្សន៍  និងម៉ូតូHONDA DREAM 2020', '000039', 27, NULL, 6, '2019-12-16 15:02:06', '2019-12-16 15:04:39', 'N', 3, 3, 1, 2, 'N', 500),
(40, '2020-01-01', 167000, NULL, NULL, NULL, 'ទូរចង្ក្រានលើ-ក្រោម ចង្ក្រានអគ្គីសនី   ម៉ាស៊ីនបឺតផ្សែង  Minibar  ទូរទូរទស្សន៍  និងម៉ូតូHONDA DREAM 2020', '000040', 27, NULL, 6, '2019-12-16 15:05:39', '2019-12-16 15:06:02', 'N', 3, 3, 1, 2, 'N', 500),
(41, '2020-01-01', 167000, NULL, NULL, NULL, 'ទូរចង្ក្រានលើ-ក្រោម ចង្ក្រានអគ្គីសនី   ម៉ាស៊ីនបឺតផ្សែង  Minibar  ទូរទូរទស្សន៍  និងម៉ូតូHONDA DREAM 2020', '000041', 27, NULL, 6, '2019-12-16 15:13:54', NULL, 'Y', 3, NULL, 1, 2, 'N', 500),
(42, '2019-11-07', 92900, NULL, NULL, NULL, 'ទូរចង្ក្រានលើ-ក្រោម ចង្ក្រានអគ្គីសនី ម៉ាស៊ីនបឺតផ្សែង   ទូរទូរទស្សន៍ ទូរស័ព្ទ iPhone 11 pro	', '000042', 28, NULL, 6, '2019-12-19 14:56:40', NULL, 'Y', 3, NULL, 1, 2, 'N', 300),
(43, '2019-06-10', 75900, NULL, NULL, NULL, 'ទូរចង្ក្រានលើ-ក្រោម ចង្ក្រានអគ្គីសនី   ម៉ាស៊ីនបឺតផ្សែង   ទូរទូរទស្សន៍ ', '000043', 29, NULL, 9, '2019-12-19 15:34:05', NULL, 'Y', 3, NULL, 1, 2, 'N', 300),
(44, '2019-06-10', 97000, NULL, NULL, NULL, 'ទូរចង្ក្រានលើ-ក្រោម ចង្ក្រានអគ្គីសនី ម៉ាស៊ីនបឺតផ្សែង   ទូរទូរទស្សន៍', '000044', 0, NULL, 10, '2019-12-21 13:45:55', NULL, 'Y', 3, NULL, 1, 1, 'Y', 300),
(45, '2019-07-11', 104665, NULL, NULL, NULL, 'ទូរចង្ក្រានលើ-ក្រោម ចង្ក្រានអគ្គីសនី   ម៉ាស៊ីនបឺតផ្សែង   ទូរទូរទស្សន៍', '000045', 30, NULL, 7, '2019-12-21 14:19:05', NULL, 'Y', 3, NULL, 1, 1, 'Y', 300),
(46, '2019-06-21', 97000, NULL, NULL, NULL, 'ទូរចង្ក្រានលើ-ក្រោម ចង្ក្រានអគ្គីសនី  ម៉ាស៊ីនបឺតផ្សែង   ទូរទូរទស្សន៍', '000046', 31, NULL, 9, '2019-12-21 14:50:44', NULL, 'Y', 3, NULL, 1, 1, 'Y', 300),
(47, '2019-08-08', 95215, NULL, NULL, NULL, 'ទូរចង្ក្រានលើ-ក្រោម ចង្ក្រានអគ្គីសនី ម៉ាស៊ីនបឺតផ្សែង   ទូរទូរទស្សន៍', '000047', 32, NULL, 7, '2019-12-21 15:31:49', '2020-01-17 15:38:00', 'N', 3, 3, 1, 4, 'N', 300),
(48, '2019-08-08', 73900, NULL, NULL, NULL, 'ទូរចង្ក្រានលើ-ក្រោម ចង្ក្រានអគ្គីសនី ម៉ាស៊ីនបឺតផ្សែង   ទូរទូរទស្សន៍', '000048', 33, NULL, 7, '2019-12-21 15:39:10', '2020-01-17 15:50:40', 'N', 3, 3, 1, 4, 'N', 300),
(49, '2019-08-08', 73900, NULL, NULL, NULL, 'ទូរចង្ក្រានលើ-ក្រោម ចង្ក្រានអគ្គីសនី ម៉ាស៊ីនបឺតផ្សែង   ទូរទូរទស្សន៍', '000049', 34, NULL, 7, '2019-12-21 15:42:40', '2020-01-17 15:50:51', 'N', 3, 3, 1, 4, 'N', 300),
(50, '2019-10-21', 88900, NULL, NULL, NULL, 'ទូរចង្ក្រានលើ-ក្រោម ចង្ក្រានអគ្គីសនី ម៉ាស៊ីនបឺតផ្សែង   ទូរទូរទស្សន៍ ទូរស័ព្ទ iPhone 11 pro	', '000050', 35, NULL, 6, '2019-12-22 10:32:25', NULL, 'Y', 3, NULL, 1, 2, 'N', 300),
(51, '2019-06-14', 73900, NULL, NULL, NULL, 'ទូរចង្ក្រានលើ-ក្រោម ចង្ក្រានអគ្គីសនី ម៉ាស៊ីនបឺតផ្សែង   ទូរទូរទស្សន៍ 	', '000051', 36, NULL, 8, '2019-12-22 12:05:23', NULL, 'Y', 3, NULL, 1, 1, 'Y', 300),
(52, '2019-06-21', 73900, NULL, NULL, NULL, 'ទូរចង្ក្រានលើ-ក្រោម ចង្ក្រានអគ្គីសនី  ម៉ាស៊ីនបឺតផ្សែង   ទូរទូរទស្សន៍  ', '000052', 37, NULL, 9, '2019-12-22 14:07:11', NULL, 'Y', 3, NULL, 1, 1, 'Y', 300),
(53, '2019-12-01', 92900, NULL, NULL, NULL, '    ទូរចង្ក្រានលើ-ក្រោម ចង្ក្រានអគ្គីសនី ម៉ាស៊ីនបឺតផ្សែង   ទូរទូរទស្សន៍ ទូរស័ព្ទ iPhone 11 pro', '000053', 38, NULL, 14, '2019-12-22 14:34:20', NULL, 'Y', 3, NULL, 1, 2, 'N', 300),
(54, '2019-06-28', 78900, NULL, NULL, NULL, 'ទូរចង្ក្រានលើ-ក្រោម ចង្ក្រានអគ្គីសនី   ម៉ាស៊ីនបឺតផ្សែង   ទូរទូរទស្សន៍ ', '000054', 0, NULL, 7, '2019-12-22 14:52:50', '2019-12-22 14:54:36', 'N', 3, 3, 1, 1, 'Y', 300),
(55, '2019-07-01', 101965, NULL, NULL, NULL, 'ទូរចង្ក្រានលើ-ក្រោម ចង្ក្រានអគ្គីសនី  ម៉ាស៊ីនបឺតផ្សែង   ទូរទូរទស្សន៍', '000055', 0, NULL, 15, '2019-12-23 14:15:14', NULL, 'Y', 3, NULL, 1, 1, 'Y', 300),
(56, '2019-09-07', 120015, NULL, NULL, NULL, 'ទូរចង្ក្រានលើ-ក្រោម ចង្ក្រានអគ្គីសនី  ម៉ាស៊ីនបឺតផ្សែង   ទូរទូរទស្សន៍  ', '000056', 39, NULL, 6, '2019-12-23 15:45:20', NULL, 'Y', 3, NULL, 1, 4, 'N', 300),
(57, '2020-01-02', 159000, NULL, NULL, NULL, 'I Phone', '000057', 40, NULL, 6, '2019-12-26 16:21:18', '2019-12-27 14:02:45', 'N', 3, 3, 1, 2, 'N', 300),
(58, '2019-06-28', 101965, NULL, NULL, NULL, 'ទូរចង្ក្រានលើ-ក្រោម ចង្ក្រានអគ្គីសនី  ម៉ាស៊ីនបឺតផ្សែង   ទូរទូរទស្សន៍  ', '000058', 0, NULL, 7, '2019-12-27 10:31:41', NULL, 'Y', 3, NULL, 1, 1, 'Y', 300),
(59, '2019-06-28', 78900, NULL, NULL, NULL, 'ទូរចង្ក្រានលើ-ក្រោម ចង្ក្រានអគ្គីសនី ម៉ាស៊ីនបឺតផ្សែង   ទូរទូរទស្សន៍  ', '000059', 0, NULL, 7, '2019-12-27 11:21:21', NULL, 'Y', 3, NULL, 1, 1, 'Y', 300),
(60, '2020-01-04', 90900, NULL, NULL, NULL, 'ទូរចង្ក្រានលើ-ក្រោម ចង្ក្រានអគ្គីសនី ម៉ាស៊ីនបឺតផ្សែង   ទូរទូរទស្សន៍ HONDA DREAM 2020', '000060', 41, NULL, 6, '2019-12-28 10:37:49', '2019-12-28 10:40:12', 'N', 3, 3, 1, 2, 'N', 300),
(61, '2020-01-04', 90900, NULL, NULL, NULL, 'ទូរចង្ក្រានលើ-ក្រោម ចង្ក្រានអគ្គីសនី ម៉ាស៊ីនបឺតផ្សែង   ទូរទូរទស្សន៍ HONDA DREAM 2020', '000061', 41, NULL, 6, '2019-12-28 10:42:11', NULL, 'Y', 3, NULL, 1, 2, 'N', 300),
(62, '2019-08-06', 127000, NULL, NULL, NULL, 'ទូរចង្ក្រានលើ-ក្រោម ចង្ក្រានអគ្គីសនី ម៉ាស៊ីនបឺតផ្សែង  Minibar  ទូរទូរទស្សន៍', '000062', 42, NULL, 16, '2019-12-30 09:43:51', NULL, 'Y', 3, NULL, 1, 1, 'Y', 500),
(63, '2020-01-10', 157000, NULL, NULL, NULL, 'បន្ថែម', '000063', 43, NULL, 6, '2020-01-04 16:27:59', '2020-01-04 16:46:57', 'N', 4, 4, 1, 2, 'N', 500),
(64, '2020-01-10', 166000, NULL, NULL, NULL, 'ទូរចង្ក្រានលើ-ក្រោម ចង្ក្រានអគ្គីសនី ម៉ាស៊ីនបឺតផ្សែង  Minibar  និងម៉ូតូ Honda Dream 2020', '000064', 0, NULL, 6, '2020-01-10 10:09:40', NULL, 'Y', 3, NULL, 1, 2, 'N', 500),
(65, '2019-07-15', 80900, NULL, NULL, NULL, 'ទូរចង្ក្រានលើ-ក្រោម ចង្ក្រានអគ្គីសនី ម៉ាស៊ីនបឺតផ្សែងទូរទូរទស្សន៍', '000065', 44, NULL, 7, '2020-01-16 11:58:08', NULL, 'Y', 3, NULL, 1, 1, 'Y', 300),
(66, '2019-07-15', 109000, NULL, NULL, NULL, 'ទូរចង្ក្រានលើ-ក្រោម ចង្ក្រានអគ្គីសនី  ម៉ាស៊ីនបឺតផ្សែង  Minibar  ទូរទូរទស្សន៍', '000066', 0, NULL, 9, '2020-01-17 11:51:12', NULL, 'Y', 3, NULL, 1, 1, 'Y', 500),
(67, '2019-02-15', 99000, NULL, NULL, NULL, 'ទូរចង្ក្រានលើ-ក្រោម ចង្ក្រានអគ្គីសនីនបឺតផ្សែង  Minibar  ទូរទូរទស្សន៍', '000067', 0, NULL, 9, '2020-01-17 14:49:17', NULL, 'Y', 3, NULL, 1, 4, 'N', 500),
(68, '2019-06-28', 130000, NULL, NULL, NULL, 'បន្ថែម : ទូរចង្ក្រានលើ-ក្រោម ចង្ក្រានអគ្គីសនី ម៉ាស៊ីនបឺតផ្សែង ទូរទូរទស្សន៍', '000068', 2, NULL, 8, '2020-01-17 15:01:02', NULL, 'Y', 3, NULL, 1, 4, 'N', 300),
(69, '2019-06-28', 85900, NULL, NULL, NULL, 'ទូរចង្ក្រានលើ-ក្រោម ចង្ក្រានអគ្គីសនី ម៉ាស៊ីនបឺតផ្សែង   ទូរទូរទស្សន៍', '000069', 4, NULL, 9, '2020-01-17 15:05:50', NULL, 'Y', 3, NULL, 1, 4, 'N', 300),
(70, '2019-07-17', 90000, NULL, NULL, NULL, ' ទូរចង្ក្រានលើ-ក្រោម ចង្ក្រានអគ្គីសនី ម៉ាស៊ីនបឺតផ្សែង  ទូរទូរទស្សន៍', '000070', 3, NULL, 8, '2020-01-17 15:14:49', NULL, 'Y', 3, NULL, 1, 4, 'N', 300),
(71, '2019-07-17', 93900, NULL, NULL, NULL, 'ទូរចង្ក្រានលើ-ក្រោម ចង្ក្រានអគ្គីសនី ម៉ាស៊ីនបឺតផ្សែងទូរទូរទស្សន៍           ', '000071', 6, NULL, 7, '2020-01-17 15:17:49', NULL, 'Y', 3, NULL, 1, 4, 'N', 300),
(72, '2019-08-08', 95215, NULL, NULL, NULL, 'ទូរចង្ក្រានលើ-ក្រោម ចង្ក្រានអគ្គីសនី ម៉ាស៊ីនបឺតផ្សែង   ទូរទូរទស្សន៍', '000072', 32, NULL, 7, '2020-01-17 15:46:53', NULL, 'Y', 3, NULL, 1, 4, 'N', 300),
(73, '2019-08-08', 73900, NULL, NULL, NULL, 'ទូរចង្ក្រានលើ-ក្រោម ចង្ក្រានអគ្គីសនី ម៉ាស៊ីនបឺតផ្សែង   ទូរទូរទស្សន៍', '000073', 34, NULL, 7, '2020-01-17 15:54:06', NULL, 'Y', 3, NULL, 1, 4, 'N', 300),
(74, '2019-08-08', 73900, NULL, NULL, NULL, 'ទូរចង្ក្រានលើ-ក្រោម ចង្ក្រានអគ្គីសនី ម៉ាស៊ីនបឺតផ្សែង   ទូរទូរទស្សន៍', '000074', 33, NULL, 7, '2020-01-17 15:57:16', '2020-01-17 15:58:19', 'N', 3, 3, 1, 1, 'Y', 300),
(75, '2019-08-08', 73900, NULL, NULL, NULL, 'ទូរចង្ក្រានលើ-ក្រោម ចង្ក្រានអគ្គីសនី ម៉ាស៊ីនបឺតផ្សែង   ទូរទូរទស្សន៍', '000075', 33, NULL, 7, '2020-01-17 16:00:12', NULL, 'Y', 3, NULL, 1, 4, 'N', 300),
(76, '2019-06-28', 91000, NULL, NULL, NULL, 'ទូរចង្ក្រានលើ-ក្រោម ចង្ក្រានអគ្គីសនី ម៉ាស៊ីនបឺតផ្សែង   ទូរទូរទស្សន៍', '000076', 0, NULL, 9, '2020-01-17 16:30:33', NULL, 'Y', 3, NULL, 1, 4, 'N', 300),
(77, '2020-01-18', 140000, NULL, NULL, NULL, 'ទូរចង្ក្រានលើ-ក្រោម ចង្ក្រានអគ្គីសនី   ម៉ាស៊ីនបឺតផ្សែង  ទូរទូរទស្សន៍', '000077', 45, NULL, 14, '2020-01-18 14:06:58', NULL, 'Y', 2, NULL, 1, 2, 'N', 500),
(78, '2020-01-19', 139000, NULL, NULL, NULL, 'ទូរចង្ក្រានលើ-ក្រោម ចង្ក្រានអគ្គីសនី ម៉ាស៊ីនបឺតផ្សែង  Minibar ', '000078', 46, NULL, 12, '2020-01-19 11:05:42', '2020-01-20 11:17:54', 'N', 4, 3, 1, 2, 'N', 500),
(79, '2020-01-25', 139000, NULL, NULL, NULL, 'ទូរចង្ក្រានលើ-ក្រោម ចង្ក្រានអគ្គីសនី ម៉ាស៊ីនបឺតផ្សែង  Minibar ', '000079', 46, NULL, 12, '2020-01-20 11:39:50', NULL, 'Y', 3, NULL, 1, 2, 'N', 500),
(80, '2019-07-08', 130000, NULL, NULL, NULL, 'បន្ថែម : ទូរចង្ក្រានលើ-ក្រោម ចង្ក្រានអគ្គីសនី ម៉ាស៊ីនបឺតផ្សែង ទូរទូរទស្សន៍', '000080', 5, NULL, 8, '2020-02-03 10:45:30', NULL, 'Y', 3, NULL, 1, 1, 'Y', 300),
(81, '2019-07-01', 99000, NULL, NULL, NULL, 'ទូរចង្ក្រានលើ-ក្រោម ចង្ក្រានអគ្គីសនី ម៉ាស៊ីនបឺតផ្សែង  Minibar  ទូរទូរទស្សន៍', '000081', 47, NULL, 7, '2020-02-03 11:27:08', NULL, 'Y', 3, NULL, 1, 1, 'Y', 500),
(82, '2019-08-01', 115000, NULL, NULL, NULL, 'ទូរចង្ក្រានលើ-ក្រោម ចង្ក្រានអគ្គីសនី ម៉ាស៊ីនបឺតផ្សែង  Minibar  ទូរទូរទស្សន៍', '000082', 48, NULL, 7, '2020-02-03 15:04:33', NULL, 'Y', 3, NULL, 1, 1, 'Y', 500),
(83, '2019-07-21', 268000, NULL, NULL, NULL, 'ទូរចង្ក្រានលើ-ក្រោម ចង្ក្រានអគ្គីសនី ម៉ាស៊ីនបឺតផ្សែង  Minibar  ទូរទូរទស្សន៍', '000083', 0, NULL, 15, '2020-02-03 15:46:01', NULL, 'Y', 3, NULL, 1, 1, 'Y', 500),
(84, '2019-11-23', 92900, NULL, NULL, NULL, 'ទូរចង្ក្រានលើ-ក្រោម ចង្ក្រានអគ្គីសនី  ម៉ាស៊ីនបឺតផ្សែង   ទូរទូរទស្សន៍ ទូរស័ព្ទ iPhone 11 pro', '000084', 49, NULL, 6, '2020-02-08 13:57:10', NULL, 'Y', 3, NULL, 1, 2, 'N', 300),
(85, '2019-08-09', 73900, NULL, NULL, NULL, 'ទូរតាំង ទូរចង្ក្រានលើ-ក្រោម ចង្ក្រានអគ្គីសនី ម៉ាស៊ីនបឺតផ្សែង ទូរទូរទស្សន៍ ទូរទឹកកក', '000085', 50, NULL, 2, '2020-02-08 14:31:59', NULL, 'Y', 3, NULL, 1, 2, 'N', 300),
(86, '2019-11-01', 135000, NULL, NULL, NULL, 'ទូរចង្ក្រានលើ-ក្រោម ចង្ក្រានអគ្គីសនី  ម៉ាស៊ីនបឺតផ្សែង   ទូរទូរទស្សន៍', '000086', 51, NULL, 13, '2020-02-08 14:50:41', NULL, 'Y', 3, NULL, 1, 1, 'Y', 300);

-- --------------------------------------------------------

--
-- Table structure for table `tbl_sell_customer`
--

DROP TABLE IF EXISTS `tbl_sell_customer`;
CREATE TABLE IF NOT EXISTS `tbl_sell_customer` (
  `sell_id` int(11) NOT NULL,
  `cus_id` int(11) NOT NULL,
  `regDt` datetime DEFAULT NULL,
  `upDt` datetime DEFAULT NULL,
  `useYn` varchar(1) NOT NULL,
  `regUsr` int(11) NOT NULL,
  `upUsr` int(11) NOT NULL,
  `com_id` int(11) NOT NULL,
  `sell_cus_order` int(11) DEFAULT NULL,
  PRIMARY KEY (`sell_id`,`cus_id`)
) ENGINE=MyISAM DEFAULT CHARSET=utf8;

--
-- Dumping data for table `tbl_sell_customer`
--

INSERT INTO `tbl_sell_customer` (`sell_id`, `cus_id`, `regDt`, `upDt`, `useYn`, `regUsr`, `upUsr`, `com_id`, `sell_cus_order`) VALUES
(1, 13, '2019-10-22 16:38:03', NULL, 'Y', 2, 0, 1, 1),
(2, 22, '2019-10-23 14:21:16', NULL, 'Y', 3, 0, 1, 1),
(3, 23, '2019-10-23 14:58:36', NULL, 'Y', 3, 0, 1, 1),
(4, 24, '2019-10-23 15:14:17', NULL, 'Y', 3, 0, 1, 1),
(5, 25, '2019-10-23 15:35:16', NULL, 'Y', 3, 0, 1, 1),
(6, 25, '2019-10-23 15:45:36', NULL, 'Y', 3, 0, 1, 1),
(7, 26, '2019-10-24 09:35:08', NULL, 'Y', 3, 0, 1, 1),
(8, 27, '2019-10-24 09:56:48', NULL, 'Y', 3, 0, 1, 1),
(9, 28, '2019-10-24 10:08:19', NULL, 'Y', 3, 0, 1, 1),
(10, 29, '2019-10-24 10:20:40', NULL, 'Y', 3, 0, 1, 1),
(11, 31, '2019-10-24 10:43:30', NULL, 'Y', 3, 0, 1, 1),
(12, 32, '2019-10-24 11:10:08', NULL, 'Y', 3, 0, 1, 1),
(13, 33, '2019-10-24 11:20:33', NULL, 'Y', 3, 0, 1, 1),
(14, 35, '2019-10-24 11:43:01', NULL, 'Y', 3, 0, 1, 1),
(15, 38, '2019-10-24 11:59:51', NULL, 'Y', 3, 0, 1, 1),
(15, 39, '2019-10-24 11:59:51', NULL, 'Y', 3, 0, 1, 2),
(16, 36, '2019-10-24 12:12:49', NULL, 'Y', 3, 0, 1, 1),
(16, 37, '2019-10-24 12:12:49', NULL, 'Y', 3, 0, 1, 2),
(17, 45, '2019-10-24 14:52:59', NULL, 'Y', 3, 0, 1, 1),
(18, 36, '2019-10-24 15:07:13', NULL, 'Y', 3, 0, 1, 1),
(18, 37, '2019-10-24 15:07:13', NULL, 'Y', 3, 0, 1, 2),
(19, 46, '2019-10-24 15:27:27', NULL, 'Y', 3, 0, 1, 1),
(19, 47, '2019-10-24 15:27:27', NULL, 'Y', 3, 0, 1, 2),
(20, 15, '2019-10-28 15:25:33', NULL, 'Y', 3, 0, 1, 1),
(21, 16, '2019-10-28 15:40:02', NULL, 'Y', 3, 0, 1, 1),
(22, 16, '2019-10-28 15:53:55', NULL, 'Y', 3, 0, 1, 1),
(23, 10, '2019-10-28 16:08:43', NULL, 'Y', 3, 0, 1, 1),
(24, 10, '2019-10-28 16:14:32', NULL, 'Y', 3, 0, 1, 1),
(25, 14, '2019-10-28 16:33:40', NULL, 'Y', 3, 0, 1, 1),
(26, 14, '2019-10-28 16:36:19', NULL, 'Y', 3, 0, 1, 1),
(27, 50, '2019-10-29 11:42:25', NULL, 'Y', 3, 0, 1, 1),
(28, 8, '2019-11-06 16:01:40', NULL, 'Y', 3, 0, 1, 1),
(28, 51, '2019-11-06 16:01:40', NULL, 'Y', 3, 0, 1, 2),
(29, 48, '2019-11-19 17:06:29', NULL, 'Y', 3, 0, 1, 1),
(30, 43, '2019-11-20 10:53:12', NULL, 'Y', 3, 0, 1, 1),
(31, 43, '2019-11-20 10:55:20', NULL, 'Y', 3, 0, 1, 1),
(32, 48, '2019-11-30 16:19:50', NULL, 'Y', 2, 0, 1, 1),
(33, 48, '2019-11-30 16:26:09', NULL, 'Y', 2, 0, 1, 1),
(34, 48, '2019-12-02 13:02:18', NULL, 'Y', 3, 0, 1, 1),
(35, 48, '2019-12-02 13:11:06', NULL, 'Y', 3, 0, 1, 1),
(36, 48, '2019-12-02 14:21:22', NULL, 'Y', 3, 0, 1, 1),
(37, 49, '2019-12-03 14:22:06', NULL, 'Y', 3, 0, 1, 1),
(38, 49, '2019-12-03 16:14:31', NULL, 'Y', 3, 0, 1, 1),
(39, 52, '2019-12-16 15:02:06', NULL, 'Y', 3, 0, 1, 1),
(39, 53, '2019-12-16 15:02:06', NULL, 'Y', 3, 0, 1, 2),
(40, 52, '2019-12-16 15:05:39', NULL, 'Y', 3, 0, 1, 1),
(40, 53, '2019-12-16 15:05:39', NULL, 'Y', 3, 0, 1, 2),
(41, 52, '2019-12-16 15:13:54', NULL, 'Y', 3, 0, 1, 1),
(41, 53, '2019-12-16 15:13:54', NULL, 'Y', 3, 0, 1, 2),
(42, 54, '2019-12-19 14:56:40', NULL, 'Y', 3, 0, 1, 1),
(43, 17, '2019-12-19 15:34:05', NULL, 'Y', 3, 0, 1, 1),
(43, 18, '2019-12-19 15:34:05', NULL, 'Y', 3, 0, 1, 2),
(44, 19, '2019-12-21 13:45:55', NULL, 'Y', 3, 0, 1, 1),
(45, 55, '2019-12-21 14:19:06', NULL, 'Y', 3, 0, 1, 1),
(46, 21, '2019-12-21 14:50:44', NULL, 'Y', 3, 0, 1, 1),
(47, 56, '2019-12-21 15:31:49', NULL, 'Y', 3, 0, 1, 1),
(48, 56, '2019-12-21 15:39:10', NULL, 'Y', 3, 0, 1, 1),
(49, 56, '2019-12-21 15:42:40', NULL, 'Y', 3, 0, 1, 1),
(50, 57, '2019-12-22 10:32:25', NULL, 'Y', 3, 0, 1, 1),
(50, 58, '2019-12-22 10:32:25', NULL, 'Y', 3, 0, 1, 2),
(51, 59, '2019-12-22 12:05:23', NULL, 'Y', 3, 0, 1, 1),
(52, 21, '2019-12-22 14:07:11', NULL, 'Y', 3, 0, 1, 1),
(53, 60, '2019-12-22 14:34:20', NULL, 'Y', 3, 0, 1, 1),
(54, 61, '2019-12-22 14:52:50', NULL, 'Y', 3, 0, 1, 1),
(55, 65, '2019-12-23 14:15:14', NULL, 'Y', 3, 0, 1, 1),
(55, 66, '2019-12-23 14:15:14', NULL, 'Y', 3, 0, 1, 2),
(56, 67, '2019-12-23 15:45:20', NULL, 'Y', 3, 0, 1, 1),
(56, 68, '2019-12-23 15:45:20', NULL, 'Y', 3, 0, 1, 2),
(57, 69, '2019-12-26 16:21:18', NULL, 'Y', 3, 0, 1, 1),
(58, 64, '2019-12-27 10:31:41', NULL, 'Y', 3, 0, 1, 1),
(59, 70, '2019-12-27 11:21:21', NULL, 'Y', 3, 0, 1, 1),
(60, 71, '2019-12-28 10:37:49', NULL, 'Y', 3, 0, 1, 1),
(61, 71, '2019-12-28 10:42:11', NULL, 'Y', 3, 0, 1, 1),
(62, 42, '2019-12-30 09:43:51', NULL, 'Y', 3, 0, 1, 1),
(62, 43, '2019-12-30 09:43:51', NULL, 'Y', 3, 0, 1, 2),
(62, 44, '2019-12-30 09:43:51', NULL, 'Y', 3, 0, 1, 3),
(63, 72, '2020-01-04 16:27:59', NULL, 'Y', 4, 0, 1, 1),
(64, 74, '2020-01-10 10:09:40', NULL, 'Y', 3, 0, 1, 1),
(64, 73, '2020-01-10 10:09:40', NULL, 'Y', 3, 0, 1, 2),
(65, 76, '2020-01-16 11:58:08', NULL, 'Y', 3, 0, 1, 1),
(65, 77, '2020-01-16 11:58:08', NULL, 'Y', 3, 0, 1, 2),
(66, 21, '2020-01-17 11:51:12', NULL, 'Y', 3, 0, 1, 1),
(67, 21, '2020-01-17 14:49:17', NULL, 'Y', 3, 0, 1, 1),
(68, 5, '2020-01-17 15:01:02', NULL, 'Y', 3, 0, 1, 1),
(69, 9, '2020-01-17 15:05:50', NULL, 'Y', 3, 0, 1, 1),
(70, 5, '2020-01-17 15:14:49', NULL, 'Y', 3, 0, 1, 1),
(71, 11, '2020-01-17 15:17:49', NULL, 'Y', 3, 0, 1, 1),
(71, 12, '2020-01-17 15:17:49', NULL, 'Y', 3, 0, 1, 2),
(72, 56, '2020-01-17 15:46:53', NULL, 'Y', 3, 0, 1, 1),
(73, 56, '2020-01-17 15:54:06', NULL, 'Y', 3, 0, 1, 1),
(74, 56, '2020-01-17 15:57:16', NULL, 'Y', 3, 0, 1, 1),
(75, 56, '2020-01-17 16:00:12', NULL, 'Y', 3, 0, 1, 1),
(76, 20, '2020-01-17 16:30:33', NULL, 'Y', 3, 0, 1, 1),
(77, 75, '2020-01-18 14:06:58', NULL, 'Y', 2, 0, 1, 1),
(77, 80, '2020-01-18 14:06:58', NULL, 'Y', 2, 0, 1, 2),
(78, 79, '2020-01-19 11:05:42', NULL, 'Y', 4, 0, 1, 1),
(78, 81, '2020-01-19 11:05:42', NULL, 'Y', 4, 0, 1, 2),
(78, 82, '2020-01-19 11:05:42', NULL, 'Y', 4, 0, 1, 3),
(79, 79, '2020-01-20 11:39:50', NULL, 'Y', 3, 0, 1, 1),
(79, 81, '2020-01-20 11:39:50', NULL, 'Y', 3, 0, 1, 2),
(79, 82, '2020-01-20 11:39:50', NULL, 'Y', 3, 0, 1, 3),
(80, 10, '2020-02-03 10:45:30', NULL, 'Y', 3, 0, 1, 1),
(81, 30, '2020-02-03 11:27:08', NULL, 'Y', 3, 0, 1, 1),
(82, 83, '2020-02-03 15:04:33', NULL, 'Y', 3, 0, 1, 1),
(83, 40, '2020-02-03 15:46:01', NULL, 'Y', 3, 0, 1, 1),
(83, 41, '2020-02-03 15:46:01', NULL, 'Y', 3, 0, 1, 2),
(84, 84, '2020-02-08 13:57:10', NULL, 'Y', 3, 0, 1, 1),
(84, 85, '2020-02-08 13:57:10', NULL, 'Y', 3, 0, 1, 2),
(85, 62, '2020-02-08 14:31:59', NULL, 'Y', 3, 0, 1, 1),
(85, 63, '2020-02-08 14:31:59', NULL, 'Y', 3, 0, 1, 2),
(86, 15, '2020-02-08 14:50:41', NULL, 'Y', 3, 0, 1, 1);

-- --------------------------------------------------------

--
-- Table structure for table `tbl_sell_detail`
--

DROP TABLE IF EXISTS `tbl_sell_detail`;
CREATE TABLE IF NOT EXISTS `tbl_sell_detail` (
  `sell_id` int(11) NOT NULL,
  `pro_id` int(11) NOT NULL,
  `pro_price` double DEFAULT NULL,
  `pro_sell_price` double DEFAULT NULL,
  `regDt` datetime DEFAULT NULL,
  `upDt` datetime DEFAULT NULL,
  `useYn` varchar(1) DEFAULT NULL,
  `regUsr` int(11) DEFAULT NULL,
  `upUsr` int(11) DEFAULT NULL,
  `com_id` int(11) DEFAULT NULL,
  `pro_sell_price_desc` text,
  `pro_sell_balance_price_desc` text,
  `pro_sell_adv_price_desc` text,
  `pro_sell_time_build` int(11) DEFAULT NULL,
  PRIMARY KEY (`pro_id`,`sell_id`)
) ENGINE=MyISAM DEFAULT CHARSET=utf8;

--
-- Dumping data for table `tbl_sell_detail`
--

INSERT INTO `tbl_sell_detail` (`sell_id`, `pro_id`, `pro_price`, `pro_sell_price`, `regDt`, `upDt`, `useYn`, `regUsr`, `upUsr`, `com_id`, `pro_sell_price_desc`, `pro_sell_balance_price_desc`, `pro_sell_adv_price_desc`, `pro_sell_time_build`) VALUES
(1, 8, NULL, 159000, '2019-10-22 16:38:03', NULL, 'Y', 2, NULL, 1, 'ដប់ប្រាំម៉ឺនប្រាំបួនពាន់', NULL, NULL, 21),
(2, 111, NULL, 99000, '2019-10-23 14:21:16', NULL, 'Y', 3, NULL, 1, 'ប្រាំបួនម៉ឺនប្រាំបួនពាន់', NULL, NULL, 18),
(3, 112, NULL, 99000, '2019-10-23 14:58:36', NULL, 'Y', 3, NULL, 1, 'ប្រាំបួនម៉ឺនប្រាំបួនពាន់', NULL, NULL, 18),
(4, 113, NULL, 99000, '2019-10-23 15:14:17', NULL, 'Y', 3, NULL, 1, 'ប្រាំបួនម៉ឺនប្រាំបួនពាន់', NULL, NULL, 18),
(5, 114, NULL, 99000, '2019-10-23 15:35:16', NULL, 'Y', 3, NULL, 1, 'ប្រាំបួនម៉ឺនប្រាំបួនពាន់', NULL, NULL, 18),
(6, 114, NULL, 99000, '2019-10-23 15:45:36', NULL, 'Y', 3, NULL, 1, 'ប្រាំបួនម៉ឺនប្រាំបួនពាន់', NULL, NULL, 18),
(7, 115, NULL, 99000, '2019-10-24 09:35:08', NULL, 'Y', 3, NULL, 1, 'ប្រាំបួនម៉ឺនប្រាំបួនពាន់', NULL, NULL, 18),
(8, 116, NULL, 122500, '2019-10-24 09:56:48', NULL, 'Y', 3, NULL, 1, 'ដប់ពីរម៉ឺនពីរពាន់ប្រាំរយ', NULL, NULL, 18),
(9, 117, NULL, 99000, '2019-10-24 10:08:18', NULL, 'Y', 3, NULL, 1, 'ប្រាំបួនម៉ឺនប្រាំបួនពាន់', NULL, NULL, 18),
(10, 118, NULL, 99000, '2019-10-24 10:20:40', NULL, 'Y', 3, NULL, 1, 'ប្រាំបួនម៉ឺនប្រាំបួនពាន់', NULL, NULL, 18),
(11, 120, NULL, 111000, '2019-10-24 10:43:30', NULL, 'Y', 3, NULL, 1, 'ដប់មួយម៉ឺនមួយពាន់', NULL, NULL, 18),
(12, 121, NULL, 198000, '2019-10-24 11:10:08', NULL, 'Y', 3, NULL, 1, 'ដប់ប្រាំបួនម៉ឺនប្រាំបីពាន់', NULL, NULL, 18),
(13, 123, NULL, 219000, '2019-10-24 11:20:33', NULL, 'Y', 3, NULL, 1, 'ម្ភៃមួយម៉ឺនប្រាំបួនពាន់', NULL, NULL, 18),
(14, 128, NULL, 125000, '2019-10-24 11:43:01', NULL, 'Y', 3, NULL, 1, 'ដប់ពីរម៉ឺនប្រាំពាន់', NULL, NULL, 18),
(15, 130, NULL, 135000, '2019-10-24 11:59:51', NULL, 'Y', 3, NULL, 1, 'ដប់បីម៉ឺនប្រាំពាន់', NULL, NULL, 21),
(16, 129, NULL, 115000, '2019-10-24 12:12:49', NULL, 'Y', 3, NULL, 1, 'ដប់មួយម៉ឺនប្រាំពាន់', NULL, NULL, 21),
(17, 134, NULL, 125000, '2019-10-24 14:52:59', NULL, 'Y', 3, NULL, 1, 'ដប់ពីរម៉ឺនប្រាំពាន់', NULL, NULL, 21),
(18, 135, NULL, 115000, '2019-10-24 15:07:13', NULL, 'Y', 3, NULL, 1, 'ដប់មួយម៉ឺនប្រាំពាន់', NULL, NULL, 21),
(19, 137, NULL, 135000, '2019-10-24 15:27:27', NULL, 'Y', 3, NULL, 1, 'ដប់បីម៉ឺនប្រាំពាន់', NULL, NULL, 21),
(20, 9, NULL, 135000, '2019-10-28 15:25:33', NULL, 'Y', 3, NULL, 1, 'ដប់បីម៉ឺនប្រាំពាន់', NULL, NULL, 21),
(21, 16, NULL, 120000, '2019-10-28 15:40:02', NULL, 'Y', 3, NULL, 1, 'ដប់ពីរម៉ឺន', NULL, NULL, 21),
(22, 17, NULL, 120000, '2019-10-28 15:53:55', NULL, 'Y', 3, NULL, 1, 'ដប់ពីរម៉ឺន', NULL, NULL, 21),
(23, 5, NULL, 130000, '2019-10-28 16:08:43', NULL, 'Y', 3, NULL, 1, 'ដប់បីម៉ឺន', NULL, NULL, 18),
(24, 5, NULL, 130000, '2019-10-28 16:14:32', NULL, 'Y', 3, NULL, 1, 'ដប់បីម៉ឺន', NULL, NULL, 18),
(25, 14, NULL, 129000, '2019-10-28 16:33:40', NULL, 'Y', 3, NULL, 1, 'ដប់ពីរម៉ឺនប្រាំបួនពាន់', NULL, NULL, 21),
(26, 15, NULL, 129000, '2019-10-28 16:36:19', NULL, 'Y', 3, NULL, 1, 'ដប់ពីរម៉ឺនប្រាំបួនពាន់', NULL, NULL, 21),
(27, 12, NULL, 129000, '2019-10-29 11:42:24', NULL, 'Y', 3, NULL, 1, 'ដប់ពីរម៉ឺនប្រាំបួនពាន់', NULL, NULL, 21),
(28, 139, NULL, 129000, '2019-11-06 16:01:40', NULL, 'Y', 3, NULL, 1, 'ដប់ពីរម៉ឺនប្រាំបួនពាន់', NULL, NULL, 21),
(29, 138, NULL, 139000, '2019-11-19 17:06:29', NULL, 'Y', 3, NULL, 1, 'ដប់បីម៉ឺនប្រាំបួនពាន់', NULL, NULL, 18),
(30, 153, NULL, 115000, '2019-11-20 10:53:12', NULL, 'Y', 3, NULL, 1, 'ដប់មួយម៉ឺនប្រាំ', NULL, NULL, 21),
(31, 152, NULL, 115000, '2019-11-20 10:55:20', NULL, 'Y', 3, NULL, 1, 'ដប់មួយម៉ឺនប្រាំ', NULL, NULL, 21),
(32, 138, NULL, 139000, '2019-11-30 16:19:50', NULL, 'Y', 2, NULL, 1, 'ដប់បីម៉ឺនប្រាំបួនពាន់', NULL, NULL, 21),
(33, 138, NULL, 139000, '2019-11-30 16:26:09', NULL, 'Y', 2, NULL, 1, 'ដប់បីម៉ឺនប្រាំបួនពាន់', NULL, NULL, 21),
(34, 138, NULL, 139000, '2019-12-02 13:02:18', NULL, 'Y', 3, NULL, 1, 'ដប់បីម៉ឺនប្រាំបួនពាន់', NULL, NULL, 21),
(35, 138, NULL, 139000, '2019-12-02 13:11:06', NULL, 'Y', 3, NULL, 1, 'ដប់បីម៉ឺនប្រាំបួនពាន់', NULL, NULL, 21),
(36, 138, NULL, 139000, '2019-12-02 14:21:21', NULL, 'Y', 3, NULL, 1, 'ដប់បីម៉ឺនប្រាំបួនពាន់', NULL, NULL, 21),
(37, 150, NULL, 298000, '2019-12-03 14:22:06', NULL, 'Y', 3, NULL, 1, 'ម្ភៃប្រាំបួនម៉ឺនប្រាំបីពាន់', NULL, NULL, 21),
(38, 150, NULL, 298000, '2019-12-03 16:14:31', NULL, 'Y', 3, NULL, 1, '', NULL, NULL, 21),
(39, 140, NULL, 167000, '2019-12-16 15:02:06', NULL, 'Y', 3, NULL, 1, 'ដប់ប្រាំមួយម៉ឺនប្រាំពីពាន់', NULL, NULL, 21),
(40, 140, NULL, 167000, '2019-12-16 15:05:39', NULL, 'Y', 3, NULL, 1, 'ដប់ប្រាំមួយម៉ឺនប្រាំពីពាន់', NULL, NULL, 21),
(41, 140, NULL, 167000, '2019-12-16 15:13:54', NULL, 'Y', 3, NULL, 1, 'ដប់ប្រាំមួយម៉ឺនប្រាំពីពាន់', NULL, NULL, 21),
(42, 31, NULL, 92900, '2019-12-19 14:56:40', NULL, 'Y', 3, NULL, 1, 'ប្រាំបួនម៉ឺនពីរពាន់ប្រាំបួនរយ', NULL, NULL, 21),
(43, 154, NULL, 75900, '2019-12-19 15:34:05', NULL, 'Y', 3, NULL, 1, 'ប្រាំពីរម៉ឺនប្រាំពាន់ប្រាំបួនរយ', NULL, NULL, 18),
(44, 34, NULL, 97000, '2019-12-21 13:45:55', NULL, 'Y', 3, NULL, 1, 'ប្រាំបួនម៉ឺនប្រាំពីរពាន់', NULL, NULL, 18),
(45, 48, NULL, 104665, '2019-12-21 14:19:05', NULL, 'Y', 3, NULL, 1, 'ដប់ម៉ឺនបួនពាន់ប្រាំមួយរយហុកសិបប្រាំ', NULL, NULL, 18),
(46, 49, NULL, 97000, '2019-12-21 14:50:44', NULL, 'Y', 3, NULL, 1, 'ប្រាំបួនម៉ឺនប្រាំពីរពាន់', NULL, NULL, 18),
(47, 66, NULL, 95215, '2019-12-21 15:31:49', NULL, 'Y', 3, NULL, 1, 'ប្រាំបួនម៉ឺនប្រាំពាន់ពីររយដប់ប្រាំ', NULL, NULL, 18),
(48, 67, NULL, 73900, '2019-12-21 15:39:10', NULL, 'Y', 3, NULL, 1, 'ប្រាំពីរម៉ឺនបីពាន់ប្រាំបួនរយ', NULL, NULL, 18),
(49, 68, NULL, 73900, '2019-12-21 15:42:40', NULL, 'Y', 3, NULL, 1, 'ប្រាំពីរម៉ឺនបីពាន់ប្រាំបួនរយ', NULL, NULL, 18),
(50, 69, NULL, 88900, '2019-12-22 10:32:25', NULL, 'Y', 3, NULL, 1, 'ប្រាំបីម៉ឺនប្រាំបីពាន់ប្រាំបួនរយ', NULL, NULL, 18),
(51, 72, NULL, 73900, '2019-12-22 12:05:23', NULL, 'Y', 3, NULL, 1, 'ប្រាំពីរម៉ឺនបីពាន់ប្រាំបួនរយ', NULL, NULL, 18),
(52, 73, NULL, 73900, '2019-12-22 14:07:11', NULL, 'Y', 3, NULL, 1, 'ប្រាំពីរម៉ឺនបីពាន់ប្រាំបួនរយ', NULL, NULL, 18),
(53, 74, NULL, 92900, '2019-12-22 14:34:20', NULL, 'Y', 3, NULL, 1, 'ប្រាំបួនម៉ឺនពីរពាន់ប្រាំបួនរយ', NULL, NULL, 21),
(54, 76, NULL, 78900, '2019-12-22 14:52:50', NULL, 'Y', 3, NULL, 1, 'ប្រាំពីរម៉ឺនប្រាំបីពាន់ប្រាំបួនរយ', NULL, NULL, 18),
(55, 91, NULL, 101965, '2019-12-23 14:15:14', NULL, 'Y', 3, NULL, 1, 'ដប់ម៉ឺនមួយពាន់ប្រាំបួនរយហុកសិបប្រាំ', NULL, NULL, 18),
(56, 78, NULL, 120015, '2019-12-23 15:45:20', NULL, 'Y', 3, NULL, 1, 'ដប់ពីរម៉ឺនដប់ប្រាំ', NULL, NULL, 18),
(57, 7, NULL, 159000, '2019-12-26 16:21:18', NULL, 'Y', 3, NULL, 1, 'ដប់ប្រាំម៉ឺនប្រាំបួនពាន់', NULL, NULL, 18),
(58, 77, NULL, 101965, '2019-12-27 10:31:41', NULL, 'Y', 3, NULL, 1, 'ដប់ម៉ឺនមួយពាន់ប្រាំបួនរយហុកសិបប្រាំ', NULL, NULL, 18),
(59, 76, NULL, 78900, '2019-12-27 11:21:21', NULL, 'Y', 3, NULL, 1, 'ប្រាំពីរម៉ឺនប្រាំបីពាន់ប្រាំបួនរយ', NULL, NULL, 18),
(60, 30, NULL, 90900, '2019-12-28 10:37:49', NULL, 'Y', 3, NULL, 1, 'ប្រាំបួនម៉ឺនប្រាំបួនរយ', NULL, NULL, 21),
(61, 30, NULL, 90900, '2019-12-28 10:42:11', NULL, 'Y', 3, NULL, 1, 'ប្រាំបួនម៉ឺនប្រាំបួនរយ', NULL, NULL, 21),
(62, 133, NULL, 127000, '2019-12-30 09:43:51', NULL, 'Y', 3, NULL, 1, 'ដប់ពីរម៉ឺនប្រាំពីរពាន់', NULL, NULL, 21),
(63, 148, NULL, 157000, '2020-01-04 16:27:59', NULL, 'Y', 4, NULL, 1, 'ដប់ប្រាំម៉ឺនប្រាំពីរពាន់', NULL, NULL, 21),
(64, 148, NULL, 166000, '2020-01-10 10:09:40', NULL, 'Y', 3, NULL, 1, 'ដប់ប្រាំមួយម៉ឺនប្រាំមួយពាន់', NULL, NULL, 21),
(65, 32, NULL, 80900, '2020-01-16 11:58:08', NULL, 'Y', 3, NULL, 1, 'ប្រាំបីម៉ឺនប្រាំបួនរយ', NULL, NULL, 18),
(66, 109, NULL, 109000, '2020-01-17 11:51:12', NULL, 'Y', 3, NULL, 1, 'ដប់ម៉ឺនប្រាំបួនពាន់', NULL, NULL, 18),
(67, 110, NULL, 99000, '2020-01-17 14:49:17', NULL, 'Y', 3, NULL, 1, 'ប្រាំបួនម៉ឺនប្រាំបួនពាន់', NULL, NULL, 18),
(68, 1, NULL, 130000, '2020-01-17 15:01:02', NULL, 'Y', 3, NULL, 1, 'ដប់បីម៉ឺន', NULL, NULL, 18),
(69, 3, NULL, 85900, '2020-01-17 15:05:50', NULL, 'Y', 3, NULL, 1, 'ប្រាំបីម៉ឺនប្រាំពាន់ប្រាំបួនរយ', NULL, NULL, 18),
(70, 2, NULL, 90000, '2020-01-17 15:14:49', NULL, 'Y', 3, NULL, 1, 'ប្រាំបួនម៉ឺន', NULL, NULL, 18),
(71, 6, NULL, 93900, '2020-01-17 15:17:49', NULL, 'Y', 3, NULL, 1, 'ប្រាំបួនម៉ឺនបីពាន់ប្រាំបួនរយ', NULL, NULL, 18),
(72, 66, NULL, 95215, '2020-01-17 15:46:53', NULL, 'Y', 3, NULL, 1, 'ប្រាំបួនម៉ឺនប្រាំពាន់ពីររយដប់ប្រាំ', NULL, NULL, 18),
(73, 68, NULL, 73900, '2020-01-17 15:54:06', NULL, 'Y', 3, NULL, 1, 'ប្រាំពីរម៉ឺនបីពាន់ប្រាំបួនរយ', NULL, NULL, 18),
(74, 67, NULL, 73900, '2020-01-17 15:57:16', NULL, 'Y', 3, NULL, 1, 'ប្រាំពីរម៉ឺនបីពាន់ប្រាំបួនរយ', NULL, NULL, 18),
(75, 67, NULL, 73900, '2020-01-17 16:00:12', NULL, 'Y', 3, NULL, 1, 'ប្រាំពីរម៉ឺនបីពាន់ប្រាំបួនរយ', NULL, NULL, 18),
(76, 35, NULL, 91000, '2020-01-17 16:30:33', NULL, 'Y', 3, NULL, 1, 'ប្រាំបួនម៉ឺនមួយពាន់', NULL, NULL, 18),
(77, 18, NULL, 140000, '2020-01-18 14:06:58', NULL, 'Y', 2, NULL, 1, 'ដប់បួនម៉ឺន', NULL, NULL, 21),
(78, 151, NULL, 139000, '2020-01-19 11:05:42', NULL, 'Y', 4, NULL, 1, 'ដប់បីម៉ឺនប្រាំបួនពាន់', NULL, NULL, 21),
(79, 151, NULL, 139000, '2020-01-20 11:39:50', NULL, 'Y', 3, NULL, 1, 'ដប់បីម៉ឺនប្រាំបួនពាន់', NULL, NULL, 21),
(80, 5, NULL, 130000, '2020-02-03 10:45:30', NULL, 'Y', 3, NULL, 1, 'ដប់បីម៉ឺន', NULL, NULL, 18),
(81, 119, NULL, 99000, '2020-02-03 11:27:08', NULL, 'Y', 3, NULL, 1, 'ប្រាំបួនម៉ឺនប្រាំបួនពាន់', NULL, NULL, 18),
(82, 125, NULL, 115000, '2020-02-03 15:04:33', NULL, 'Y', 3, NULL, 1, 'ដប់មួយម៉ឺនប្រាំពាន់', NULL, NULL, 18),
(83, 131, NULL, 268000, '2020-02-03 15:46:01', NULL, 'Y', 3, NULL, 1, 'ម្ភៃប្រាំមួយម៉ឺនប្រាំបីពាន់', NULL, NULL, 21),
(84, 71, NULL, 92900, '2020-02-08 13:57:10', NULL, 'Y', 3, NULL, 1, 'ប្រាំបួនម៉ឺនពីរពាន់ប្រាំបួនរយ', NULL, NULL, 21),
(85, 70, NULL, 73900, '2020-02-08 14:31:59', NULL, 'Y', 3, NULL, 1, 'ប្រាំពីរម៉ឺនបីពាន់ប្រាំបួនរយ', NULL, NULL, 18),
(86, 10, NULL, 135000, '2020-02-08 14:50:41', NULL, 'Y', 3, NULL, 1, 'ដប់បីម៉ឺនប្រាំពាន់', NULL, NULL, 21);

-- --------------------------------------------------------

--
-- Table structure for table `tbl_staff`
--

DROP TABLE IF EXISTS `tbl_staff`;
CREATE TABLE IF NOT EXISTS `tbl_staff` (
  `sta_id` int(11) NOT NULL AUTO_INCREMENT,
  `sta_nm` varchar(30) COLLATE utf8_unicode_ci NOT NULL,
  `sta_nm_kh` varchar(30) COLLATE utf8_unicode_ci DEFAULT NULL,
  `sta_gender` varchar(1) COLLATE utf8_unicode_ci NOT NULL,
  `sta_dob` date DEFAULT NULL,
  `sta_photo` text COLLATE utf8_unicode_ci,
  `sta_phone1` varchar(15) COLLATE utf8_unicode_ci DEFAULT NULL,
  `sta_phone2` varchar(15) COLLATE utf8_unicode_ci DEFAULT NULL,
  `sta_email` varchar(50) COLLATE utf8_unicode_ci DEFAULT NULL,
  `sta_addr` text COLLATE utf8_unicode_ci,
  `sta_des` text COLLATE utf8_unicode_ci,
  `sta_start_dt` date DEFAULT NULL,
  `sta_end_dt` date DEFAULT NULL,
  `regDt` datetime DEFAULT NULL,
  `upDt` datetime DEFAULT NULL,
  `useYn` varchar(1) COLLATE utf8_unicode_ci NOT NULL,
  `regUsr` int(11) NOT NULL,
  `upUsr` int(11) NOT NULL,
  `pos_id` int(11) NOT NULL,
  `bra_id` int(11) DEFAULT NULL,
  `com_id` int(11) NOT NULL,
  PRIMARY KEY (`sta_id`)
) ENGINE=InnoDB AUTO_INCREMENT=21 DEFAULT CHARSET=utf8 COLLATE=utf8_unicode_ci;

--
-- Dumping data for table `tbl_staff`
--

INSERT INTO `tbl_staff` (`sta_id`, `sta_nm`, `sta_nm_kh`, `sta_gender`, `sta_dob`, `sta_photo`, `sta_phone1`, `sta_phone2`, `sta_email`, `sta_addr`, `sta_des`, `sta_start_dt`, `sta_end_dt`, `regDt`, `upDt`, `useYn`, `regUsr`, `upUsr`, `pos_id`, `bra_id`, `com_id`) VALUES
(1, 'admin', NULL, '', NULL, NULL, '01023456', NULL, NULL, NULL, NULL, NULL, NULL, '2019-09-13 09:50:01', NULL, 'Y', 0, 0, 1, NULL, 1),
(2, 'Khem Narong', 'ខែមណារ៉ុង', 'F', '1998-01-05', '', '0968795226', '', '', 'Phnom Penh', '', '2019-01-07', '1970-01-01', '2019-09-13 04:47:48', '2019-09-17 14:28:41', 'Y', 2, 2, 2, 0, 1),
(3, 'Test', 'តេសតេ', 'F', '1992-01-01', '', '098767676', '', '', '', '', '2019-06-09', '1970-01-01', '2019-09-13 11:39:22', '2019-09-17 14:28:48', 'N', 2, 2, 2, 0, 1),
(4, 'EamSocheat', 'សុជាតិ', 'F', '1992-01-01', '', '010527752', '', '', 'Phnom Penh', '', '2019-01-09', '1970-01-01', '2019-09-17 15:19:31', NULL, 'Y', 3, 0, 5, 0, 1),
(5, 'Hou Sovannary', 'ហ៊ូ សុវណ្ណារី', 'F', '1994-07-02', '', '0713596209', '0966034659', '', 'Phnom Penh', '', '2019-01-04', '1970-01-01', '2019-09-17 16:35:00', '2019-10-16 13:32:39', 'Y', 3, 3, 9, 0, 1),
(6, 'Sao Nakry', 'សៅ ណាគ្រី', 'F', '1999-04-07', '', '069899800', '089553533', '', '', '', '2018-10-01', '1970-01-01', '2019-10-14 13:11:34', NULL, 'Y', 3, 0, 4, 0, 1),
(7, 'Sok Molika', 'សុខ មលិ្លកា', 'F', '1985-08-15', '', '077788889', '', '', '', '', '2018-02-01', '1970-01-01', '2019-10-14 15:10:52', '2019-10-14 15:13:03', 'Y', 3, 3, 6, 0, 1),
(8, 'Staff', 'បុគ្គលិក', 'F', '2010-01-01', '', '0962327317', '', '', '', '', '2019-01-01', '1970-01-01', '2019-10-14 15:36:29', NULL, 'Y', 3, 0, 4, 0, 1),
(9, 'Heng Channary', 'ហេង ចាន់ណារី', 'F', '2009-07-15', '', '096555555', '', '', '', '', '2019-10-01', '1970-01-01', '2019-10-14 15:58:24', NULL, 'Y', 3, 0, 5, 0, 1),
(10, 'Sok Limheng', 'សុខ លីមហេង', 'M', '1999-04-15', '', '086722664', '089855646', '', '', '', '2019-05-24', '2019-12-24', '2019-10-14 16:04:33', '2020-02-10 10:48:42', 'Y', 3, 4, 4, 0, 1),
(11, 'Chea Chansreyneang', 'ជា ចាន់ស្រីនាង', 'F', '1999-01-01', '', '093465468', '092465468', '', '', '', '2019-11-01', '2020-01-13', '2019-10-14 16:07:04', '2020-02-10 10:49:31', 'Y', 3, 4, 4, 0, 1),
(12, 'Heang Senghour', 'ហ៊ាង សេងហួរ', 'F', '1998-08-07', '', '0962256504', '017615049', '', 'pp', '', '2019-07-22', '1970-01-01', '2019-10-16 13:23:05', NULL, 'Y', 3, 0, 4, 0, 1),
(13, 'Ung Vuthy', 'អ៊ឹង វុទ្ធី', 'M', '1989-01-01', '', '0962188878', '011939979', '', '', '', '2019-09-02', '2019-11-30', '2019-10-16 13:27:56', '2020-02-10 10:49:05', 'Y', 3, 4, 8, 0, 1),
(14, 'Chea Chanheng', 'ជា ចាន់ហេង', 'M', '1992-01-01', '', '0967640609', '0767640609', '', '', '', '2019-09-02', '2020-01-13', '2019-10-16 13:36:26', '2020-02-10 10:50:05', 'Y', 3, 4, 7, 0, 1),
(15, 'ngeng Mothona', 'ង៉េង មិថុនា', 'M', '1977-04-15', '', '0974723333', '', '', 'ភ្នំពេញ', '', '2019-01-01', '1970-01-01', '2019-10-23 14:10:19', NULL, 'Y', 3, 0, 5, 0, 1),
(16, 'Cheng Penghab', 'ចេង ប៉េងហាប់', 'M', '1982-06-12', '', '012671111', '', '', 'ភ្នំពេញ', '', '2019-01-01', '1970-01-01', '2019-10-24 11:31:32', NULL, 'Y', 3, 0, 5, 0, 1),
(17, 'Yong Bunna', 'យ៉ុន ប៉ុនណា', 'M', '1991-01-01', '', '012220420', '', '', 'ភ្នំពេញ', '', '2019-01-01', '1970-01-01', '2019-10-24 14:46:32', NULL, 'Y', 3, 0, 5, 0, 1),
(18, 'Mean Tong', 'មាន តុង', 'M', '1978-05-05', '', '0', '', '', '', '', '2019-01-01', '1970-01-01', '2020-01-08 10:54:40', NULL, 'Y', 3, 0, 11, 0, 1),
(19, 'Heng Piseth', 'ហេង​ ពិសិដ្ឋ', 'M', '1980-01-01', '', '017678889', '', 'tackle_on_u@yahoo.com', '', '', '2019-02-01', '1970-01-01', '2020-01-17 11:06:17', NULL, 'Y', 3, 0, 12, 0, 1),
(20, 'Thou Saroeun', 'ធូ សារឿន', 'M', '1981-01-02', '', '012323217', '081383815', '', 'ព្រែកជ្រៃ', '', '2019-02-01', '1970-01-01', '2020-02-10 10:41:44', '2020-02-26 09:43:19', 'Y', 4, 3, 13, 0, 1);

-- --------------------------------------------------------

--
-- Table structure for table `tbl_supplier`
--

DROP TABLE IF EXISTS `tbl_supplier`;
CREATE TABLE IF NOT EXISTS `tbl_supplier` (
  `sup_id` int(11) NOT NULL AUTO_INCREMENT,
  `sup_nm` varchar(30) COLLATE utf8_unicode_ci NOT NULL,
  `sup_phone` varchar(50) COLLATE utf8_unicode_ci DEFAULT NULL,
  `sup_email` varchar(50) COLLATE utf8_unicode_ci DEFAULT NULL,
  `sup_addr` text COLLATE utf8_unicode_ci,
  `sup_des` text COLLATE utf8_unicode_ci,
  `sup_cont` varchar(30) COLLATE utf8_unicode_ci DEFAULT NULL,
  `regDt` datetime DEFAULT NULL,
  `upDt` datetime DEFAULT NULL,
  `useYn` varchar(1) COLLATE utf8_unicode_ci NOT NULL,
  `regUsr` int(11) NOT NULL,
  `upUsr` int(11) NOT NULL,
  `com_id` int(11) NOT NULL,
  `sup_nm_kh` varchar(100) COLLATE utf8_unicode_ci DEFAULT NULL,
  PRIMARY KEY (`sup_id`)
) ENGINE=InnoDB AUTO_INCREMENT=61 DEFAULT CHARSET=utf8 COLLATE=utf8_unicode_ci;

--
-- Dumping data for table `tbl_supplier`
--

INSERT INTO `tbl_supplier` (`sup_id`, `sup_nm`, `sup_phone`, `sup_email`, `sup_addr`, `sup_des`, `sup_cont`, `regDt`, `upDt`, `useYn`, `regUsr`, `upUsr`, `com_id`, `sup_nm_kh`) VALUES
(1, 'Garden 168', '010234567', '', 'Phnom Penh', 'A', NULL, '2019-09-13 16:26:22', '2019-09-15 00:07:48', 'Y', 2, 0, 1, 'សួនផ្ការ១៦៨'),
(2, 'None', '0', '', '0', '', NULL, '2019-12-27 13:38:03', NULL, 'Y', 3, 0, 1, 'None'),
(3, 'ចែប៉ុច', '0', '', 'ភ្នំពេញ', '', NULL, '2020-01-08 10:25:07', NULL, 'Y', 3, 0, 1, 'ចែប៉ុច'),
(4, 'Multi Solution Cambodia', '0', '', '0', '', NULL, '2020-01-13 14:59:57', '2020-01-13 15:00:13', 'Y', 3, 0, 1, 'Multi Solution Cambodia'),
(5, 'SOKKHA LAW OFFICE', '0', '', 'ក្បែរវិមានឯករាជ្យ', '', NULL, '2020-01-13 15:15:23', NULL, 'Y', 3, 0, 1, 'SOKKHA LAW OFFICE'),
(6, 'ឌី សុខលាង', '0', '', 'ភ្នំពេញ', '', NULL, '2020-01-13 16:42:27', NULL, 'Y', 3, 0, 1, 'ឌី សុខលាង'),
(7, 'LH Supply', '0', '', 'ភ្នំពេញ', '', NULL, '2020-01-13 16:47:33', NULL, 'Y', 3, 0, 1, 'LH Supply'),
(8, 'ថេត ស៊ីដែត', '0', '', 'ភ្នំពេញ', '', NULL, '2020-01-13 16:51:49', NULL, 'Y', 3, 0, 1, 'ថេត ស៊ីដែត'),
(9, 'TC Surveying', '0', '', 'ភ្នំពេញ', '', NULL, '2020-01-14 14:27:18', NULL, 'Y', 3, 0, 1, 'TC Surveying'),
(10, 'CK', '', '', 'PP', '', NULL, '2020-02-01 14:35:34', NULL, 'Y', 2, 0, 1, 'CK'),
(11, 'Dala Computer', '', '', 'PP', '', NULL, '2020-02-01 14:36:02', NULL, 'Y', 2, 0, 1, 'Dala Computer'),
(12, 'Multi Solution cambodia', '', '', '', '', NULL, '2020-02-01 14:38:10', '2020-02-02 09:15:44', 'N', 2, 0, 1, 'Multi Solution cambodia'),
(13, 'SOKHA LAW OFFICE', '', '', '', '', NULL, '2020-02-01 14:38:52', NULL, 'Y', 2, 0, 1, 'SOKHA LAW OFFICE'),
(14, 'គ្រីលីម', '', '', '', '', NULL, '2020-02-01 14:39:25', NULL, 'Y', 2, 0, 1, 'គ្រីលីម'),
(15, 'ឆេង​គង់', '', '', '', '', NULL, '2020-02-01 14:40:05', NULL, 'Y', 2, 0, 1, 'ឆេង​គង់'),
(16, 'ជា ចំរុង', '', '', '', '', NULL, '2020-02-01 14:40:34', NULL, 'Y', 2, 0, 1, 'ជា ចំរុង'),
(17, 'ដេប៉ូតេលា ឆេកូ', '', '', '', '', NULL, '2020-02-01 14:40:57', NULL, 'Y', 2, 0, 1, 'ដេប៉ូតេលា ឆេកូ'),
(18, 'មាស​ សុភិន', '', '', '', '', NULL, '2020-02-01 14:41:23', NULL, 'Y', 2, 0, 1, 'មាស​ សុភិន'),
(19, 'លី ស៊ីវលីង', '', '', '', '', NULL, '2020-02-01 14:41:45', NULL, 'Y', 2, 0, 1, 'លី ស៊ីវលីង'),
(20, 'វិសាខា', '', '', '', '', NULL, '2020-02-01 14:42:06', NULL, 'Y', 2, 0, 1, 'វិសាខា'),
(21, 'សាង វាសនា', '', '', '', '', NULL, '2020-02-01 14:42:30', NULL, 'Y', 2, 0, 1, 'សាង វាសនា'),
(22, 'BAR MOIN CHAIR STATION', '', '', '', '', NULL, '2020-02-01 14:45:59', NULL, 'Y', 2, 0, 1, 'BAR MOIN CHAIR STATION'),
(23, 'Global umbrellas', '', '', '', '', NULL, '2020-02-01 14:46:22', NULL, 'Y', 2, 0, 1, 'Global umbrellas'),
(24, 'IBC', '', '', '', '', NULL, '2020-02-01 14:47:24', NULL, 'Y', 2, 0, 1, 'IBC'),
(25, 'iBC International Book', '', '', '', '', NULL, '2020-02-01 14:47:45', NULL, 'Y', 2, 0, 1, 'iBC International Book'),
(26, 'KSL Printer', '', '', '', '', NULL, '2020-02-01 14:48:18', NULL, 'Y', 2, 0, 1, 'KSL Printer'),
(27, 'LH Supply', '', '', '', '', NULL, '2020-02-01 14:48:55', '2020-02-01 15:34:43', 'N', 2, 0, 1, 'LH Supply'),
(28, 'Luky', '', '', '', '', NULL, '2020-02-01 14:49:19', NULL, 'Y', 2, 0, 1, 'Luky'),
(29, 'LY LEANGKIM DIGITAL PRINTING', '', '', '', '', NULL, '2020-02-01 14:49:44', NULL, 'Y', 2, 0, 1, 'LY LEANGKIM DIGITAL PRINTING'),
(30, 'Material', '', '', '', '', NULL, '2020-02-01 14:50:22', NULL, 'Y', 2, 0, 1, 'Material'),
(31, 'MSC', '', '', '', '', NULL, '2020-02-01 14:50:41', NULL, 'Y', 2, 0, 1, 'MSC'),
(32, 'Property Area Asai', '', '', '', '', NULL, '2020-02-01 14:51:07', '2020-02-26 15:19:12', 'Y', 2, 0, 1, 'Property Area Asai'),
(33, 'Psar Prekchrey', '', '', '', '', NULL, '2020-02-01 14:51:57', NULL, 'Y', 2, 0, 1, 'Psar Prekchrey'),
(34, 'S N Service', '', '', '', '', NULL, '2020-02-01 14:52:31', NULL, 'Y', 2, 0, 1, 'S N Service'),
(35, 'Station Total Baku', '', '', '', '', NULL, '2020-02-01 14:53:19', NULL, 'Y', 2, 0, 1, 'Station Total Baku'),
(36, 'Tax depart ment', '', '', '', '', NULL, '2020-02-01 14:53:47', NULL, 'Y', 2, 0, 1, 'Tax depart ment'),
(37, 'TC Surveying', '', '', '', '', NULL, '2020-02-01 14:54:18', '2020-02-01 15:36:10', 'N', 2, 0, 1, 'TC Surveying'),
(38, 'Tela', '', '', '', '', NULL, '2020-02-01 14:54:36', NULL, 'Y', 2, 0, 1, 'Tela'),
(39, 'Tiger Art and Advertising', '', '', '', '', NULL, '2020-02-01 14:54:59', NULL, 'Y', 2, 0, 1, 'Tiger Art and Advertising'),
(40, 'កន្ត្រៃទេព កាត់ដែរ', '', '', '', '', NULL, '2020-02-01 14:55:19', NULL, 'Y', 2, 0, 1, 'កន្ត្រៃទេព កាត់ដែរ'),
(41, 'ជុំ សុផៃ', '', '', '', '', NULL, '2020-02-01 14:56:16', NULL, 'Y', 2, 0, 1, 'ជុំ សុផៃ'),
(42, 'ឌី សុខលាង', '', '', '', '', NULL, '2020-02-01 14:56:36', '2020-02-01 15:33:49', 'N', 2, 0, 1, 'ឌី សុខលាង'),
(43, 'តាំង យីន', '', '', '', '', NULL, '2020-02-01 14:57:00', NULL, 'Y', 2, 0, 1, 'តាំង យីន'),
(44, 'តាំង សាំងហាក់', '', '', '', '', NULL, '2020-02-01 14:57:19', NULL, 'Y', 2, 0, 1, 'តាំង សាំងហាក់'),
(45, 'ថេត ស៊ីដែត', '', '', '', '', NULL, '2020-02-01 14:57:41', '2020-02-01 15:35:22', 'N', 2, 0, 1, 'ថេត ស៊ីដែត'),
(46, 'ពិភពឆ័ត្រ', '', '', '', '', NULL, '2020-02-01 14:58:05', NULL, 'Y', 2, 0, 1, 'ពិភពឆ័ត្រ'),
(47, 'ពិភពសាច់អាំង១', '', '', '', '', NULL, '2020-02-01 14:58:24', NULL, 'Y', 2, 0, 1, 'ពិភពសាច់អាំង១'),
(48, 'លាភ ហេង', '', '', '', '', NULL, '2020-02-01 14:59:39', NULL, 'Y', 2, 0, 1, 'លាភ ហេង'),
(49, 'វណ្ណធា វាំងនន', '', '', '', '', NULL, '2020-02-01 15:00:01', NULL, 'Y', 2, 0, 1, 'វណ្ណធា វាំងនន'),
(50, 'សេង ម៉េងហ៊ាង', '', '', '', '', NULL, '2020-02-01 15:00:23', NULL, 'Y', 2, 0, 1, 'សេង ម៉េងហ៊ាង'),
(51, 'ឡិន​សិទ្ធារី', '', '', '', '', NULL, '2020-02-01 15:00:47', NULL, 'Y', 2, 0, 1, 'ឡិន​សិទ្ធារី'),
(52, 'អគ្គនាយកដ្ឋានពន្ធដារ', '', '', '', '', NULL, '2020-02-01 15:00:59', NULL, 'Y', 2, 0, 1, 'អគ្គនាយកដ្ឋានពន្ធដារ'),
(53, 'លី​ ស៊ីវលីង', '', '', '', '', NULL, '2020-02-01 15:28:20', NULL, 'Y', 2, 0, 1, 'លី​ ស៊ីវលីង'),
(54, 'Yean Vanna', '', '', '', '', NULL, '2020-02-20 14:29:15', NULL, 'Y', 4, 0, 1, 'យ៉ាន វ៉ានណា'),
(55, 'HONGDA COLTD', '', '', '', '', NULL, '2020-02-20 14:50:10', NULL, 'Y', 4, 0, 1, 'ក្រុមហ៊ុនហុងដា'),
(56, 'HOU SOVANNARY', '092219709', '', '', '', NULL, '2020-02-20 14:52:36', NULL, 'Y', 4, 0, 1, 'ហ៊ូ​ សុវណ្ណារី'),
(57, 'Mean Tong', '', '', '', '', NULL, '2020-02-20 14:55:01', NULL, 'Y', 4, 0, 1, 'មាន​តុង'),
(58, 'CAMINCO INSURANCE', '0', '', '', '', NULL, '2020-02-26 15:15:25', NULL, 'Y', 3, 0, 1, 'កាមិនកូ'),
(59, 'Realestate.com.kh', '', '', '', '', NULL, '2020-02-26 15:20:57', NULL, 'Y', 3, 0, 1, 'Realestate.com.kh'),
(60, 'OISHI BUFFET', '', '', '', '', NULL, '2020-02-26 15:23:21', NULL, 'Y', 3, 0, 1, 'OISHI BUFFET');

-- --------------------------------------------------------

--
-- Table structure for table `tbl_user`
--

DROP TABLE IF EXISTS `tbl_user`;
CREATE TABLE IF NOT EXISTS `tbl_user` (
  `usr_id` int(11) NOT NULL AUTO_INCREMENT,
  `usr_nm` varchar(30) COLLATE utf8_unicode_ci NOT NULL,
  `usr_pwd` text COLLATE utf8_unicode_ci NOT NULL,
  `usr_wri_yn` varchar(1) COLLATE utf8_unicode_ci NOT NULL,
  `usr_menu` text COLLATE utf8_unicode_ci,
  `regDt` datetime DEFAULT NULL,
  `upDt` datetime DEFAULT NULL,
  `useYn` varchar(1) COLLATE utf8_unicode_ci NOT NULL,
  `regUsr` int(11) NOT NULL,
  `upUsr` int(11) NOT NULL,
  `sta_id` int(11) NOT NULL,
  `com_id` int(11) NOT NULL,
  `usr_str` varchar(1) COLLATE utf8_unicode_ci DEFAULT NULL,
  `usr_edit_yn` varchar(1) COLLATE utf8_unicode_ci DEFAULT NULL,
  PRIMARY KEY (`usr_id`)
) ENGINE=InnoDB AUTO_INCREMENT=7 DEFAULT CHARSET=utf8 COLLATE=utf8_unicode_ci;

--
-- Dumping data for table `tbl_user`
--

INSERT INTO `tbl_user` (`usr_id`, `usr_nm`, `usr_pwd`, `usr_wri_yn`, `usr_menu`, `regDt`, `upDt`, `useYn`, `regUsr`, `upUsr`, `sta_id`, `com_id`, `usr_str`, `usr_edit_yn`) VALUES
(1, 'admin', 'jrwt8jhu+GKexkqTwm9oJ4v0BFvopM86nBjcOqTUQb+Fcawzq8ur/n5JR85YHGbFu/oCHUs5x6ykhqGwYMmCHA==', 'Y', NULL, '2019-09-13 09:38:22', NULL, 'N', 0, 0, 12, 1, 'Y', 'Y'),
(2, 'admin', 'cdbzgZxByB1c//uZmctwwk8JSLgJDZSuDjpSUhhhVotNkdfAHL/U9x4D9+dvXeauf65b+vA2dcEegeE/41H69Q==', 'Y', NULL, '2019-09-13 09:50:01', NULL, 'Y', 0, 0, 1, 1, 'Y', 'Y'),
(3, 'narong', 'oMQ7aCwfRKQxkoOik4o93ay/M0Jm9wHhZyYSGNkGEHh+zxDv7lpzE5gwyOOCMDf4RNzlT83w5M7NwAuPcFeSdQ==', 'Y', NULL, '2020-01-22 13:27:30', '2020-01-22 13:27:30', 'Y', 2, 2, 2, 1, 'Y', 'Y'),
(4, 'vannary', 'IKpwREuYUIIAa6vYNDH91n1Xm6kiI38VB5cY6Z43iTEPkvOSJ3oyixcv5a0fBaPhe46K/+h7+YGyHtjZq4Nfog==', 'Y', NULL, '2020-01-17 11:18:08', '2020-01-17 11:18:08', 'Y', 2, 3, 5, 1, 'Y', 'Y'),
(5, 'ហេង​ ពិសិដ្ឋ', 'Fs3MMvToEp8jbY71IU5Zl6pxP3SJfTNp981hkWXEuhBDo362XvD+bJiwplBSmIuG+XkEKAnHmICw8lO+SVwHPg==', 'Y', NULL, '2020-01-17 11:07:35', NULL, 'Y', 3, 0, 19, 1, 'Y', 'N'),
(6, 'សៅ ណាគ្រី', 'Ov44knRcEWx51YNkPG3YJNTQbkyyVtwk0LZPGBVB1ZA6ow5VbjYNldhrE0Bpi0UjOE6p4bodJRDZ5sDXR3szRg==', 'Y', NULL, '2020-01-17 11:11:46', '2020-01-17 11:11:46', 'Y', 3, 3, 6, 1, 'Y', 'N');
COMMIT;

/*!40101 SET CHARACTER_SET_CLIENT=@OLD_CHARACTER_SET_CLIENT */;
/*!40101 SET CHARACTER_SET_RESULTS=@OLD_CHARACTER_SET_RESULTS */;
/*!40101 SET COLLATION_CONNECTION=@OLD_COLLATION_CONNECTION */;
